
elastix is started at Wed Apr 15 11:54:03 2026.

which elastix:   C:\software\elastix-5.1.0-win64\elastix.exe
  elastix version: 5.1.0
  Git revision SHA: d652938573e5f193955908eba225a854b31ce36a
  Git revision date: Thu Jan 12 14:20:18 2023 +0100
  Build date: Jan 12 2023 13:52:33
  Compiler: Visual C++ version 192930147.0
  Memory address size: 64-bit
  CMake version: 3.18.3
  ITK version: 5.3.0

Command-line arguments: 
  -f fixed.mhd -m moving.mhd -p Parameters_Similarity.txt -out .

elastix runs at: LAPTOP-VH895HCI
  Windows  Personal (x64),  (Build 9200)
  with 32182 MB memory, and 16 cores @ 3072 MHz.
-------------------------------------------------------------------------

Running elastix with parameter file 0: "Parameters_Similarity.txt".

Current time: Wed Apr 15 11:54:03 2026.
Reading the elastix parameters from file ...

Installing all components.
InstallingComponents was successful.

ELASTIX version: 5.1.0
Command line options from ElastixBase:
-f        fixed.mhd
-m        moving.mhd
-fMask    unspecified, so no fixed mask used
-mMask    unspecified, so no moving mask used
-out      .\
-p        Parameters_Similarity.txt
-priority unspecified, so NORMAL process priority
-threads  unspecified, so all available threads are used
Command line options from TransformBase:
-t0       unspecified, so no initial transform used

=============== start of ParameterFile: Parameters_Similarity.txt ===============
// Example parameter file for rotation registration
// C-style comments: //

// The internal pixel type, used for internal computations
// Leave to float in general. 
// NB: this is not the type of the input images! The pixel 
// type of the input images is automatically read from the 
// images themselves.
// This setting can be changed to "short" to save some memory
// in case of very large 3D images.
(FixedInternalImagePixelType "float")
(MovingInternalImagePixelType "float")

// The dimensions of the fixed and moving image
// NB: This has to be specified by the user. The dimension of
// the images is currently NOT read from the images.
// Also note that some other settings may have to specified
// for each dimension separately.
(FixedImageDimension 2)
(MovingImageDimension 2)

// Specify whether you want to take into account the so-called
// direction cosines of the images. Recommended: true.
// In some cases, the direction cosines of the image are corrupt,
// due to image format conversions for example. In that case, you 
// may want to set this option to "false".
(UseDirectionCosines "true")

// **************** Main Components **************************

// The following components should usually be left as they are:
(Registration "MultiResolutionRegistration")
(Interpolator "BSplineInterpolator")
(ResampleInterpolator "FinalBSplineInterpolator")
(Resampler "DefaultResampler")

// These may be changed to Fixed/MovingSmoothingImagePyramid.
// See the manual.
(FixedImagePyramid "FixedRecursiveImagePyramid")
(MovingImagePyramid "MovingRecursiveImagePyramid")
//(FixedImagePyramid "FixedSmoothingImagePyramid")
//(MovingImagePyramid "MovingSmoothingImagePyramid")

// The following components are most important:
// The optimizer AdaptiveStochasticGradientDescent (ASGD) works
// quite ok in general. The Transform and Metric are important
// and need to be chosen careful for each application. See manual.
(Optimizer "AdaptiveStochasticGradientDescent")
(Transform "SimilarityTransform")
(Metric "AdvancedMattesMutualInformation")

// ***************** Transformation **************************

// Scales the rotations compared to the translations, to make
// sure they are in the same range. In general, it's best to  
// use automatic scales estimation:
(AutomaticScalesEstimation "true")

// Automatically guess an initial translation by aligning the
// geometric centers of the fixed and moving.
(AutomaticTransformInitialization "true")

// Whether transforms are combined by composition or by addition.
// In generally, Compose is the best option in most cases.
// It does not influence the results very much.
(HowToCombineTransforms "Compose")

// ******************* Similarity measure *********************

// Number of grey level bins in each resolution level,
// for the mutual information. 16 or 32 usually works fine.
// You could also employ a hierarchical strategy:
//(NumberOfHistogramBins 16 32 64)
(NumberOfHistogramBins 32)

// If you use a mask, this option is important. 
// If the mask serves as region of interest, set it to false.
// If the mask indicates which pixels are valid, then set it to true.
// If you do not use a mask, the option doesn't matter.
(ErodeMask "false")

// ******************** Multiresolution **********************

// The number of resolutions. 1 Is only enough if the expected
// deformations are small. 3 or 4 mostly works fine. For large
// images and large deformations, 5 or 6 may even be useful.
//(NumberOfResolutions 4)
(NumberOfResolutions 8)

// The downsampling/blurring factors for the image pyramids.
// By default, the images are downsampled by a factor of 2
// compared to the next resolution.
// So, in 2D, with 4 resolutions, the following schedule is used:
//(ImagePyramidSchedule 8 8  4 4  2 2  1 1 )
// And in 3D:
//(ImagePyramidSchedule 8 8 8  4 4 4  2 2 2  1 1 1 )
// You can specify any schedule, for example:
//(ImagePyramidSchedule 4 4  4 3  2 1  1 1 )
// Make sure that the number of elements equals the number
// of resolutions times the image dimension.

// ******************* Optimizer ****************************

// Maximum number of iterations in each resolution level:
// 200-500 works usually fine for rigid registration.
// For more robustness, you may increase this to 1000-2000.
//(MaximumNumberOfIterations 250)
(MaximumNumberOfIterations 1000)

// The step size of the optimizer, in mm. By default the voxel size is used.
// which usually works well. In case of unusual high-resolution images
// (eg histology) it is necessary to increase this value a bit, to the size
// of the "smallest visible structure" in the image:
//(MaximumStepLength 1.0)

// **************** Image sampling **********************

// Number of spatial samples used to compute the mutual
// information (and its derivative) in each iteration.
// With an AdaptiveStochasticGradientDescent optimizer,
// in combination with the two options below, around 2000
// samples may already suffice.
(NumberOfSpatialSamples 2048)

// Refresh these spatial samples in every iteration, and select
// them randomly. See the manual for information on other sampling
// strategies.
(NewSamplesEveryIteration "true")
(ImageSampler "Random")

// ************* Interpolation and Resampling ****************

// Order of B-Spline interpolation used during registration/optimisation.
// It may improve accuracy if you set this to 3. Never use 0.
// An order of 1 gives linear interpolation. This is in most 
// applications a good choice.
(BSplineInterpolationOrder 1)

// Order of B-Spline interpolation used for applying the final
// deformation.
// 3 gives good accuracy; recommended in most cases.
// 1 gives worse accuracy (linear interpolation)
// 0 gives worst accuracy, but is appropriate for binary images
// (masks, segmentations); equivalent to nearest neighbor interpolation.
(FinalBSplineInterpolationOrder 3)

//Default pixel value for pixels that come from outside the picture:
(DefaultPixelValue 0)

// Choose whether to generate the deformed moving image.
// You can save some time by setting this to false, if you are
// only interested in the final (nonrigidly) deformed moving image
// for example.
(WriteResultImage "true")

// The pixel type and format of the resulting deformed moving image
(ResultImagePixelType "short")
(ResultImageFormat "mhd")




=============== end of ParameterFile: Parameters_Similarity.txt ===============


Reading images...
Reading images took 12 ms.

WARNING: the fixed pyramid schedule is not fully specified!
  A default pyramid schedule is used.
WARNING: the moving pyramid schedule is not fully specified!
  A default pyramid schedule is used.
WARNING: The parameter "AutomaticTransformInitializationMethod", requested at entry number 0, does not exist at all.
  The default value "GeometricalCenter" is used instead.
Transform parameters are initialized as: [1, 0, 0, 0]
Scales are estimated automatically.
Scales for transform parameters are: [358031.5, 358031.5, 1, 1]
Initialization of all components (before registration) took: 2 ms.
Preparation of the image pyramids took: 35 ms.

Resolution: 0
WARNING: The parameter "ShowExactMetricValue", requested at entry number 0, does not exist at all.
  The default value "false" is used instead.
WARNING: The parameter "CheckNumberOfSamples", requested at entry number 0, does not exist at all.
  The default value "true" is used instead.
WARNING: The parameter "UseMultiThreadingForMetrics", requested at entry number 0, does not exist at all.
  The default value "true" is used instead.
Setting the fixed masks took: 0 ms.
Setting the moving masks took: 0 ms.
WARNING: The parameter "NumberOfFixedHistogramBins", requested at entry number 0, does not exist at all.
  The default value "32" is used instead.
WARNING: The parameter "NumberOfMovingHistogramBins", requested at entry number 0, does not exist at all.
  The default value "32" is used instead.
WARNING: The parameter "FixedLimitRangeRatio", requested at entry number 0, does not exist at all.
  The default value "0.01" is used instead.
WARNING: The parameter "MovingLimitRangeRatio", requested at entry number 0, does not exist at all.
  The default value "0.01" is used instead.
WARNING: The parameter "FixedKernelBSplineOrder", requested at entry number 0, does not exist at all.
  The default value "0" is used instead.
WARNING: The parameter "MovingKernelBSplineOrder", requested at entry number 0, does not exist at all.
  The default value "3" is used instead.
WARNING: The parameter "UseFastAndLowMemoryVersion", requested at entry number 0, does not exist at all.
  The default value "true" is used instead.
WARNING: The parameter "UseJacobianPreconditioning", requested at entry number 0, does not exist at all.
  The default value "false" is used instead.
WARNING: The parameter "FiniteDifferenceDerivative", requested at entry number 0, does not exist at all.
  The default value "false" is used instead.
WARNING: The parameter "SP_A", requested at entry number 0, does not exist at all.
  The default value "20" is used instead.
WARNING: The parameter "MaximumNumberOfSamplingAttempts", requested at entry number 0, does not exist at all.
  The default value "0" is used instead.
WARNING: The parameter "SigmoidInitialTime", requested at entry number 0, does not exist at all.
  The default value "0" is used instead.
WARNING: The parameter "MaxBandCovSize", requested at entry number 0, does not exist at all.
  The default value "192" is used instead.
WARNING: The parameter "NumberOfBandStructureSamples", requested at entry number 0, does not exist at all.
  The default value "10" is used instead.
WARNING: The parameter "UseAdaptiveStepSizes", requested at entry number 0, does not exist at all.
  The default value "true" is used instead.
WARNING: The parameter "AutomaticParameterEstimation", requested at entry number 0, does not exist at all.
  The default value "true" is used instead.
WARNING: The parameter "UseConstantStep", requested at entry number 0, does not exist at all.
  The default value "false" is used instead.
WARNING: The parameter "MaximumStepLengthRatio", requested at entry number 0, does not exist at all.
  The default value "1" is used instead.
WARNING: The parameter "MaximumStepLength", requested at entry number 0, does not exist at all.
  The default value "1" is used instead.
WARNING: The parameter "NumberOfGradientMeasurements", requested at entry number 0, does not exist at all.
  The default value "0" is used instead.
WARNING: The parameter "NumberOfJacobianMeasurements", requested at entry number 0, does not exist at all.
  The default value "1000" is used instead.
WARNING: The parameter "NumberOfSamplesForExactGradient", requested at entry number 0, does not exist at all.
  The default value "100000" is used instead.
WARNING: The parameter "SigmoidScaleFactor", requested at entry number 0, does not exist at all.
  The default value "0.1" is used instead.
Elastix initialization of all components (for this resolution) took: 1 ms.
  Computing the fixed image extrema took 0 ms.
  Computing the moving image extrema took 0 ms.
Initialization of AdvancedMattesMutualInformation metric took: 0 ms.
Starting automatic parameter estimation for AdaptiveStochasticGradientDescent ...
WARNING: The parameter "ASGDParameterEstimationMethod", requested at entry number 0, does not exist at all.
  The default value "Original" is used instead.
  Computing JacobianTerms ...
  Computing the Jacobian terms took 0.000071s
  NumberOfGradientMeasurements to estimate sigma_i: 9
  Sampling gradients ...
  Sampling the gradients took 0.009740s
Automatic parameter estimation took 0.01s
1:ItNr	2:Metric	3a:Time	3b:StepSize	4:||Gradient||	Time[ms]
0	-1.523992	0.000000	145.398283	0.003283	12.0
1	-1.551281	0.000000	145.398283	0.003659	0.6
2	-1.534487	1.000000	138.789270	0.002076	0.5
3	-1.542532	2.000000	132.754954	0.001750	0.5
4	-1.544995	1.919680	133.220185	0.001341	0.5
5	-1.541419	1.839359	133.688687	0.001607	0.6
6	-1.538011	1.759039	134.160497	0.001436	0.5
7	-1.556787	1.678718	134.635648	0.002097	0.5
8	-1.552487	1.598398	135.114177	0.001736	0.5
9	-1.552988	1.518078	135.596120	0.001704	0.5
10	-1.538076	1.437757	136.081513	0.001761	0.5
11	-1.527670	1.357437	136.570394	0.001956	0.6
12	-1.565279	1.277116	137.062800	0.001881	0.6
13	-1.516356	1.196796	137.558770	0.001703	0.7
14	-1.545362	1.116476	138.058342	0.002085	0.6
15	-1.576658	1.036155	138.561556	0.001495	0.6
16	-1.561292	0.955835	139.068452	0.001564	0.6
17	-1.552643	0.875514	139.579070	0.001612	0.6
18	-1.544513	0.795194	140.093451	0.002496	0.5
19	-1.556627	0.714874	140.611638	0.001698	0.6
20	-1.554531	0.634553	141.133673	0.001813	0.5
21	-1.583101	0.554233	141.659598	0.002006	0.5
22	-1.549177	0.473912	142.189457	0.002155	0.6
23	-1.569028	0.393592	142.723295	0.001841	0.5
24	-1.542829	0.313272	143.261157	0.001522	0.5
25	-1.572115	0.232951	143.803088	0.001568	0.5
26	-1.564663	0.152631	144.349135	0.001594	0.5
27	-1.570418	0.072310	144.899344	0.002491	0.5
28	-1.524328	0.000000	145.398283	0.001622	0.5
29	-1.559140	0.000000	145.398283	0.001303	0.5
30	-1.540612	0.000000	145.398283	0.002108	0.5
31	-1.540260	0.000000	145.398283	0.002278	0.5
32	-1.542214	0.000000	145.398283	0.001645	0.5
33	-1.525540	0.000000	145.398283	0.001753	0.5
34	-1.561149	0.000000	145.398283	0.001438	0.6
35	-1.522393	0.000000	145.398283	0.001758	0.6
36	-1.534875	0.000000	145.398283	0.001342	0.7
37	-1.571597	0.000000	145.398283	0.001807	0.6
38	-1.543574	0.000000	145.398283	0.001381	0.5
39	-1.550536	0.000000	145.398283	0.001722	0.6
40	-1.570318	0.000000	145.398283	0.001656	0.5
41	-1.526058	0.000000	145.398283	0.001826	0.5
42	-1.549591	0.000000	145.398283	0.001471	0.6
43	-1.536657	0.000000	145.398283	0.001667	0.5
44	-1.561940	0.000000	145.398283	0.001274	0.5
45	-1.568774	0.000000	145.398283	0.001353	0.6
46	-1.531693	0.000000	145.398283	0.001128	0.5
47	-1.547853	0.000000	145.398283	0.001648	0.5
48	-1.537296	0.000000	145.398283	0.001211	0.5
49	-1.562177	0.000000	145.398283	0.001495	0.5
50	-1.572514	0.000000	145.398283	0.001503	0.5
51	-1.574130	0.000000	145.398283	0.001743	0.5
52	-1.521121	0.000000	145.398283	0.001462	0.5
53	-1.558070	0.000000	145.398283	0.001861	0.5
54	-1.560104	0.000000	145.398283	0.001815	0.5
55	-1.561437	0.000000	145.398283	0.001412	0.5
56	-1.570618	0.000000	145.398283	0.000559	0.5
57	-1.552025	0.000000	145.398283	0.001132	0.6
58	-1.563094	0.000000	145.398283	0.001608	0.6
59	-1.554154	0.000000	145.398283	0.002088	0.7
60	-1.550399	0.000000	145.398283	0.001394	0.6
61	-1.584502	0.008652	145.338402	0.000803	0.6
62	-1.575110	0.000000	145.398283	0.001077	0.6
63	-1.530385	0.000000	145.398283	0.001354	0.6
64	-1.558137	0.000000	145.398283	0.000863	0.6
65	-1.578642	0.000000	145.398283	0.001314	0.6
66	-1.574470	0.000000	145.398283	0.001688	0.5
67	-1.553808	0.000000	145.398283	0.001525	0.5
68	-1.553366	0.000000	145.398283	0.000821	0.5
69	-1.568629	0.000000	145.398283	0.001381	0.5
70	-1.550468	0.000000	145.398283	0.001644	0.5
71	-1.572795	0.000000	145.398283	0.001117	0.6
72	-1.566381	0.000000	145.398283	0.001372	0.5
73	-1.535930	0.000000	145.398283	0.001258	0.5
74	-1.548119	0.000000	145.398283	0.001382	0.5
75	-1.583764	0.999334	138.793472	0.001047	0.5
76	-1.586399	0.919014	139.302069	0.001003	0.5
77	-1.535580	0.838793	139.813768	0.001419	0.5
78	-1.570279	0.758473	140.329884	0.001423	0.5
79	-1.572212	0.678170	140.849711	0.001091	0.6
80	-1.528955	0.597851	141.373507	0.000799	0.7
81	-1.564223	0.517531	141.901225	0.001852	0.7
82	-1.545822	1.517531	135.599414	0.001037	0.6
83	-1.548671	1.465964	135.910658	0.000936	0.6
84	-1.572129	1.385644	136.398309	0.001074	0.6
85	-1.550087	1.305323	136.889473	0.000748	0.5
86	-1.558173	2.304245	131.021793	0.000996	0.5
87	-1.563337	2.223947	131.474808	0.001385	0.6
88	-1.537381	2.143626	131.931094	0.001300	0.5
89	-1.549100	3.143626	126.466667	0.000999	0.5
90	-1.586852	3.063330	126.888672	0.000967	0.5
91	-1.558529	3.779500	123.221371	0.000956	0.6
92	-1.546523	3.699179	123.622081	0.000869	0.5
93	-1.582503	3.618859	124.025404	0.001133	0.5
94	-1.574980	3.538646	124.430822	0.000478	0.5
95	-1.571927	3.467115	124.794605	0.000960	0.5
96	-1.545396	4.334971	120.519735	0.000815	0.5
97	-1.533579	5.207773	116.506042	0.000689	0.5
98	-1.566742	5.131483	116.846180	0.001219	0.5
99	-1.542777	6.130334	112.544280	0.000619	0.5
100	-1.568131	6.050015	112.878456	0.000981	0.6
101	-1.575108	5.971742	113.206033	0.001466	0.6
102	-1.579266	6.971742	109.158876	0.001170	0.6
103	-1.545253	6.891422	109.473227	0.000828	0.6
104	-1.557839	6.812336	109.784518	0.000912	0.5
105	-1.539069	7.812330	105.974212	0.000967	0.6
106	-1.552829	8.803928	102.448373	0.001162	0.6
107	-1.588918	8.733116	102.692364	0.000916	0.6
108	-1.546215	8.694285	102.826653	0.000936	0.5
109	-1.542339	8.671798	102.904579	0.000697	0.6
110	-1.553343	9.236231	100.983617	0.000757	0.5
111	-1.579501	9.155986	101.252334	0.000883	0.5
112	-1.546964	9.620332	99.716880	0.000827	0.5
113	-1.564192	9.540046	99.979021	0.000806	0.5
114	-1.539446	9.459726	100.242659	0.000998	0.5
115	-1.587016	9.379655	100.506868	0.000398	0.5
116	-1.561321	9.354787	100.589208	0.000828	0.5
117	-1.577505	10.010172	98.463301	0.000917	0.5
118	-1.555663	9.934413	98.704442	0.000469	0.5
119	-1.571838	10.929720	95.627646	0.000898	0.5
120	-1.558234	10.849520	95.868446	0.000694	0.5
121	-1.575410	10.769582	96.109667	0.000571	0.5
122	-1.559919	10.689431	96.352755	0.000294	0.5
123	-1.569653	10.617833	96.570944	0.000459	0.7
124	-1.564469	10.565297	96.731670	0.001171	0.6
125	-1.588488	11.563465	93.766554	0.001128	0.6
126	-1.562996	11.483165	93.998350	0.000432	0.5
127	-1.574918	12.475680	91.211408	0.000354	0.6
128	-1.560396	12.396611	91.427360	0.001058	0.6
129	-1.572902	13.273639	89.087825	0.000609	0.7
130	-1.561079	13.455686	88.617127	0.000561	0.6
131	-1.567037	14.403283	86.245221	0.000378	0.5
132	-1.573348	15.376620	83.937539	0.000839	0.5
133	-1.547426	15.296667	84.122433	0.000947	0.5
134	-1.561716	16.296667	81.866939	0.001075	0.5
135	-1.577707	16.216347	82.043624	0.000867	0.5
136	-1.559147	16.136159	82.220779	0.000665	0.6
137	-1.528762	17.134570	80.068136	0.000432	0.5
138	-1.560994	17.250929	79.824569	0.000396	0.5
139	-1.539897	17.171409	79.990863	0.000929	0.5
140	-1.534541	17.091290	80.159111	0.000918	0.5
141	-1.580991	18.090164	78.110799	0.001245	0.5
142	-1.568409	18.009843	78.271628	0.000903	0.5
143	-1.556253	19.009843	76.315318	0.000853	0.5
144	-1.569846	20.009843	74.454416	0.000413	0.6
145	-1.574836	21.004517	72.691323	0.000679	0.6
146	-1.566714	20.924281	72.830443	0.000956	0.6
147	-1.546371	21.924281	71.133724	0.000880	0.6
148	-1.562446	21.858155	71.243476	0.000613	0.6
149	-1.573672	21.777836	71.377241	0.000555	0.6
150	-1.559850	22.446711	70.278367	0.000440	0.6
151	-1.548520	22.394371	70.363134	0.000527	0.7
152	-1.577898	22.316828	70.489093	0.000725	0.6
153	-1.557085	22.774714	69.751773	0.000713	0.6
154	-1.560708	22.694394	69.879993	0.000703	0.6
155	-1.585913	22.614088	70.008662	0.000771	0.6
156	-1.555093	22.533784	70.137803	0.000623	0.5
157	-1.541539	22.453480	70.267420	0.000945	0.6
158	-1.576593	23.453479	68.686726	0.001171	0.5
159	-1.521097	24.453282	67.175874	0.000838	0.5
160	-1.561696	24.372962	67.294790	0.000730	0.5
161	-1.571320	24.292641	67.414129	0.001057	0.5
162	-1.557197	25.292641	65.957869	0.000729	0.5
163	-1.565764	26.292641	64.563193	0.000331	0.5
164	-1.550802	26.217252	64.666277	0.000991	0.5
165	-1.566193	27.214969	63.328133	0.000580	0.5
166	-1.543445	28.070057	62.224586	0.000529	0.6
167	-1.564845	28.347177	61.875150	0.000491	0.6
168	-1.571797	28.267734	61.974922	0.001443	0.6
169	-1.561568	29.267721	60.742041	0.000755	0.6
170	-1.562671	30.266958	59.558126	0.000372	0.6
171	-1.543836	30.322349	59.493846	0.000671	0.7
172	-1.597332	30.244286	59.584476	0.000613	0.5
173	-1.579306	30.163967	59.678015	0.000719	0.6
174	-1.601591	31.141969	58.558662	0.000669	0.7
175	-1.576083	31.072796	58.636451	0.000438	0.6
176	-1.587177	31.007188	58.710422	0.000570	0.6
177	-1.550428	30.933011	58.794279	0.000567	0.6
178	-1.558840	30.889039	58.844103	0.001007	0.5
179	-1.575418	30.808745	58.935301	0.000560	0.5
180	-1.529794	30.930898	58.796671	0.000713	0.6
181	-1.564273	30.850602	58.887725	0.000306	0.6
182	-1.549629	31.781384	57.849259	0.000965	0.5
183	-1.561374	31.701112	57.937372	0.000942	0.6
184	-1.560483	32.698861	56.860870	0.000880	0.6
185	-1.561212	32.668605	56.892925	0.000321	0.5
186	-1.573565	32.602186	56.963422	0.000845	0.5
187	-1.561263	32.532880	57.037169	0.000379	0.6
188	-1.536718	32.452562	57.122874	0.000642	0.6
189	-1.563085	32.393332	57.186241	0.000482	0.6
190	-1.553737	33.293762	56.237841	0.000801	0.6
191	-1.568479	34.270430	55.244078	0.000980	0.7
192	-1.555431	35.270430	54.262318	0.000428	0.6
193	-1.573946	36.228196	53.354188	0.000401	0.6
194	-1.522864	36.710404	52.908379	0.000529	0.6
195	-1.570633	36.636178	52.976517	0.000414	0.5
196	-1.568922	36.556209	53.050122	0.000793	0.8
197	-1.585584	36.487202	53.113803	0.000953	0.6
198	-1.570149	36.406882	53.188117	0.000968	0.6
199	-1.560717	37.406882	52.277469	0.000472	0.7
200	-1.570759	38.406094	51.398160	0.000385	0.6
201	-1.549709	38.330608	51.463554	0.000413	0.7
202	-1.559403	38.919076	50.958128	0.000349	0.6
203	-1.578827	38.843210	51.022730	0.000371	0.6
204	-1.568691	38.823893	51.039205	0.000383	0.6
205	-1.559960	39.441813	50.517412	0.000589	0.5
206	-1.545494	39.362095	50.584128	0.000622	0.6
207	-1.570019	40.361894	49.759936	0.000627	0.6
208	-1.581229	41.358424	48.964739	0.000618	0.6
209	-1.556528	41.716111	48.685480	0.000427	0.6
210	-1.567767	41.674409	48.717874	0.000533	0.6
211	-1.547375	41.627911	48.754044	0.000659	0.6
212	-1.550525	41.671210	48.720361	0.001206	0.6
213	-1.578999	41.590890	48.782881	0.000645	0.6
214	-1.527580	42.590890	48.015745	0.000649	0.5
215	-1.586250	42.570055	48.031482	0.000821	0.6
216	-1.533562	43.570054	47.287617	0.000647	0.5
217	-1.570188	43.516486	47.326879	0.000916	0.5
218	-1.579847	44.306346	46.754475	0.000654	0.6
219	-1.526336	44.236808	46.804312	0.000934	0.6
220	-1.562913	45.236803	46.097695	0.001116	0.5
221	-1.563154	45.156483	46.153662	0.000983	0.6
222	-1.555350	46.156483	45.466407	0.000838	0.6
223	-1.570513	46.076162	45.520850	0.000341	0.6
224	-1.578720	47.071644	44.855152	0.000501	0.6
225	-1.529921	47.263281	44.729229	0.000521	0.6
226	-1.547086	47.212004	44.762854	0.000725	0.6
227	-1.548097	47.146754	44.805714	0.001119	0.6
228	-1.571108	48.146705	44.157765	0.000739	0.6
229	-1.559874	49.146594	43.528328	0.000446	0.6
230	-1.566209	49.304188	43.430755	0.000681	0.7
231	-1.549513	49.231844	43.475491	0.000420	0.6
232	-1.580261	49.151572	43.525239	0.000471	0.6
233	-1.545886	49.080093	43.569633	0.001302	0.6
234	-1.557272	50.080088	42.956671	0.000934	0.6
235	-1.569781	51.080088	42.360713	0.001178	0.6
236	-1.512180	52.080088	41.781066	0.000708	0.5
237	-1.549276	53.080084	41.217069	0.000479	0.6
238	-1.570754	52.999781	41.261797	0.000772	0.6
239	-1.537547	53.846031	40.795268	0.000796	0.6
240	-1.531926	54.846029	40.257400	0.000726	0.6
241	-1.556903	55.827545	39.743089	0.000468	0.6
242	-1.547428	55.752050	39.782181	0.000755	0.5
243	-1.592774	56.608444	39.343193	0.000574	0.6
244	-1.581257	56.528142	39.383943	0.000934	0.6
245	-1.553124	57.528141	38.882417	0.000657	0.5
246	-1.583287	58.528139	38.393504	0.000840	0.6
247	-1.575509	58.821691	38.252308	0.000914	0.5
248	-1.573535	59.821691	37.779016	0.000238	0.5
249	-1.557186	59.849514	37.766015	0.000747	0.6
250	-1.559366	60.126039	37.637286	0.000565	0.6
251	-1.545929	60.995565	37.238160	0.000497	0.6
252	-1.530822	60.915448	37.274580	0.000580	0.6
253	-1.566446	61.226098	37.133757	0.000877	0.6
254	-1.555361	62.226087	36.687582	0.000350	0.5
255	-1.541996	62.172280	36.711317	0.000817	0.6
256	-1.568184	62.497115	36.568496	0.000505	0.6
257	-1.541177	63.497083	36.135732	0.000916	0.5
258	-1.542660	63.416785	36.170105	0.000526	0.6
259	-1.548498	64.416655	35.746705	0.000699	0.6
260	-1.577843	65.297281	35.381925	0.000769	0.5
261	-1.554010	66.297279	34.976622	0.001162	0.6
262	-1.582394	66.223819	35.006079	0.000836	0.5
263	-1.573556	67.223819	34.609292	0.000661	0.7
264	-1.550014	68.223716	34.221439	0.000731	0.6
265	-1.566372	68.844027	33.985163	0.000492	0.6
266	-1.540762	69.257744	33.829385	0.001021	0.5
267	-1.565898	69.177424	33.859516	0.001087	0.5
268	-1.548407	70.177424	33.488158	0.000525	0.6
269	-1.553257	70.109740	33.513035	0.000420	0.6
270	-1.575212	70.980825	33.195657	0.000846	0.6
271	-1.568912	70.900507	33.224669	0.000373	0.7
272	-1.548167	71.884431	32.872721	0.000272	0.6
273	-1.555343	71.824239	32.894037	0.001079	0.5
274	-1.540086	71.744096	32.922462	0.000817	0.6
275	-1.556094	72.744096	32.571267	0.001030	0.6
276	-1.561246	73.744087	32.227488	0.000513	0.6
277	-1.558317	74.744080	31.890890	0.000272	0.6
278	-1.574724	75.337316	31.694509	0.000594	0.6
279	-1.546568	75.295772	31.708183	0.000841	0.5
280	-1.596221	76.295740	31.382298	0.000380	0.6
281	-1.541051	77.284217	31.066676	0.000587	0.6
282	-1.554491	77.207300	31.091008	0.000226	0.6
283	-1.547247	77.222935	31.086059	0.000683	0.6
284	-1.582935	77.240909	31.080372	0.000843	0.6
285	-1.558917	78.240892	30.767196	0.001323	0.6
286	-1.544705	79.240890	30.460264	0.000482	0.7
287	-1.565761	80.240887	30.159395	0.000622	0.7
288	-1.570589	81.229972	29.867600	0.000786	0.6
289	-1.558556	82.229936	29.578280	0.000414	0.6
290	-1.538461	82.195507	29.588148	0.000886	0.5
291	-1.534041	83.195254	29.304252	0.000996	0.7
292	-1.576873	83.114933	29.326859	0.000887	0.6
293	-1.542823	84.091063	29.054459	0.000533	0.5
294	-1.566960	85.091058	28.780597	0.000638	0.6
295	-1.563959	85.018840	28.800201	0.001390	0.5
296	-1.531156	86.018840	28.531088	0.000511	0.6
297	-1.551310	85.938529	28.552515	0.000791	0.6
298	-1.555858	85.858209	28.573976	0.000451	0.5
299	-1.548803	85.780590	28.594747	0.000705	0.6
300	-1.562630	86.573695	28.383927	0.000768	0.6
301	-1.555921	87.573475	28.122559	0.000791	0.6
302	-1.566245	88.573474	27.865904	0.000319	0.6
303	-1.556829	88.655348	27.845098	0.000376	0.5
304	-1.562748	88.576928	27.865026	0.000901	0.6
305	-1.543051	89.576504	27.613135	0.000648	0.6
306	-1.543792	90.576414	27.365676	0.000667	0.5
307	-1.540060	90.496157	27.385374	0.001114	0.6
308	-1.571044	91.496157	27.141940	0.000562	0.6
309	-1.552532	91.415836	27.161333	0.000938	0.6
310	-1.540866	91.336318	27.180559	0.000555	0.6
311	-1.554760	91.256868	27.199796	0.000423	0.7
312	-1.552090	92.110521	26.994518	0.000876	0.6
313	-1.565910	92.030481	27.013633	0.000720	0.6
314	-1.592710	92.375757	26.931365	0.000436	0.5
315	-1.542160	92.623531	26.872637	0.000738	0.5
316	-1.560025	93.595903	26.644617	0.000667	0.6
317	-1.567456	93.515588	26.663304	0.000918	0.6
318	-1.544799	94.471554	26.442564	0.000570	0.6
319	-1.555735	95.471551	26.215534	0.000780	0.6
320	-1.531304	96.471545	25.992371	0.000705	0.7
321	-1.554514	96.391358	26.010125	0.000767	0.6
322	-1.585565	97.341138	25.801374	0.000761	0.6
323	-1.582099	98.341138	25.585175	0.001044	0.5
324	-1.563201	99.341136	25.372570	0.000948	0.6
325	-1.545234	100.341136	25.163469	0.001055	0.6
326	-1.562028	101.341121	24.957789	0.000269	0.5
327	-1.587841	101.265468	24.973232	0.000474	0.5
328	-1.567646	101.565370	24.912126	0.000649	0.6
329	-1.557718	102.439836	24.735645	0.000715	0.5
330	-1.533896	103.423094	24.540171	0.000670	0.6
331	-1.567589	104.417088	24.345677	0.000434	0.7
332	-1.559462	104.336851	24.361263	0.000591	0.6
333	-1.567887	104.257810	24.376635	0.000682	0.6
334	-1.547243	105.255149	24.184075	0.001091	0.6
335	-1.576082	105.190915	24.196385	0.000795	0.6
336	-1.581244	106.190915	24.006148	0.001312	0.6
337	-1.550995	107.190915	23.818879	0.000740	0.5
338	-1.558892	107.110603	23.833811	0.000562	0.6
339	-1.582496	107.035141	23.847859	0.000905	0.6
340	-1.582738	106.958868	23.862074	0.000382	0.6
341	-1.574036	106.878673	23.877038	0.000802	0.6
342	-1.542588	107.850747	23.696905	0.000716	0.5
343	-1.578650	107.770428	23.711686	0.000645	0.6
344	-1.566991	108.770425	23.528966	0.001041	0.6
345	-1.554076	109.770425	23.349041	0.000606	0.5
346	-1.573799	110.770366	23.171856	0.000919	0.6
347	-1.527984	110.690869	23.185844	0.000221	0.6
348	-1.567949	110.672094	23.189150	0.001190	0.6
349	-1.571523	111.622369	23.022994	0.000415	0.6
350	-1.567646	111.542055	23.036944	0.000398	0.6
351	-1.579640	112.476458	22.875674	0.000739	0.6
352	-1.549598	112.574751	22.858841	0.000259	0.5
353	-1.579025	112.505085	22.870769	0.000590	0.6
354	-1.549792	112.430654	22.883527	0.000842	0.7
355	-1.564294	113.430534	22.713322	0.000587	0.7
356	-1.540844	114.398114	22.551008	0.000562	0.8
357	-1.534025	115.220531	22.414859	0.000435	0.6
358	-1.571041	115.140301	22.428068	0.000444	0.6
359	-1.561435	115.079437	22.438100	0.000827	0.6
360	-1.555423	115.981726	22.290301	0.000700	0.6
361	-1.560170	115.907397	22.302403	0.000902	0.6
362	-1.553217	116.598196	22.190436	0.001284	0.6
363	-1.554804	117.598196	22.030330	0.001052	0.6
364	-1.561316	117.517897	22.043101	0.000507	0.6
365	-1.541265	117.438466	22.055748	0.000197	0.7
366	-1.554422	117.756239	22.005237	0.000545	0.6
367	-1.560389	117.684415	22.016634	0.000595	0.5
368	-1.554905	117.604444	22.029337	0.000685	0.6
369	-1.579731	117.525322	22.041919	0.000492	0.5
370	-1.579150	118.524776	21.884027	0.000443	0.6
371	-1.562289	118.827202	21.836695	0.000241	0.6
372	-1.561247	118.750275	21.848715	0.000216	0.5
373	-1.574821	118.917255	21.822640	0.000742	0.6
374	-1.580672	119.050995	21.801801	0.000807	0.5
375	-1.563945	120.049276	21.647498	0.000916	0.7
376	-1.543679	121.044381	21.495845	0.001212	0.6
377	-1.531242	120.964061	21.508007	0.000841	0.8
378	-1.576291	121.964061	21.357563	0.000684	0.7
379	-1.559565	122.730519	21.243672	0.001140	0.6
380	-1.589566	122.650198	21.255550	0.000872	0.6
381	-1.549429	123.650198	21.108605	0.000245	0.6
382	-1.552351	123.570979	21.120172	0.000589	0.6
383	-1.564695	123.491921	21.131728	0.000309	0.6
384	-1.587648	123.913590	21.070239	0.000625	0.6
385	-1.559191	124.892261	20.928896	0.000605	0.6
386	-1.557287	125.871430	20.789366	0.000488	0.6
387	-1.556949	125.794343	20.800284	0.000465	0.6
388	-1.548395	125.720926	20.810692	0.000546	0.6
389	-1.586203	126.615579	20.684564	0.000511	0.6
390	-1.580066	126.937513	20.639552	0.000689	0.6
391	-1.555660	126.972067	20.634732	0.000779	0.5
392	-1.562387	127.139545	20.611404	0.000748	0.6
393	-1.574827	127.059224	20.622585	0.000913	0.6
394	-1.556031	128.058935	20.484273	0.000989	0.5
395	-1.551843	128.939720	20.363943	0.000631	0.6
396	-1.533071	129.936730	20.229430	0.000821	0.6
397	-1.574466	130.936712	20.096288	0.000401	0.6
398	-1.580457	131.923547	19.966604	0.000381	0.8
399	-1.549300	132.294534	19.918283	0.000779	0.7
400	-1.545811	132.281783	19.919940	0.000728	0.8
401	-1.561867	132.976289	19.830092	0.000891	0.6
402	-1.544027	133.976274	19.702138	0.000390	0.6
403	-1.589238	134.754309	19.603721	0.000508	0.6
404	-1.565084	135.060176	19.565299	0.001309	0.6
405	-1.574994	136.059463	19.440815	0.000856	0.6
406	-1.539921	137.059463	19.317818	0.000548	0.6
407	-1.588583	136.979248	19.327627	0.000843	0.6
408	-1.555125	136.898928	19.337458	0.000422	0.7
409	-1.563118	137.046772	19.319369	0.000771	0.6
410	-1.565090	136.984412	19.326995	0.000495	0.6
411	-1.581813	137.965221	19.207748	0.000891	0.6
412	-1.573372	138.965211	19.087675	0.000841	0.6
413	-1.555578	139.962907	18.969364	0.001209	0.6
414	-1.558041	139.882635	18.978829	0.000900	0.6
415	-1.567088	139.802318	18.988308	0.000621	0.6
416	-1.568246	140.568158	18.898303	0.000518	0.6
417	-1.551280	140.488341	18.907643	0.001110	0.5
418	-1.579855	141.488216	18.791295	0.000386	0.7
419	-1.549114	142.287336	18.699331	0.000459	0.7
420	-1.566503	142.207774	18.708447	0.000574	0.7
421	-1.561226	142.166120	18.713223	0.000459	0.6
422	-1.572995	142.086562	18.722352	0.001198	0.5
423	-1.579442	142.798196	18.641011	0.000757	0.6
424	-1.567810	142.718014	18.650140	0.000848	0.5
425	-1.529068	142.637694	18.659295	0.000402	0.6
426	-1.547310	142.557463	18.668448	0.001090	0.6
427	-1.570598	142.480699	18.677214	0.000436	0.6
428	-1.575351	142.552365	18.669030	0.000728	0.6
429	-1.569629	142.472092	18.678197	0.000532	0.6
430	-1.545262	143.435161	18.568802	0.000454	0.5
431	-1.595780	143.358440	18.577470	0.000759	0.6
432	-1.535249	143.447900	18.567364	0.000689	0.6
433	-1.555941	144.446802	18.455261	0.000555	0.6
434	-1.559214	145.446602	18.344405	0.000569	0.5
435	-1.558908	146.042539	18.278960	0.000553	0.6
436	-1.562349	146.744794	18.202436	0.000953	0.6
437	-1.544080	146.664474	18.211156	0.001070	0.6
438	-1.559988	146.584551	18.219841	0.000666	0.6
439	-1.572605	146.504232	18.228578	0.000777	0.6
440	-1.565880	146.424090	18.237304	0.000728	0.6
441	-1.546072	146.343791	18.246055	0.000625	0.8
442	-1.586110	146.998738	18.174922	0.000592	0.6
443	-1.546356	146.919835	18.183462	0.000679	0.7
444	-1.550548	146.839516	18.192164	0.001093	0.6
445	-1.519129	146.795527	18.196933	0.000865	0.6
446	-1.567090	146.719411	18.205191	0.001241	0.6
447	-1.557207	146.639091	18.213914	0.000366	0.6
448	-1.574902	147.639077	18.105910	0.000936	0.6
449	-1.539557	147.558769	18.114536	0.000189	0.5
450	-1.558999	148.120490	18.054370	0.000857	0.6
451	-1.575998	148.041189	18.062840	0.000697	0.6
452	-1.554223	149.041189	17.956614	0.000282	0.5
453	-1.537843	149.763945	17.880613	0.001220	0.6
454	-1.565770	150.153055	17.839962	0.000637	0.5
455	-1.560110	151.152909	17.736348	0.000728	0.6
456	-1.583365	151.072589	17.744627	0.000286	0.5
457	-1.566536	150.993616	17.752775	0.000704	0.6
458	-1.511569	151.781570	17.671815	0.000486	0.6
459	-1.535420	151.778669	17.672112	0.000277	0.8
460	-1.551420	151.703515	17.679802	0.000817	0.7
461	-1.543472	151.626206	17.687720	0.000770	0.6
462	-1.575970	152.525624	17.596041	0.000956	0.8
463	-1.552426	152.445315	17.604188	0.000963	0.6
464	-1.536916	153.445315	17.503273	0.000653	0.6
465	-1.551818	154.445314	17.403508	0.000780	0.7
466	-1.546816	155.429871	17.306389	0.001040	0.8
467	-1.543933	155.697257	17.280200	0.001010	0.7
468	-1.531788	156.697220	17.182958	0.000295	0.6
469	-1.562993	156.632517	17.189217	0.000988	0.6
470	-1.568770	156.552205	17.196993	0.000626	0.6
471	-1.555317	157.552204	17.100679	0.000535	0.5
472	-1.552990	157.789744	17.077959	0.000311	0.5
473	-1.557781	158.008528	17.057087	0.001272	0.6
474	-1.526188	158.995698	16.963538	0.000678	0.6
475	-1.536914	159.963579	16.872809	0.000858	0.7
476	-1.551528	159.972491	16.871978	0.000488	0.6
477	-1.554478	159.908814	16.877917	0.000314	0.6
478	-1.600273	160.474244	16.825330	0.000664	0.6
479	-1.540948	160.838566	16.791619	0.000990	0.6
480	-1.567247	161.528084	16.728187	0.000507	0.7
481	-1.555061	162.528077	16.637040	0.000827	0.7
482	-1.564888	162.457424	16.643447	0.000249	0.7
483	-1.560394	162.599341	16.630582	0.000669	0.6
484	-1.544831	163.255455	16.571363	0.000895	0.6
485	-1.570140	163.180892	16.578071	0.000342	0.8
486	-1.550370	164.019472	16.502933	0.000572	0.7
487	-1.530717	164.820550	16.431788	0.000429	0.6
488	-1.556678	164.751354	16.437910	0.000796	0.7
489	-1.566345	164.817559	16.432053	0.000923	0.6
490	-1.546486	165.817559	16.344095	0.000648	0.6
491	-1.579536	166.817494	16.257080	0.000555	0.6
492	-1.572739	167.813212	16.171347	0.001081	0.5
493	-1.542267	168.813196	16.086152	0.000598	0.6
494	-1.553189	169.813018	16.001864	0.000720	0.6
495	-1.538610	170.809153	15.918760	0.000690	0.6
496	-1.556971	171.536514	15.858623	0.000934	0.6
497	-1.555214	171.456194	15.865241	0.000375	0.7
498	-1.565786	172.455386	15.783298	0.001607	0.8
499	-1.558372	172.375068	15.789853	0.000903	0.6
500	-1.546524	173.375068	15.708619	0.000607	0.6
501	-1.541556	174.374957	15.628226	0.000517	0.6
502	-1.543819	174.305507	15.633783	0.000738	0.7
503	-1.588956	174.280917	15.635752	0.000556	0.7
504	-1.577706	174.200600	15.642185	0.000857	0.5
505	-1.560312	174.120297	15.648623	0.000578	0.6
506	-1.535308	174.998164	15.578533	0.000472	0.6
507	-1.556649	175.985377	15.500460	0.000782	0.6
508	-1.550828	176.595463	15.452602	0.000470	0.6
509	-1.533536	176.844946	15.433116	0.000561	0.6
510	-1.566118	177.790384	15.359717	0.001392	0.6
511	-1.582319	178.790149	15.282855	0.001066	0.6
512	-1.536130	179.790149	15.206742	0.000688	0.6
513	-1.596191	179.744653	15.210188	0.000868	0.6
514	-1.556631	179.664337	15.216276	0.000446	0.6
515	-1.570058	179.584124	15.222361	0.000457	0.5
516	-1.568036	179.865878	15.201009	0.001002	0.6
517	-1.564443	180.834305	15.128072	0.000797	0.6
518	-1.579774	181.834294	15.053490	0.000663	0.6
519	-1.567818	181.753974	15.059453	0.000586	0.8
520	-1.564492	181.673750	15.065414	0.000621	0.6
521	-1.550661	182.673672	14.991451	0.000796	0.6
522	-1.551238	183.323029	14.943807	0.000579	0.7
523	-1.541894	183.649529	14.919966	0.000360	0.6
524	-1.572776	183.569353	14.925813	0.000833	0.7
525	-1.544137	183.489093	14.931671	0.000842	0.6
526	-1.570199	184.489093	14.859007	0.000698	0.6
527	-1.534151	185.489093	14.787047	0.000806	0.6
528	-1.572347	185.445823	14.790146	0.000663	0.6
529	-1.569680	185.369772	14.795597	0.000504	0.6
530	-1.545630	186.368549	14.724335	0.000493	0.5
531	-1.554834	186.869823	14.688827	0.000410	0.6
532	-1.554735	186.839829	14.690947	0.000556	0.6
533	-1.553301	186.786804	14.694696	0.000467	0.5
534	-1.577887	186.708821	14.700213	0.001112	0.6
535	-1.597225	187.175118	14.667286	0.000833	0.6
536	-1.563311	188.175118	14.597166	0.000912	0.5
537	-1.569567	188.094798	14.602773	0.000363	0.5
538	-1.572179	188.455626	14.577617	0.000598	0.8
539	-1.567014	188.597013	14.567784	0.000996	0.7
540	-1.574903	189.596610	14.498638	0.000510	0.7
541	-1.580221	189.518227	14.504036	0.000932	0.7
542	-1.548795	190.518114	14.435473	0.000636	0.6
543	-1.603852	190.437795	14.440956	0.000451	0.6
544	-1.600753	190.568121	14.432061	0.000507	0.7
545	-1.534416	190.556414	14.432859	0.000698	0.7
546	-1.574524	191.551225	14.365309	0.000562	0.8
547	-1.550967	192.549043	14.298186	0.000806	0.7
548	-1.568169	192.468722	14.303566	0.000990	0.6
549	-1.573413	193.468722	14.236873	0.000955	0.7
550	-1.553153	194.468722	14.170799	0.000655	0.5
551	-1.554446	194.746040	14.152584	0.000327	0.6
552	-1.565781	194.670535	14.157539	0.000400	0.6
553	-1.558952	194.731217	14.153556	0.000616	0.5
554	-1.586694	194.651487	14.158789	0.001119	0.5
555	-1.543424	195.651486	14.093436	0.000260	0.5
556	-1.558512	195.571172	14.098663	0.000628	0.5
557	-1.550975	195.718432	14.089083	0.000929	0.6
558	-1.569458	196.621855	14.030594	0.000710	0.6
559	-1.579233	196.544150	14.035606	0.000961	0.7
560	-1.570048	197.544150	13.971383	0.000381	0.7
561	-1.551837	197.466161	13.976370	0.001049	0.7
562	-1.586763	197.386556	13.981465	0.001032	0.6
563	-1.565317	198.386556	13.917735	0.000841	0.6
564	-1.558319	199.384274	13.854727	0.000532	0.6
565	-1.567961	200.250135	13.800507	0.000822	0.6
566	-1.582194	200.173661	13.805278	0.000548	0.6
567	-1.598188	200.093341	13.810294	0.000639	0.6
568	-1.563792	200.013030	13.815312	0.000925	0.6
569	-1.572103	200.606008	13.778345	0.000687	0.8
570	-1.518274	201.606008	13.716449	0.000833	0.5
571	-1.563986	201.525688	13.721400	0.000699	0.6
572	-1.566369	202.525504	13.660025	0.000645	0.6
573	-1.579424	203.409155	13.606236	0.000786	0.6
574	-1.551463	204.369672	13.548247	0.000751	0.6
575	-1.562111	205.369671	13.488397	0.000832	0.5
576	-1.532854	205.963666	13.453096	0.000735	0.5
577	-1.582446	205.883345	13.457858	0.000877	0.6
578	-1.573380	206.857918	13.400298	0.001174	0.6
579	-1.535493	207.857918	13.341745	0.000423	0.8
580	-1.545218	207.812328	13.344403	0.000709	0.6
581	-1.580475	208.796593	13.287246	0.000637	0.7
582	-1.555024	208.716275	13.291892	0.000203	0.6
583	-1.565989	208.887681	13.281982	0.000972	0.6
584	-1.559432	209.340852	13.255851	0.001043	0.5
585	-1.553336	210.340852	13.198551	0.000948	0.7
586	-1.540040	211.340852	13.141744	0.000529	0.6
587	-1.587437	212.340851	13.085424	0.000732	0.6
588	-1.550449	213.340779	13.029589	0.000412	0.6
589	-1.543169	213.736444	13.007626	0.000606	0.5
590	-1.532181	213.669243	13.011351	0.000962	0.6
591	-1.540888	214.669243	12.956141	0.000687	0.6
592	-1.557059	215.599155	12.905219	0.000371	0.6
593	-1.580461	215.575599	12.906504	0.000424	0.6
594	-1.578124	215.498812	12.910695	0.000455	0.6
595	-1.560014	215.429950	12.914455	0.000389	0.6
596	-1.598320	215.362473	12.918142	0.000716	0.5
597	-1.543998	216.101353	12.877885	0.000670	0.6
598	-1.576340	216.887115	12.835348	0.000613	0.6
599	-1.560420	217.887061	12.781621	0.000415	0.6
600	-1.590307	218.703349	12.738095	0.000551	0.7
601	-1.569259	218.636130	12.741668	0.000877	0.7
602	-1.560988	219.636128	12.688718	0.000833	0.6
603	-1.581252	219.555817	12.692954	0.000758	0.6
604	-1.527280	220.555816	12.640407	0.000889	0.6
605	-1.563812	220.475495	12.644612	0.000700	0.6
606	-1.565220	221.463009	12.593112	0.000960	0.6
607	-1.561520	222.463009	12.541388	0.000969	0.5
608	-1.552489	223.463009	12.490086	0.001003	0.6
609	-1.572108	223.382721	12.494189	0.000488	0.6
610	-1.549995	223.302401	12.498297	0.000482	0.6
611	-1.567034	223.315839	12.497609	0.000565	0.6
612	-1.583091	223.237409	12.501623	0.000448	0.6
613	-1.555590	223.170694	12.505039	0.000346	0.7
614	-1.562224	224.016305	12.461881	0.000778	0.6
615	-1.577883	223.936000	12.465966	0.001351	0.6
616	-1.575966	224.936000	12.415279	0.001012	0.6
617	-1.569213	225.936000	12.365001	0.000250	0.6
618	-1.535778	226.795175	12.322128	0.000628	0.6
619	-1.570113	226.719634	12.325886	0.000651	0.6
620	-1.562685	226.640820	12.329809	0.000471	0.6
621	-1.561995	226.585056	12.332586	0.000599	0.6
622	-1.566935	226.802356	12.321771	0.000930	0.6
623	-1.579404	227.643961	12.280065	0.001046	0.9
624	-1.565252	228.643961	12.230874	0.000942	0.6
625	-1.573987	228.563640	12.234811	0.000668	0.6
626	-1.585635	229.563596	12.185984	0.000676	0.5
627	-1.559987	229.548928	12.186697	0.000817	0.6
628	-1.552369	230.548927	12.138251	0.000693	0.5
629	-1.550733	231.546523	12.090303	0.000634	0.6
630	-1.574973	231.481726	12.093406	0.001006	0.5
631	-1.558488	231.467213	12.094101	0.000847	0.6
632	-1.555420	231.386893	12.097950	0.000558	0.5
633	-1.560046	231.466303	12.094144	0.000487	0.6
634	-1.593076	231.386212	12.097982	0.000663	0.6
635	-1.580342	232.373117	12.050860	0.000684	0.6
636	-1.546546	232.292797	12.054681	0.000521	0.6
637	-1.578309	232.337784	12.052541	0.000346	0.6
638	-1.577333	232.309363	12.053893	0.000678	0.6
639	-1.572031	232.229648	12.057687	0.000558	0.6
640	-1.562684	232.648103	12.037795	0.000840	0.5
641	-1.573910	232.964604	12.022793	0.000472	0.6
642	-1.550158	232.884328	12.026595	0.000810	0.8
643	-1.575673	232.804179	12.030393	0.000673	0.6
644	-1.574983	233.804154	11.983180	0.000835	0.6
645	-1.592210	234.381075	11.956109	0.000792	0.6
646	-1.556670	235.381066	11.909475	0.000757	0.6
647	-1.551908	236.380962	11.863208	0.000858	0.6
648	-1.545797	237.380808	11.817302	0.000441	0.6
649	-1.550904	237.720997	11.801763	0.000806	0.6
650	-1.563170	237.640697	11.805427	0.000309	0.6
651	-1.537688	237.560996	11.809066	0.000959	0.5
652	-1.568136	238.559263	11.763649	0.000677	0.6
653	-1.564424	239.559261	11.718501	0.001065	0.6
654	-1.544231	239.478941	11.722114	0.000516	0.6
655	-1.550373	240.478940	11.677284	0.000317	0.7
656	-1.535900	241.087660	11.650163	0.000795	0.6
657	-1.563306	241.038889	11.652331	0.000488	0.7
658	-1.585716	241.044459	11.652084	0.000660	0.6
659	-1.552697	240.964405	11.655644	0.000565	0.6
660	-1.568701	240.884234	11.659213	0.000747	0.6
661	-1.557627	240.927487	11.657287	0.000314	0.6
662	-1.572518	240.873414	11.659694	0.000430	0.6
663	-1.560146	240.807651	11.662623	0.000453	0.6
664	-1.558829	240.757185	11.664872	0.000678	0.6
665	-1.566651	240.676933	11.668449	0.000719	0.6
666	-1.555362	240.617628	11.671094	0.000466	0.6
667	-1.540748	240.696541	11.667575	0.000378	0.6
668	-1.536647	241.436240	11.634689	0.000503	0.6
669	-1.547506	242.364765	11.593669	0.000568	0.6
670	-1.567968	242.287462	11.597073	0.001160	0.6
671	-1.572170	243.287174	11.553205	0.000759	0.6
672	-1.543601	243.206854	11.556717	0.000682	0.6
673	-1.553108	244.206464	11.513158	0.000851	0.5
674	-1.559123	245.132917	11.473079	0.000515	0.6
675	-1.553446	246.132593	11.430144	0.000935	0.5
676	-1.572023	247.132133	11.387535	0.001137	0.6
677	-1.572020	247.051827	11.390946	0.000369	0.7
678	-1.557148	247.429098	11.374936	0.000729	0.7
679	-1.561391	247.348913	11.378335	0.000999	0.7
680	-1.583237	248.348889	11.336093	0.000993	0.7
681	-1.531094	249.348889	11.294161	0.000354	0.6
682	-1.560412	249.268606	11.297516	0.000473	0.6
683	-1.538807	249.868994	11.272475	0.000758	0.7
684	-1.564011	250.860650	11.231357	0.000315	0.6
685	-1.573536	251.837359	11.191150	0.000851	0.6
686	-1.577071	251.764058	11.194158	0.000524	0.6
687	-1.548320	252.763929	11.153273	0.000529	0.6
688	-1.556534	253.696599	11.115405	0.000837	0.6
689	-1.570196	254.687913	11.075436	0.000346	0.6
690	-1.583137	254.622401	11.078069	0.001042	0.6
691	-1.538157	254.542133	11.081296	0.000512	0.6
692	-1.589161	254.473711	11.084048	0.000798	0.6
693	-1.572708	255.423474	11.045965	0.000988	0.5
694	-1.543143	256.423467	11.006149	0.001037	0.6
695	-1.572694	256.343146	11.009336	0.000940	0.6
696	-1.571501	256.262826	11.012526	0.000330	0.5
697	-1.571933	256.745663	10.993381	0.000950	0.5
698	-1.540415	256.665346	10.996561	0.000654	0.6
699	-1.569474	256.585079	10.999741	0.000611	0.6
700	-1.567732	257.552103	10.961554	0.000498	0.6
701	-1.574543	257.471811	10.964715	0.000639	0.7
702	-1.564298	258.471246	10.925503	0.000473	0.7
703	-1.576926	259.352208	10.891171	0.000995	0.6
704	-1.562724	259.271888	10.894293	0.000552	0.6
705	-1.556517	259.192440	10.897382	0.000933	0.6
706	-1.531164	259.899651	10.869946	0.000751	0.6
707	-1.589677	259.819331	10.873055	0.000426	0.6
708	-1.566861	260.818435	10.834508	0.001041	0.6
709	-1.540749	261.817606	10.796230	0.000939	0.6
710	-1.559246	262.817606	10.758191	0.000460	0.6
711	-1.566399	263.657004	10.726467	0.000631	0.6
712	-1.558868	264.654788	10.689000	0.000795	0.6
713	-1.562895	264.576099	10.691945	0.000732	0.6
714	-1.578372	264.993225	10.676351	0.000534	0.6
715	-1.561984	265.991183	10.639226	0.000468	0.6
716	-1.562508	266.383168	10.624714	0.000753	0.6
717	-1.540717	266.302903	10.627682	0.001060	0.5
718	-1.559847	267.302645	10.590829	0.000700	0.5
719	-1.573830	268.301646	10.554257	0.000542	0.5
720	-1.554456	268.221392	10.557186	0.001353	0.6
721	-1.566134	268.141076	10.560118	0.000765	0.6
722	-1.579848	269.141076	10.523722	0.000950	0.6
723	-1.572413	270.141076	10.487575	0.000570	0.6
724	-1.542207	271.077385	10.453955	0.000428	0.7
725	-1.557605	271.017822	10.456088	0.000753	0.6
726	-1.525418	270.941436	10.458823	0.001052	0.6
727	-1.545698	271.940536	10.423153	0.001044	0.6
728	-1.561660	272.795090	10.392835	0.000892	0.5
729	-1.568315	272.714770	10.395677	0.000513	0.6
730	-1.557873	273.714674	10.360407	0.000451	0.7
731	-1.557147	273.658606	10.362378	0.000732	0.6
732	-1.571691	273.578292	10.365204	0.000475	0.6
733	-1.554820	273.498282	10.368020	0.000683	0.6
734	-1.558985	274.497015	10.332977	0.000759	0.6
735	-1.570384	274.428258	10.335382	0.000573	0.5
736	-1.564753	274.359410	10.337791	0.000886	0.5
737	-1.564426	275.359238	10.302915	0.000530	0.5
738	-1.545651	275.289519	10.305339	0.000515	0.5
739	-1.591627	275.566580	10.295711	0.000805	0.5
740	-1.576751	275.968421	10.281780	0.000854	0.6
741	-1.552735	276.967352	10.247310	0.000713	0.5
742	-1.552838	277.490131	10.229363	0.000635	0.6
743	-1.587071	278.367770	10.199374	0.000302	0.5
744	-1.554641	278.363453	10.199521	0.000468	0.6
745	-1.564283	278.660296	10.189418	0.000353	0.6
746	-1.550078	278.581149	10.192110	0.000336	0.6
747	-1.531340	278.506327	10.194656	0.000930	0.7
748	-1.552726	279.500400	10.160931	0.000947	0.6
749	-1.574180	280.500400	10.127230	0.000997	0.5
750	-1.569518	280.420080	10.129929	0.000713	0.7
751	-1.539529	281.420078	10.096433	0.000624	0.6
752	-1.599301	282.379404	10.064506	0.000468	0.5
753	-1.590273	282.300672	10.067119	0.000611	0.6
754	-1.547984	283.298258	10.034116	0.000869	0.5
755	-1.575886	283.226621	10.036479	0.000462	0.5
756	-1.544931	283.173320	10.038237	0.000815	0.6
757	-1.545216	283.528311	10.026536	0.001445	0.6
758	-1.561964	283.447991	10.029181	0.000483	0.6
759	-1.577700	284.302258	10.001118	0.000681	0.5
760	-1.562949	285.044315	9.976869	0.000503	0.6
761	-1.564560	285.998331	9.945865	0.000342	0.5
762	-1.576297	286.906720	9.916523	0.000703	0.5
763	-1.563838	287.262861	9.905066	0.000359	0.5
764	-1.548120	287.270331	9.904826	0.000701	0.6
765	-1.565078	287.190083	9.907405	0.000705	0.6
766	-1.579008	288.189633	9.875376	0.000722	0.5
767	-1.542133	288.328121	9.870955	0.000996	0.6
768	-1.550530	288.247802	9.873519	0.001129	0.6
769	-1.541612	289.247802	9.841694	0.000653	0.6
770	-1.573611	290.247782	9.810075	0.000778	0.6
771	-1.571910	290.167462	9.812607	0.000706	0.6
772	-1.595474	291.167444	9.781174	0.000347	0.6
773	-1.533428	291.087833	9.783669	0.000942	0.6
774	-1.551012	292.087290	9.752437	0.000965	0.6
775	-1.574725	293.087290	9.721386	0.000699	0.6
776	-1.514343	294.087270	9.690534	0.000878	0.5
777	-1.560425	295.087206	9.659878	0.000762	0.5
778	-1.573774	296.083306	9.629532	0.000671	0.5
779	-1.548228	296.012331	9.631688	0.000747	0.5
780	-1.523242	297.012331	9.601401	0.000949	0.5
781	-1.567668	298.012313	9.571304	0.000848	0.5
782	-1.565911	297.931993	9.573715	0.000862	0.5
783	-1.565904	298.931993	9.543791	0.000309	0.7
784	-1.581878	299.468852	9.527803	0.001003	0.5
785	-1.535481	299.400385	9.529839	0.001267	0.6
786	-1.570836	299.745439	9.519586	0.000849	0.5
787	-1.584665	300.745439	9.489999	0.000448	0.5
788	-1.580035	301.130357	9.478659	0.000614	0.6
789	-1.569627	301.774530	9.459743	0.000997	0.5
790	-1.526740	301.698136	9.461982	0.000378	0.6
791	-1.548596	301.618072	9.464330	0.000860	0.7
792	-1.567190	302.610641	9.435301	0.000557	0.7
793	-1.519545	303.607342	9.406331	0.000711	0.6
794	-1.578260	303.527027	9.408658	0.000769	0.6
795	-1.577972	303.446714	9.410987	0.000587	0.5
796	-1.546230	304.441253	9.382228	0.001121	0.6
797	-1.557745	305.441239	9.353487	0.000646	0.6
798	-1.571027	306.441239	9.324922	0.000564	0.6
799	-1.544200	306.362170	9.327174	0.001159	0.6
800	-1.563237	306.281882	9.329462	0.000933	0.6
801	-1.586866	307.281864	9.301044	0.000753	0.6
802	-1.540681	307.224548	9.302668	0.000574	0.6
803	-1.592690	307.144600	9.304934	0.000556	0.6
804	-1.565370	307.064510	9.307206	0.000585	0.6
805	-1.575088	307.698794	9.289246	0.000461	0.5
806	-1.570675	307.629441	9.291206	0.000656	0.6
807	-1.569487	308.106442	9.277740	0.000346	0.6
808	-1.597194	309.090297	9.250087	0.000417	0.6
809	-1.549819	309.772321	9.231014	0.000551	0.6
810	-1.564463	309.695411	9.233161	0.000319	0.6
811	-1.565154	309.616366	9.235368	0.001165	0.6
812	-1.564137	309.536852	9.237590	0.001063	0.7
813	-1.542377	310.536852	9.209727	0.000595	0.9
814	-1.560720	311.536749	9.182035	0.000814	0.7
815	-1.562270	311.456430	9.184253	0.000605	0.7
816	-1.582884	312.456419	9.156711	0.000545	0.6
817	-1.542363	312.434103	9.157324	0.000690	0.6
818	-1.547140	313.428256	9.130102	0.000322	0.6
819	-1.548877	313.349582	9.132250	0.001002	0.6
820	-1.534691	314.207363	9.108881	0.000756	0.6
821	-1.574165	315.207363	9.081788	0.000652	0.6
822	-1.573294	316.207345	9.054856	0.000877	0.6
823	-1.516104	317.196488	9.028373	0.000614	0.6
824	-1.564504	318.196487	9.001756	0.000610	0.6
825	-1.547145	318.116172	9.003888	0.000827	0.6
826	-1.593461	319.116167	8.977415	0.000548	0.6
827	-1.592668	319.041405	8.979389	0.000529	0.6
828	-1.558819	318.961129	8.981509	0.000656	0.6
829	-1.592738	319.958120	8.955246	0.000959	0.6
830	-1.570127	320.953729	8.929173	0.000533	0.6
831	-1.545789	321.953716	8.903137	0.000453	0.7
832	-1.538831	321.883770	8.904953	0.000578	0.7
833	-1.541517	321.803510	8.907038	0.000906	0.7
834	-1.542443	322.802796	8.881149	0.000593	0.7
835	-1.561682	322.722940	8.883213	0.000641	0.6
836	-1.567031	322.642740	8.885286	0.001066	0.7
837	-1.561075	323.642740	8.859505	0.000234	0.6
838	-1.537115	324.475580	8.838147	0.000999	0.7
839	-1.560681	324.399991	8.840081	0.000844	0.6
840	-1.566098	325.091692	8.822413	0.000502	0.6
841	-1.557663	326.090665	8.797021	0.000736	0.6
842	-1.544817	326.012029	8.799015	0.000567	0.6
843	-1.549349	325.932381	8.801035	0.000958	0.6
844	-1.569257	326.712336	8.781293	0.000280	0.6
845	-1.569264	326.710838	8.781331	0.000469	0.6
846	-1.564161	327.328739	8.765754	0.000323	0.6
847	-1.572818	327.956254	8.749991	0.000427	0.6
848	-1.563747	327.878092	8.751951	0.001015	0.6
849	-1.551697	328.873902	8.727041	0.000571	0.6
850	-1.577733	329.873832	8.702171	0.000752	0.6
851	-1.563623	329.793512	8.704163	0.001359	0.6
852	-1.577647	330.793512	8.679421	0.000475	0.7
853	-1.564874	331.563018	8.660477	0.000825	0.7
854	-1.556115	332.528208	8.636833	0.000955	0.8
855	-1.548558	333.528207	8.612471	0.000925	0.6
856	-1.580530	334.528074	8.588250	0.000497	0.6
857	-1.552773	334.448369	8.590176	0.000737	0.6
858	-1.564271	335.448165	8.566081	0.001568	0.6
859	-1.551321	336.448147	8.542117	0.000588	0.6
860	-1.565604	336.367840	8.544037	0.000282	0.6
861	-1.549208	336.751707	8.534869	0.000347	0.6
862	-1.529377	336.787391	8.534018	0.000964	0.6
863	-1.558220	337.741435	8.511322	0.000380	0.6
864	-1.593221	337.785266	8.510282	0.000730	0.6
865	-1.540334	338.587342	8.491300	0.000387	0.6
866	-1.539803	339.525383	8.469207	0.000496	0.6
867	-1.541813	339.608130	8.467263	0.000998	0.6
868	-1.567165	340.333692	8.450261	0.000546	0.6
869	-1.568536	341.322389	8.427202	0.000807	0.6
870	-1.537221	342.321760	8.404022	0.000706	0.5
871	-1.547858	342.241473	8.405879	0.001063	0.8
872	-1.553889	343.241446	8.382802	0.000412	0.6
873	-1.555334	344.240468	8.359873	0.000180	0.7
874	-1.542939	344.379127	8.356701	0.000536	0.6
875	-1.555766	344.367207	8.356973	0.001024	0.7
876	-1.572068	345.346830	8.334626	0.000911	0.7
877	-1.577222	346.346802	8.311938	0.000539	0.6
878	-1.543030	346.266546	8.313755	0.000734	0.6
879	-1.594923	347.220195	8.292223	0.000475	0.6
880	-1.557802	348.185260	8.270547	0.000712	0.6
881	-1.573061	349.157475	8.248824	0.000634	0.6
882	-1.566299	349.080121	8.250548	0.000806	0.6
883	-1.564533	348.999800	8.252339	0.000590	0.6
884	-1.561622	349.993925	8.230226	0.000556	0.6
885	-1.559978	349.913614	8.232008	0.001231	0.6
886	-1.551710	349.879152	8.232773	0.000579	0.6
887	-1.540310	349.798832	8.234557	0.000361	0.6
888	-1.524673	349.937927	8.231469	0.000469	0.6
889	-1.559361	350.102227	8.227824	0.000538	0.5
890	-1.549461	350.023035	8.229581	0.000827	0.6
891	-1.601553	349.942849	8.231360	0.000721	0.6
892	-1.557048	350.064156	8.228669	0.000679	0.7
893	-1.570393	350.945716	8.209166	0.000609	0.6
894	-1.546370	351.927485	8.187554	0.000848	0.7
895	-1.545237	351.847175	8.189318	0.000834	0.6
896	-1.559632	351.879108	8.188616	0.001094	0.6
897	-1.575669	352.879099	8.166715	0.000551	0.6
898	-1.544282	353.879069	8.144930	0.000889	0.6
899	-1.573634	353.817448	8.146270	0.000844	0.6
900	-1.573530	354.817447	8.124593	0.000873	0.6
901	-1.521620	355.817447	8.103032	0.000697	0.6
902	-1.553239	356.817405	8.081586	0.000638	0.6
903	-1.571359	357.741382	8.061870	0.000650	0.6
904	-1.546532	358.667026	8.042215	0.001455	0.6
905	-1.559133	359.667026	8.021089	0.000377	0.6
906	-1.551845	360.605797	8.001356	0.000599	0.6
907	-1.549503	360.843518	7.996375	0.000767	0.6
908	-1.548286	360.980411	7.993509	0.000288	0.6
909	-1.570419	361.563547	7.981325	0.000644	0.5
910	-1.590069	361.535976	7.981900	0.000709	0.6
911	-1.559421	362.533961	7.961131	0.000878	0.6
912	-1.557980	363.528451	7.940541	0.000581	0.7
913	-1.538058	363.448131	7.942200	0.000568	0.7
914	-1.568272	363.813634	7.934656	0.000567	0.6
915	-1.579079	363.733428	7.936311	0.001232	0.7
916	-1.569323	364.731487	7.915776	0.000488	0.6
917	-1.543582	365.731486	7.895307	0.001255	0.6
918	-1.587416	365.651166	7.896947	0.000474	0.6
919	-1.554895	366.578700	7.878049	0.000837	0.6
920	-1.523254	367.577329	7.857803	0.000772	0.6
921	-1.556114	367.693749	7.855449	0.000674	0.6
922	-1.558045	367.613429	7.857073	0.000497	0.6
923	-1.539708	367.588515	7.857576	0.000887	0.6
924	-1.597584	367.516246	7.859038	0.000621	0.6
925	-1.578681	368.447144	7.840252	0.000564	0.6
926	-1.541329	368.368634	7.841833	0.000530	0.6
927	-1.571253	368.289620	7.843425	0.000381	0.6
928	-1.574878	368.245909	7.844306	0.000876	0.6
929	-1.573103	369.155416	7.826020	0.000606	0.5
930	-1.573626	370.148706	7.806146	0.000943	0.6
931	-1.561689	371.148700	7.786240	0.000301	0.6
932	-1.577179	371.814887	7.773035	0.000923	0.7
933	-1.543151	371.734605	7.774624	0.000548	0.7
934	-1.537339	372.470313	7.760087	0.000883	0.6
935	-1.536774	372.390155	7.761668	0.001052	0.6
936	-1.531603	373.390155	7.741988	0.000705	0.6
937	-1.560827	374.388657	7.722437	0.000453	0.6
938	-1.552986	375.353598	7.703636	0.000287	0.5
939	-1.567160	375.317240	7.704343	0.000926	0.6
940	-1.564847	376.295831	7.685366	0.000495	0.7
941	-1.561917	377.294534	7.666096	0.000934	0.6
942	-1.575272	377.214214	7.667642	0.000487	0.6
943	-1.557170	377.159542	7.668695	0.001047	0.7
944	-1.566642	378.149762	7.649670	0.000459	0.6
945	-1.533473	378.944706	7.634465	0.000249	0.6
946	-1.531921	379.195586	7.629679	0.000790	0.6
947	-1.583414	379.119054	7.631139	0.000622	0.7
948	-1.558652	379.039326	7.632659	0.000963	0.6
949	-1.572952	380.039325	7.613627	0.000440	0.6
950	-1.563636	380.962400	7.596143	0.000713	0.6
951	-1.532795	381.056429	7.594367	0.000437	0.6
952	-1.550521	380.978486	7.595839	0.000755	0.7
953	-1.580034	381.860835	7.579203	0.001006	0.7
954	-1.533565	382.860834	7.560436	0.000793	0.6
955	-1.571506	383.860578	7.541766	0.000441	0.6
956	-1.543103	384.789609	7.524500	0.000398	0.7
957	-1.580641	384.765654	7.524944	0.000483	0.6
958	-1.554257	384.685547	7.526430	0.000915	0.6
959	-1.554898	384.616805	7.527706	0.001136	0.6
960	-1.570608	385.616805	7.509193	0.000340	0.6
961	-1.553729	385.565329	7.510143	0.000336	0.6
962	-1.571300	385.738027	7.506955	0.000388	0.6
963	-1.537465	386.357234	7.495544	0.000669	0.7
964	-1.552986	387.286345	7.478487	0.000842	0.6
965	-1.560421	388.279762	7.460335	0.000867	0.6
966	-1.552982	389.274135	7.442253	0.001174	0.6
967	-1.560748	390.274135	7.424157	0.000953	0.6
968	-1.545750	390.195014	7.425586	0.000747	0.5
969	-1.544623	390.116592	7.427002	0.000860	0.6
970	-1.566701	390.036277	7.428454	0.000711	0.6
971	-1.577203	391.036277	7.410425	0.000594	0.6
972	-1.545749	390.955958	7.411870	0.000491	0.7
973	-1.547725	390.875651	7.413315	0.000642	0.6
974	-1.563745	390.799803	7.414680	0.000980	0.6
975	-1.574819	391.799782	7.396719	0.000287	0.6
976	-1.576967	391.719879	7.398151	0.000735	0.6
977	-1.580709	391.727810	7.398009	0.000412	0.6
978	-1.584785	391.648247	7.399435	0.001121	0.6
979	-1.551486	392.648243	7.381547	0.000359	0.5
980	-1.598915	393.644592	7.363810	0.000831	0.6
981	-1.561471	393.564641	7.365230	0.000797	0.6
982	-1.538251	393.484321	7.366657	0.001184	0.6
983	-1.573128	394.484321	7.348927	0.000463	0.6
984	-1.547994	394.407280	7.350290	0.000458	0.6
985	-1.574356	394.352309	7.351263	0.000924	0.6
986	-1.576909	395.035831	7.339185	0.001136	0.6
987	-1.558609	396.035831	7.321587	0.001120	0.6
988	-1.549151	397.035831	7.304072	0.000566	0.6
989	-1.558386	398.009504	7.287099	0.000098	0.6
990	-1.572448	398.261411	7.282721	0.000775	0.6
991	-1.552247	398.291815	7.282193	0.000642	0.5
992	-1.551053	399.281459	7.265046	0.000549	0.6
993	-1.541856	399.488624	7.261466	0.000989	0.7
994	-1.546471	400.488621	7.244238	0.000760	0.6
995	-1.527006	401.488621	7.227092	0.000502	0.6
996	-1.562386	401.412506	7.228394	0.000727	0.6
997	-1.578814	401.428645	7.228118	0.000630	0.6
998	-1.573003	401.898310	7.220090	0.000399	0.6
999	-1.557291	402.716752	7.206144	0.000564	0.6
Time spent in resolution 0 (ITK initialization and iterating): 0.766 s.
Stopping condition: Maximum number of iterations has been reached.
Settings of AdaptiveStochasticGradientDescent in resolution 0:
( SP_a 3053.363945 )
( SP_A 20.000000 )
( SP_alpha 1.000000 )
( SigmoidMax 1.000000 )
( SigmoidMin -0.080320 )
( SigmoidScale 0.000000 )


Resolution: 1
WARNING: The parameter "ShowExactMetricValue", requested at entry number 1, does not exist at all.
  The default value "false" is used instead.
WARNING: The parameter "CheckNumberOfSamples", requested at entry number 1, does not exist at all.
  The default value "true" is used instead.
WARNING: The parameter "UseMultiThreadingForMetrics", requested at entry number 1, does not exist at all.
  The default value "true" is used instead.
Setting the fixed masks took: 0 ms.
Setting the moving masks took: 0 ms.
WARNING: The parameter "NumberOfFixedHistogramBins", requested at entry number 1, does not exist at all.
  The default value "32" is used instead.
WARNING: The parameter "NumberOfMovingHistogramBins", requested at entry number 1, does not exist at all.
  The default value "32" is used instead.
WARNING: The parameter "FixedLimitRangeRatio", requested at entry number 1, does not exist at all.
  The default value "0.01" is used instead.
WARNING: The parameter "MovingLimitRangeRatio", requested at entry number 1, does not exist at all.
  The default value "0.01" is used instead.
WARNING: The parameter "FixedKernelBSplineOrder", requested at entry number 1, does not exist at all.
  The default value "0" is used instead.
WARNING: The parameter "MovingKernelBSplineOrder", requested at entry number 1, does not exist at all.
  The default value "3" is used instead.
WARNING: The parameter "UseFastAndLowMemoryVersion", requested at entry number 1, does not exist at all.
  The default value "true" is used instead.
WARNING: The parameter "UseJacobianPreconditioning", requested at entry number 1, does not exist at all.
  The default value "false" is used instead.
WARNING: The parameter "FiniteDifferenceDerivative", requested at entry number 1, does not exist at all.
  The default value "false" is used instead.
WARNING: The parameter "SP_A", requested at entry number 1, does not exist at all.
  The default value "20" is used instead.
WARNING: The parameter "MaximumNumberOfSamplingAttempts", requested at entry number 1, does not exist at all.
  The default value "0" is used instead.
WARNING: The parameter "SigmoidInitialTime", requested at entry number 1, does not exist at all.
  The default value "0" is used instead.
WARNING: The parameter "MaxBandCovSize", requested at entry number 1, does not exist at all.
  The default value "192" is used instead.
WARNING: The parameter "NumberOfBandStructureSamples", requested at entry number 1, does not exist at all.
  The default value "10" is used instead.
WARNING: The parameter "UseAdaptiveStepSizes", requested at entry number 1, does not exist at all.
  The default value "true" is used instead.
WARNING: The parameter "AutomaticParameterEstimation", requested at entry number 1, does not exist at all.
  The default value "true" is used instead.
WARNING: The parameter "UseConstantStep", requested at entry number 1, does not exist at all.
  The default value "false" is used instead.
WARNING: The parameter "MaximumStepLengthRatio", requested at entry number 1, does not exist at all.
  The default value "1" is used instead.
WARNING: The parameter "MaximumStepLength", requested at entry number 1, does not exist at all.
  The default value "1" is used instead.
WARNING: The parameter "NumberOfGradientMeasurements", requested at entry number 1, does not exist at all.
  The default value "0" is used instead.
WARNING: The parameter "NumberOfJacobianMeasurements", requested at entry number 1, does not exist at all.
  The default value "1000" is used instead.
WARNING: The parameter "NumberOfSamplesForExactGradient", requested at entry number 1, does not exist at all.
  The default value "100000" is used instead.
WARNING: The parameter "SigmoidScaleFactor", requested at entry number 1, does not exist at all.
  The default value "0.1" is used instead.
Elastix initialization of all components (for this resolution) took: 1 ms.
  Computing the fixed image extrema took 0 ms.
  Computing the moving image extrema took 0 ms.
Initialization of AdvancedMattesMutualInformation metric took: 0 ms.
Starting automatic parameter estimation for AdaptiveStochasticGradientDescent ...
WARNING: The parameter "ASGDParameterEstimationMethod", requested at entry number 0, does not exist at all.
  The default value "Original" is used instead.
  Computing JacobianTerms ...
  Computing the Jacobian terms took 0.000163s
  NumberOfGradientMeasurements to estimate sigma_i: 9
  Sampling gradients ...
  Sampling the gradients took 0.010078s
Automatic parameter estimation took 0.01s
1:ItNr	2:Metric	3a:Time	3b:StepSize	4:||Gradient||	Time[ms]
0	-1.079522	0.000000	68.356566	0.006861	12.1
1	-1.089403	0.000000	68.356566	0.005436	0.6
2	-1.064063	0.000000	68.356566	0.005213	0.6
3	-1.091576	0.000000	68.356566	0.005793	0.6
4	-1.057717	0.000000	68.356566	0.006042	0.6
5	-1.073589	0.000000	68.356566	0.004881	0.6
6	-1.100077	0.000000	68.356566	0.004519	0.6
7	-1.092712	0.000000	68.356566	0.004862	0.7
8	-1.084239	0.000000	68.356566	0.004287	0.6
9	-1.055974	0.000000	68.356566	0.004704	0.7
10	-1.062994	0.000000	68.356566	0.004653	0.9
11	-1.096751	0.000000	68.356566	0.004264	0.7
12	-1.080115	0.000000	68.356566	0.003008	0.8
13	-1.107595	0.000000	68.356566	0.004026	0.6
14	-1.116242	0.000000	68.356566	0.004173	0.7
15	-1.087769	0.000000	68.356566	0.003425	0.6
16	-1.112967	0.000000	68.356566	0.004062	0.6
17	-1.119274	0.000000	68.356566	0.002778	0.6
18	-1.130432	0.000000	68.356566	0.003328	0.6
19	-1.096945	0.000000	68.356566	0.004494	0.9
20	-1.075306	0.000000	68.356566	0.003524	0.6
21	-1.099457	0.000000	68.356566	0.003999	0.6
22	-1.094530	0.000000	68.356566	0.003233	0.5
23	-1.123535	0.000000	68.356566	0.003016	0.6
24	-1.118439	0.000000	68.356566	0.002830	0.6
25	-1.108082	0.000000	68.356566	0.003501	0.9
26	-1.090611	0.000000	68.356566	0.003142	0.8
27	-1.121049	0.000000	68.356566	0.002751	0.5
28	-1.126294	0.000000	68.356566	0.004071	0.5
29	-1.094540	0.000000	68.356566	0.002424	0.8
30	-1.082320	0.000000	68.356566	0.003100	0.7
31	-1.109346	0.000000	68.356566	0.003198	0.8
32	-1.114071	0.000000	68.356566	0.003082	0.6
33	-1.109889	0.000000	68.356566	0.003001	0.6
34	-1.126865	0.000000	68.356566	0.003273	0.6
35	-1.092227	0.000000	68.356566	0.002806	0.6
36	-1.097410	0.000000	68.356566	0.001892	0.6
37	-1.100622	0.000000	68.356566	0.003220	0.6
38	-1.099745	0.000000	68.356566	0.002287	0.6
39	-1.108589	0.000000	68.356566	0.003373	0.6
40	-1.123362	0.000000	68.356566	0.002371	0.6
41	-1.052619	0.000000	68.356566	0.001665	0.6
42	-1.080329	0.000000	68.356566	0.002306	0.7
43	-1.129669	0.000000	68.356566	0.002364	0.6
44	-1.072592	0.000000	68.356566	0.002763	0.6
45	-1.099351	0.000000	68.356566	0.002107	0.6
46	-1.094403	0.000000	68.356566	0.001971	0.6
47	-1.096255	0.000000	68.356566	0.002026	0.6
48	-1.099689	0.000000	68.356566	0.002420	0.6
49	-1.134314	0.000000	68.356566	0.002030	0.7
50	-1.111624	0.000000	68.356566	0.002994	0.6
51	-1.150016	0.000000	68.356566	0.001812	0.7
52	-1.088924	0.000000	68.356566	0.002960	0.6
53	-1.114875	0.000000	68.356566	0.002388	0.6
54	-1.118270	0.000000	68.356566	0.002763	0.6
55	-1.090754	0.000000	68.356566	0.001634	0.6
56	-1.100995	0.000000	68.356566	0.001853	0.8
57	-1.105630	0.000000	68.356566	0.001577	0.6
58	-1.106925	0.000000	68.356566	0.001978	0.6
59	-1.098713	0.000000	68.356566	0.001782	0.6
60	-1.128392	0.000000	68.356566	0.001991	0.6
61	-1.134007	1.000000	65.249450	0.001431	0.6
62	-1.129131	0.970177	65.338020	0.002092	0.6
63	-1.133617	0.940355	65.426831	0.001699	0.6
64	-1.103200	0.910532	65.515883	0.002184	0.6
65	-1.109562	0.880710	65.605179	0.001600	0.6
66	-1.103221	0.850887	65.694718	0.001511	0.7
67	-1.118645	0.821065	65.784502	0.001899	0.9
68	-1.119577	0.791242	65.874532	0.001917	0.6
69	-1.112104	1.776200	63.025786	0.001106	0.7
70	-1.105115	1.746819	63.107192	0.001026	0.7
71	-1.095183	1.716997	63.190038	0.001695	0.9
72	-1.090564	1.687174	63.273102	0.001407	0.7
73	-1.110732	1.657352	63.356384	0.001052	0.7
74	-1.111219	1.627529	63.439887	0.001889	0.8
75	-1.100618	1.597707	63.523609	0.001592	0.6
76	-1.073684	1.567884	63.607553	0.001215	0.5
77	-1.106584	1.538062	63.691719	0.001455	0.7
78	-1.128657	1.508239	63.776108	0.001119	0.7
79	-1.121800	1.478417	63.860721	0.001274	0.6
80	-1.119809	1.448594	63.945558	0.000863	0.7
81	-1.124234	1.418772	64.030622	0.001544	0.6
82	-1.078302	1.388949	64.115912	0.001514	0.6
83	-1.130279	1.359127	64.201429	0.000485	0.7
84	-1.094245	1.329900	64.285459	0.001027	0.6
85	-1.130703	1.300078	64.371429	0.001573	0.6
86	-1.134980	1.270257	64.457625	0.001774	0.6
87	-1.126274	1.240435	64.544058	0.001028	0.6
88	-1.086239	1.210612	64.630722	0.001387	0.6
89	-1.104529	1.180790	64.717619	0.001256	0.6
90	-1.118118	1.150968	64.804748	0.001581	0.6
91	-1.108807	1.121145	64.892114	0.001335	0.6
92	-1.088661	1.091323	64.979716	0.000698	0.6
93	-1.096828	1.061500	65.067555	0.001244	0.6
94	-1.112482	1.031678	65.155632	0.001158	0.6
95	-1.099465	1.001855	65.243947	0.001181	0.6
96	-1.127997	0.972033	65.332502	0.001097	0.7
97	-1.130966	0.942210	65.421298	0.000740	0.6
98	-1.102685	1.081708	65.008010	0.001767	0.6
99	-1.091674	1.051886	65.095925	0.001329	0.6
100	-1.137850	1.022063	65.184079	0.000675	0.6
101	-1.105549	0.992241	65.272471	0.001269	0.6
102	-1.099743	1.872195	62.761265	0.000373	0.5
103	-1.139190	1.842511	62.842823	0.001313	0.6
104	-1.152331	2.840149	60.213042	0.001897	0.5
105	-1.120120	2.810326	60.288459	0.000891	0.6
106	-1.130041	3.810326	57.858485	0.001452	0.5
107	-1.100973	3.780504	57.928115	0.001096	0.6
108	-1.123595	3.750682	57.997911	0.000811	0.7
109	-1.097713	3.721107	58.067299	0.000681	0.6
110	-1.116249	3.691285	58.137431	0.001605	0.6
111	-1.121427	3.661463	58.207735	0.000895	0.6
112	-1.135492	3.631640	58.278210	0.001976	0.7
113	-1.100672	3.601818	58.348855	0.001333	0.7
114	-1.110220	4.601818	56.069764	0.001265	0.6
115	-1.114813	4.572046	56.135042	0.001217	0.7
116	-1.129404	4.542224	56.200584	0.000872	0.6
117	-1.147023	5.211542	54.765489	0.001593	0.6
118	-1.100113	5.181720	54.827869	0.001472	0.7
119	-1.140258	6.181695	52.810830	0.001004	0.6
120	-1.112406	7.177035	50.945313	0.001443	0.6
121	-1.106326	8.098012	49.332851	0.000950	0.7
122	-1.143318	8.068190	49.383464	0.000566	0.6
123	-1.071283	8.576818	48.534224	0.001171	0.6
124	-1.117897	8.547104	48.583032	0.001685	0.6
125	-1.133630	9.547104	46.992602	0.000685	0.6
126	-1.101877	10.544173	45.507229	0.000212	0.6
127	-1.124257	10.534301	45.521475	0.001400	0.6
128	-1.077482	10.549249	45.499906	0.000870	0.6
129	-1.120968	11.547810	44.103977	0.001237	0.7
130	-1.098104	11.517988	44.144425	0.000924	0.7
131	-1.134464	11.488165	44.184948	0.001114	0.7
132	-1.109965	11.458357	44.225525	0.001316	0.6
133	-1.115740	11.429028	44.265523	0.000795	0.6
134	-1.110152	12.429016	42.941374	0.001260	0.6
135	-1.119675	13.429015	41.694132	0.000980	0.6
136	-1.096515	14.426003	40.520741	0.000834	0.7
137	-1.117564	15.426002	39.408329	0.001372	0.7
138	-1.096001	15.397329	39.439375	0.000511	0.8
139	-1.079736	15.367506	39.471717	0.000791	0.7
140	-1.083851	16.142723	38.647891	0.000767	0.6
141	-1.101400	17.094430	37.682357	0.001646	0.7
142	-1.129849	17.067505	37.709009	0.000472	0.6
143	-1.110594	17.510654	37.275085	0.001511	0.7
144	-1.125853	17.480831	37.303973	0.000521	0.6
145	-1.109204	17.451009	37.332906	0.001538	0.5
146	-1.097395	17.421186	37.361883	0.001430	0.6
147	-1.133113	17.391364	37.390906	0.000787	0.6
148	-1.132381	18.391356	36.441698	0.001504	0.6
149	-1.120089	18.361534	36.469308	0.000710	0.6
150	-1.103591	18.331717	36.496955	0.001568	0.6
151	-1.114810	18.301894	36.524649	0.000592	0.5
152	-1.112464	18.272286	36.552186	0.001803	0.7
153	-1.107513	18.345099	36.484542	0.000752	0.5
154	-1.115684	18.315276	36.512217	0.000517	0.6
155	-1.116387	18.285603	36.539795	0.000824	0.7
156	-1.099345	19.147506	35.755344	0.001503	0.5
157	-1.121497	20.147506	34.886388	0.000846	0.6
158	-1.121854	20.117684	34.911691	0.000899	0.6
159	-1.143864	20.087861	34.937031	0.001060	0.6
160	-1.141815	21.087861	34.106934	0.000413	0.5
161	-1.110453	21.058039	34.131118	0.001002	0.6
162	-1.041595	21.028562	34.155056	0.000442	0.6
163	-1.128848	21.009150	34.170839	0.001502	0.6
164	-1.110687	20.980545	34.194122	0.000789	0.6
165	-1.106162	21.115163	34.084823	0.001750	0.6
166	-1.128043	22.115163	33.294270	0.001081	0.6
167	-1.098087	23.115163	32.539558	0.000951	0.6
168	-1.109892	24.115160	31.818304	0.001067	0.5
169	-1.093287	25.114997	31.128439	0.001328	0.7
170	-1.107695	26.114995	30.467750	0.001748	0.6
171	-1.101838	27.114995	29.834523	0.001034	0.7
172	-1.105128	27.085172	29.853026	0.001203	0.6
173	-1.114202	28.085052	29.244909	0.000942	0.7
174	-1.107112	29.085052	28.661004	0.001101	0.6
175	-1.143993	29.363836	28.502354	0.002032	0.6
176	-1.114560	29.334013	28.519242	0.001661	0.6
177	-1.089494	29.304191	28.536149	0.001247	0.6
178	-1.150452	30.304191	27.979934	0.000847	0.6
179	-1.099118	30.274368	27.996208	0.000727	0.6
180	-1.104382	30.783387	27.721012	0.000585	0.7
181	-1.118143	30.753589	27.736973	0.001205	0.6
182	-1.121990	30.723767	27.752965	0.000536	0.6
183	-1.121601	31.723617	27.226658	0.001093	0.6
184	-1.124188	31.693794	27.242067	0.000862	0.6
185	-1.110090	31.663972	27.257494	0.000735	0.6
186	-1.125731	31.634149	27.272938	0.001102	0.6
187	-1.120002	31.604327	27.288400	0.001374	0.6
188	-1.125728	31.574504	27.303879	0.001121	0.6
189	-1.077691	32.574504	26.794236	0.000723	0.5
190	-1.116097	32.553600	26.804695	0.001751	0.6
191	-1.068697	32.523780	26.819628	0.001339	0.6
192	-1.116945	32.495103	26.834005	0.001119	0.5
193	-1.106941	33.495103	26.341594	0.001453	0.6
194	-1.133160	33.465281	26.356017	0.001362	0.6
195	-1.105935	33.435458	26.370457	0.000645	0.6
196	-1.122870	33.405640	26.384909	0.001218	0.6
197	-1.080850	33.375822	26.399378	0.001001	0.7
198	-1.119904	33.345999	26.413865	0.001373	0.6
199	-1.120222	33.316177	26.428368	0.001506	0.6
200	-1.094900	33.286354	26.442886	0.001579	0.6
201	-1.098863	33.256532	26.457421	0.000967	0.6
202	-1.115568	33.226709	26.471971	0.000910	0.6
203	-1.068655	33.280217	26.445876	0.000747	0.6
204	-1.136167	33.884241	26.154828	0.001403	0.5
205	-1.108492	33.854418	26.169048	0.001045	0.5
206	-1.107836	33.824596	26.183283	0.001117	0.6
207	-1.105003	33.794773	26.197533	0.001430	0.6
208	-1.077183	33.764951	26.211799	0.002096	0.5
209	-1.101239	33.735128	26.226081	0.000849	0.7
210	-1.104405	33.705306	26.240378	0.001557	0.6
211	-1.101418	33.675483	26.254690	0.001076	0.7
212	-1.094825	33.645661	26.269019	0.000852	0.6
213	-1.129523	33.618110	26.282269	0.001599	0.6
214	-1.151616	34.484127	25.872046	0.001585	0.6
215	-1.111616	34.454304	25.885960	0.001785	0.7
216	-1.099058	34.424482	25.899888	0.001051	0.6
217	-1.099524	34.394659	25.913832	0.001162	0.6
218	-1.097547	34.365708	25.927382	0.001741	0.8
219	-1.092966	34.335886	25.941356	0.000848	0.6
220	-1.107630	34.306063	25.955344	0.000821	0.6
221	-1.144234	34.606823	25.814960	0.001075	0.6
222	-1.115895	34.577000	25.828812	0.000668	0.5
223	-1.101416	35.536844	25.390308	0.000962	0.5
224	-1.126622	35.507022	25.403708	0.001433	0.6
225	-1.137866	35.477199	25.417122	0.000542	0.5
226	-1.143253	35.447412	25.430535	0.000558	0.6
227	-1.100393	36.423310	24.998348	0.001024	0.6
228	-1.088258	36.395315	25.010541	0.001136	0.6
229	-1.107300	37.386469	24.585968	0.001429	0.8
230	-1.105891	37.356647	24.598533	0.001151	0.6
231	-1.078904	37.326824	24.611110	0.001765	0.6
232	-1.090125	37.297002	24.623700	0.001107	0.6
233	-1.123466	37.267179	24.636303	0.000674	0.5
234	-1.143001	37.240233	24.647702	0.000973	0.6
235	-1.117658	37.210736	24.660192	0.000486	0.6
236	-1.123090	37.181917	24.672406	0.001657	0.6
237	-1.099262	37.152591	24.684848	0.000702	0.6
238	-1.134254	37.122769	24.697514	0.000507	0.6
239	-1.118455	37.093069	24.710140	0.001351	0.8
240	-1.104888	37.063246	24.722832	0.000792	0.6
241	-1.115427	38.062739	24.304458	0.001217	0.6
242	-1.079359	38.161073	24.264061	0.000917	0.6
243	-1.108819	38.131280	24.276287	0.001263	0.6
244	-1.120217	38.101457	24.288536	0.001738	0.5
245	-1.146245	38.071635	24.300799	0.001751	0.5
246	-1.107426	39.071635	23.896268	0.001321	0.5
247	-1.086409	40.071635	23.504986	0.001347	0.5
248	-1.126098	41.071635	23.126310	0.001222	0.7
249	-1.112284	42.071635	22.759643	0.000732	0.6
250	-1.100909	43.058086	22.409160	0.000567	0.6
251	-1.100254	43.028547	22.419498	0.001112	0.5
252	-1.110720	43.209239	22.356407	0.000794	0.6
253	-1.087246	43.180297	22.366489	0.001110	0.6
254	-1.125688	43.150474	22.376887	0.001183	0.5
255	-1.094554	44.150474	22.033422	0.001092	0.6
256	-1.088521	44.120652	22.043512	0.001054	0.5
257	-1.098920	45.120652	21.710129	0.001286	0.6
258	-1.149336	46.120652	21.386680	0.000783	0.6
259	-1.118607	46.474233	21.274609	0.001354	0.6
260	-1.141029	47.474210	20.963920	0.000386	0.6
261	-1.132493	47.444409	20.973048	0.000943	0.7
262	-1.091140	47.414648	20.982172	0.001298	0.6
263	-1.072083	47.384826	20.991322	0.001406	0.6
264	-1.127747	47.355003	21.000480	0.001163	0.6
265	-1.114326	47.325181	21.009646	0.001345	0.6
266	-1.100991	47.295358	21.018821	0.000823	0.5
267	-1.117785	47.265536	21.028003	0.001242	0.5
268	-1.104242	47.235713	21.037193	0.000981	0.6
269	-1.107580	47.288226	21.021016	0.000903	0.7
270	-1.101253	47.258410	21.030198	0.002500	0.5
271	-1.114313	47.228588	21.039390	0.001625	0.6
272	-1.093136	47.198765	21.048591	0.002104	0.6
273	-1.119760	47.168943	21.057799	0.001313	0.6
274	-1.096452	47.139120	21.067015	0.001803	0.6
275	-1.106850	47.109298	21.076240	0.001307	0.6
276	-1.164033	47.079479	21.085471	0.002125	0.7
277	-1.127965	47.049657	21.094712	0.001247	0.6
278	-1.144333	47.019834	21.103960	0.001583	0.6
279	-1.118368	46.990012	21.113217	0.001263	0.6
280	-1.126401	46.960189	21.122482	0.001720	0.6
281	-1.126698	46.930367	21.131755	0.001289	0.6
282	-1.095227	46.900544	21.141037	0.000546	0.7
283	-1.105106	47.892797	20.836545	0.000786	0.8
284	-1.085995	47.891295	20.837000	0.002570	0.6
285	-1.139317	47.861473	20.846024	0.001129	0.6
286	-1.174536	47.831650	20.855056	0.001075	0.6
287	-1.115915	47.801828	20.864095	0.001307	0.6
288	-1.120231	47.772005	20.873143	0.001217	0.6
289	-1.108001	47.742183	20.882198	0.001457	0.7
290	-1.126437	47.712360	20.891262	0.001362	0.6
291	-1.136206	47.682538	20.900333	0.001392	0.6
292	-1.112557	47.652715	20.909412	0.000773	0.6
293	-1.125535	47.624911	20.917884	0.001525	0.5
294	-1.118313	47.595088	20.926978	0.000210	0.6
295	-1.123087	47.566411	20.935730	0.001305	0.6
296	-1.061094	47.542367	20.943074	0.001962	0.6
297	-1.108431	47.512544	20.952191	0.001400	0.5
298	-1.114158	47.482722	20.961315	0.001209	0.5
299	-1.085169	47.452899	20.970447	0.000754	0.6
300	-1.096315	48.452722	20.668562	0.001098	0.6
301	-1.076857	48.585878	20.629012	0.001933	0.5
302	-1.111885	48.556056	20.637856	0.001361	0.6
303	-1.097639	48.526233	20.646709	0.001570	0.6
304	-1.137866	49.526184	20.353971	0.000912	0.6
305	-1.088941	49.496361	20.362581	0.001367	0.6
306	-1.138047	50.496271	20.077801	0.000576	0.6
307	-1.103591	50.467000	20.086024	0.001333	0.6
308	-1.112625	50.437177	20.094409	0.000731	0.6
309	-1.150350	50.407355	20.102801	0.000919	0.6
310	-1.123297	51.407347	19.825169	0.001335	0.6
311	-1.131744	51.377845	19.833250	0.000630	0.6
312	-1.094361	51.348022	19.841425	0.001233	0.6
313	-1.115433	51.318200	19.849608	0.001424	0.6
314	-1.136700	51.312118	19.851277	0.000863	0.6
315	-1.098420	51.287338	19.858082	0.000644	0.6
316	-1.098267	51.257518	19.866277	0.000741	0.6
317	-1.111840	51.290839	19.857120	0.000977	0.6
318	-1.137841	52.290839	19.586185	0.000666	0.6
319	-1.134141	53.166332	19.354980	0.001197	0.6
320	-1.118041	53.136514	19.362765	0.000871	0.5
321	-1.137557	53.204734	19.344964	0.000604	0.6
322	-1.098170	54.203625	19.088015	0.000814	0.6
323	-1.121267	55.203447	18.837572	0.001192	0.6
324	-1.135648	55.173626	18.844946	0.000902	0.6
325	-1.142352	55.143803	18.852327	0.001261	0.6
326	-1.112220	55.113981	18.859714	0.000696	0.6
327	-1.110586	55.084158	18.867106	0.000678	0.6
328	-1.144701	55.054406	18.874487	0.000752	0.6
329	-1.121500	55.030030	18.880538	0.001032	0.5
330	-1.073838	56.029976	18.635445	0.001307	0.5
331	-1.088849	56.000210	18.642649	0.000555	0.7
332	-1.106992	57.000210	18.403641	0.001705	0.5
333	-1.104368	58.000129	18.170703	0.000263	0.6
334	-1.145114	58.431598	18.072001	0.001096	0.5
335	-1.145083	59.324148	17.871187	0.001437	0.5
336	-1.123450	59.294326	17.877825	0.001065	0.5
337	-1.144452	60.247653	17.668054	0.000725	0.5
338	-1.132432	61.204818	17.462333	0.000898	0.5
339	-1.112067	61.177223	17.468197	0.000800	0.6
340	-1.114739	61.147401	17.474538	0.000942	0.5
341	-1.127814	62.140555	17.265796	0.001351	0.5
342	-1.079704	62.118524	17.270373	0.001260	0.6
343	-1.094073	63.118524	17.065063	0.000700	0.5
344	-1.100224	63.088805	17.071094	0.001169	0.5
345	-1.134181	64.088805	16.870467	0.000622	0.6
346	-1.102919	64.059089	16.876361	0.001100	0.5
347	-1.123101	64.074015	16.873400	0.000909	0.5
348	-1.113774	65.074015	16.677366	0.000837	0.6
349	-1.128845	66.074014	16.485836	0.001410	0.6
350	-1.142256	66.056020	16.489243	0.000805	0.6
351	-1.126576	66.026198	16.494894	0.000347	0.6
352	-1.129019	65.996675	16.500491	0.000382	0.6
353	-1.124912	65.967793	16.505971	0.000898	0.6
354	-1.105294	66.698298	16.368481	0.000710	0.6
355	-1.141689	66.673051	16.373194	0.000864	0.6
356	-1.130237	66.657272	16.376142	0.001339	0.6
357	-1.139210	66.627466	16.381712	0.001164	0.5
358	-1.113925	66.597643	16.387289	0.001020	0.5
359	-1.099333	66.567821	16.392870	0.000519	0.5
360	-1.079903	66.537998	16.398455	0.000783	0.5
361	-1.114483	66.511355	16.403447	0.000949	0.5
362	-1.121971	66.481532	16.409039	0.001760	0.5
363	-1.066804	66.451710	16.414635	0.001249	0.5
364	-1.124409	66.421887	16.420235	0.001296	0.6
365	-1.117720	66.392065	16.425838	0.001436	0.5
366	-1.078982	66.362242	16.431445	0.000344	0.6
367	-1.119818	66.335916	16.436398	0.001162	0.5
368	-1.113974	66.638889	16.379577	0.000914	0.5
369	-1.138149	67.328606	16.251676	0.001180	0.5
370	-1.106524	67.298783	16.257165	0.001817	0.5
371	-1.129852	67.268961	16.262658	0.000986	0.5
372	-1.131112	68.268961	16.080482	0.000857	0.6
373	-1.108647	68.239902	16.085718	0.000882	0.6
374	-1.126188	68.210079	16.091095	0.000446	0.6
375	-1.129623	68.180289	16.096471	0.001549	0.6
376	-1.133948	68.151843	16.101606	0.001602	0.6
377	-1.122829	69.151843	15.923001	0.001382	0.6
378	-1.096208	69.122022	15.928270	0.000480	0.6
379	-1.127985	69.951779	15.782956	0.000566	0.6
380	-1.139483	70.908758	15.618619	0.001024	0.6
381	-1.101400	70.878941	15.623688	0.000796	0.6
382	-1.094340	71.137835	15.579788	0.001266	0.6
383	-1.118283	71.108012	15.584832	0.000568	0.6
384	-1.146516	72.105139	15.417923	0.000769	0.7
385	-1.135251	72.855600	15.294643	0.001051	0.6
386	-1.105858	73.749942	15.150277	0.001055	0.6
387	-1.132636	74.749942	14.992050	0.000241	0.6
388	-1.130650	74.720317	14.996690	0.001528	0.7
389	-1.094588	75.716864	14.842167	0.001929	0.6
390	-1.082314	76.716864	14.690278	0.001130	0.6
391	-1.135403	77.716864	14.541466	0.001220	0.5
392	-1.105589	78.716864	14.395638	0.001595	0.6
393	-1.115935	79.716864	14.252706	0.000779	0.6
394	-1.092023	80.716864	14.112585	0.001028	0.6
395	-1.095768	80.687042	14.116724	0.000526	0.6
396	-1.116889	80.660185	14.120453	0.000931	0.7
397	-1.135118	81.139621	14.054173	0.001892	0.6
398	-1.113821	81.109799	14.058278	0.002012	0.6
399	-1.105831	82.109795	13.921935	0.001127	0.5
400	-1.113170	82.079973	13.925963	0.001120	0.6
401	-1.117508	83.078826	13.792314	0.001344	0.5
402	-1.091750	83.049003	13.796268	0.001824	0.5
403	-1.073823	83.019181	13.800223	0.001474	0.6
404	-1.119527	84.019181	13.668816	0.000475	0.5
405	-1.112870	83.990728	13.672521	0.000285	0.6
406	-1.154333	84.207481	13.644352	0.000584	0.7
407	-1.129254	84.477256	13.609454	0.001369	0.6
408	-1.123136	85.477254	13.481639	0.000609	0.6
409	-1.097754	86.477254	13.356202	0.001273	0.6
410	-1.107718	87.477177	13.233087	0.000960	0.6
411	-1.131644	88.477177	13.112211	0.000983	0.6
412	-1.113659	89.477165	12.993526	0.001140	0.5
413	-1.111081	89.447344	12.997034	0.001150	0.5
414	-1.114879	89.417521	13.000544	0.002224	0.5
415	-1.112574	89.387699	13.004057	0.001196	0.6
416	-1.131927	90.387699	12.887311	0.001601	0.5
417	-1.098903	91.387699	12.772642	0.001258	0.6
418	-1.126133	92.387699	12.659997	0.001094	0.6
419	-1.135223	93.387698	12.549321	0.001012	0.6
420	-1.110766	93.357876	12.552593	0.000556	0.6
421	-1.083123	93.890556	12.494394	0.000952	0.6
422	-1.117301	93.896497	12.493748	0.000656	0.5
423	-1.120088	93.887087	12.494771	0.000632	0.5
424	-1.141259	93.916704	12.491551	0.000502	0.5
425	-1.118361	93.887109	12.494769	0.000999	0.5
426	-1.096470	94.090563	12.472681	0.000934	0.5
427	-1.081275	94.060740	12.475914	0.000647	0.5
428	-1.144711	94.449370	12.433917	0.001114	0.5
429	-1.108839	95.268348	12.346334	0.000909	0.5
430	-1.105865	96.268348	12.241052	0.000828	0.5
431	-1.102979	96.466473	12.220405	0.001866	0.5
432	-1.150228	96.436650	12.223508	0.001645	0.6
433	-1.082271	97.436650	12.120301	0.001117	0.5
434	-1.133088	97.406828	12.123354	0.001178	0.5
435	-1.100788	98.406824	12.021825	0.000920	0.5
436	-1.141596	99.406824	11.921981	0.001199	0.5
437	-1.117860	100.403355	11.824120	0.000989	0.5
438	-1.124687	100.373532	11.827026	0.000889	0.5
439	-1.092613	101.373145	11.730416	0.000865	0.5
440	-1.105693	102.372604	11.635386	0.000901	0.5
441	-1.120588	103.372604	11.541834	0.001539	0.6
442	-1.144266	104.372592	11.449774	0.000890	0.6
443	-1.127869	104.342770	11.452499	0.001010	0.6
444	-1.124892	105.342767	11.361853	0.000976	0.6
445	-1.137873	106.342767	11.272630	0.001652	0.6
446	-1.105371	106.312945	11.275270	0.001727	0.5
447	-1.158592	106.283123	11.277912	0.001105	0.6
448	-1.127460	107.283123	11.189998	0.001271	0.5
449	-1.140086	108.283123	11.103444	0.001544	0.5
450	-1.141377	109.280158	11.018469	0.000485	0.5
451	-1.103755	110.280154	10.934538	0.001337	0.6
452	-1.128983	110.250334	10.937023	0.000925	0.5
453	-1.098450	110.220516	10.939508	0.000914	0.5
454	-1.104370	110.190698	10.941994	0.000514	0.6
455	-1.130814	110.161031	10.944469	0.000497	0.5
456	-1.099054	110.561136	10.911185	0.001405	0.5
457	-1.099461	110.535203	10.913336	0.001334	0.5
458	-1.126416	110.505380	10.915811	0.000927	0.5
459	-1.144050	110.475559	10.918287	0.001695	0.5
460	-1.151032	111.470166	10.836311	0.001210	0.5
461	-1.144840	111.470004	10.836324	0.000827	0.5
462	-1.086319	111.662359	10.820612	0.000706	0.5
463	-1.118641	111.632549	10.823044	0.001150	0.5
464	-1.134717	112.625640	10.742608	0.000914	0.6
465	-1.117231	112.596547	10.744948	0.001047	0.6
466	-1.121198	113.596547	10.665117	0.001134	0.6
467	-1.096379	113.611256	10.663951	0.000531	0.7
468	-1.097151	114.606616	10.585677	0.001399	0.6
469	-1.128831	115.606615	10.508187	0.000594	0.6
470	-1.126521	115.686576	10.502040	0.001022	0.6
471	-1.130483	116.686572	10.425765	0.001240	0.6
472	-1.115014	117.686572	10.350590	0.001493	0.5
473	-1.153911	118.686572	10.276492	0.001268	0.6
474	-1.070274	119.405699	10.223858	0.000936	0.5
475	-1.108649	120.405699	10.151556	0.000575	0.6
476	-1.113635	120.376054	10.153685	0.000675	0.5
477	-1.111160	120.349381	10.155601	0.000662	0.5
478	-1.133912	120.495974	10.145079	0.000774	0.5
479	-1.120513	120.466312	10.147207	0.001646	0.5
480	-1.101942	120.436490	10.149346	0.001201	0.5
481	-1.153804	120.406667	10.151487	0.000883	0.5
482	-1.101041	121.406667	10.080201	0.001006	0.6
483	-1.133371	121.380011	10.082089	0.000545	0.7
484	-1.108844	121.350191	10.084201	0.001163	0.6
485	-1.088002	121.320528	10.086302	0.000941	0.5
486	-1.101762	122.320528	10.015927	0.000585	0.6
487	-1.110323	122.290712	10.018011	0.001120	0.7
488	-1.138464	122.260890	10.020096	0.000994	0.8
489	-1.139346	123.260413	9.950671	0.001144	0.7
490	-1.089354	124.260160	9.882186	0.000859	0.6
491	-1.106478	125.233060	9.816439	0.001133	0.6
492	-1.136915	125.203346	9.818434	0.000871	0.5
493	-1.116189	125.173523	9.820437	0.001376	0.5
494	-1.135343	125.143701	9.822441	0.001540	0.5
495	-1.068689	125.113878	9.824446	0.000797	0.5
496	-1.118657	125.206219	9.818241	0.001168	0.5
497	-1.078929	125.196247	9.818911	0.000794	0.5
498	-1.161643	126.175332	9.753590	0.001535	0.5
499	-1.127237	126.507582	9.731621	0.001171	0.6
500	-1.125337	127.507582	9.666092	0.000809	0.6
501	-1.127590	127.477782	9.668032	0.000509	0.5
502	-1.111151	127.907601	9.640125	0.000729	0.5
503	-1.063152	127.878191	9.642029	0.001287	0.5
504	-1.115441	127.848456	9.643956	0.001213	0.5
505	-1.124430	128.647013	9.592493	0.000727	0.5
506	-1.103960	129.646493	9.528850	0.000806	0.7
507	-1.108873	129.817868	9.518023	0.001688	0.5
508	-1.152610	130.817867	9.455329	0.000894	0.6
509	-1.139965	130.788045	9.457187	0.000997	0.7
510	-1.131947	131.724762	9.399182	0.000922	0.6
511	-1.110934	131.694939	9.401018	0.001835	0.7
512	-1.130930	132.694939	9.339851	0.001769	0.5
513	-1.109830	133.694939	9.279475	0.000928	0.6
514	-1.090000	133.665270	9.281256	0.000626	0.6
515	-1.089002	134.658782	9.222017	0.000829	0.6
516	-1.139123	134.802716	9.213497	0.001241	0.5
517	-1.121695	135.720592	9.159536	0.001877	0.5
518	-1.096619	136.720546	9.101464	0.000719	0.5
519	-1.080600	137.720546	9.044121	0.000666	0.6
520	-1.130242	138.699629	8.988674	0.000841	0.5
521	-1.141386	139.642613	8.935910	0.000528	0.5
522	-1.108640	139.612796	8.937569	0.000879	0.6
523	-1.113427	140.420328	8.892857	0.000958	0.5
524	-1.081262	141.420292	8.838107	0.000668	0.7
525	-1.130020	141.391166	8.839692	0.001245	0.6
526	-1.138158	142.391166	8.785591	0.001056	0.5
527	-1.108323	143.388801	8.732273	0.001294	0.5
528	-1.098949	143.358978	8.733857	0.000452	0.5
529	-1.092771	144.358530	8.681063	0.001001	0.5
530	-1.115204	144.328776	8.682626	0.000816	0.7
531	-1.133174	144.298953	8.684192	0.001108	0.7
532	-1.101594	144.269133	8.685759	0.000708	0.6
533	-1.100766	144.325649	8.682790	0.000737	0.8
534	-1.148503	144.295849	8.684355	0.000750	0.7
535	-1.091747	144.918163	8.651783	0.000940	0.6
536	-1.120537	145.111815	8.641696	0.001813	0.6
537	-1.124285	145.081993	8.643248	0.000846	0.6
538	-1.144213	145.919200	8.599897	0.000812	0.5
539	-1.110174	145.889379	8.601433	0.000672	0.6
540	-1.104355	145.859557	8.602971	0.001280	0.6
541	-1.081614	145.829735	8.604509	0.000714	0.6
542	-1.113387	146.829701	8.553241	0.000560	0.6
543	-1.103145	147.795590	8.504297	0.000429	0.6
544	-1.106509	147.841843	8.501968	0.000761	0.5
545	-1.114800	147.812125	8.503464	0.000730	0.6
546	-1.076012	148.810280	8.453480	0.000736	0.5
547	-1.118314	149.809140	8.404046	0.001020	0.5
548	-1.124872	149.781287	8.405417	0.001061	0.5
549	-1.116364	149.826518	8.403191	0.001686	0.5
550	-1.104555	150.824181	8.354400	0.001200	0.7
551	-1.113530	151.824181	8.306059	0.001251	0.6
552	-1.128424	151.794358	8.307493	0.000876	0.6
553	-1.132891	151.886715	8.303055	0.000906	0.7
554	-1.130304	152.886715	8.255305	0.001772	0.6
555	-1.119464	152.867339	8.256225	0.000669	0.6
556	-1.080240	152.837519	8.257641	0.001488	0.7
557	-1.136100	153.834896	8.210534	0.001238	0.6
558	-1.114447	154.834896	8.163840	0.000932	0.6
559	-1.139742	154.904126	8.160627	0.000533	0.6
560	-1.126681	155.902926	8.114551	0.000619	0.6
561	-1.147633	156.035341	8.108482	0.000732	0.6
562	-1.149756	156.005690	8.109840	0.000733	0.6
563	-1.130739	157.003909	8.064362	0.000586	0.5
564	-1.117649	156.974092	8.065713	0.000852	0.5
565	-1.099700	156.946714	8.066954	0.000789	0.5
566	-1.085403	156.923794	8.067993	0.001268	0.5
567	-1.120689	157.088756	8.060520	0.001083	0.5
568	-1.161287	158.088754	8.015511	0.000967	0.5
569	-1.132345	158.059364	8.016827	0.000533	0.5
570	-1.116306	158.031406	8.018079	0.000742	0.5
571	-1.121084	159.027728	7.973704	0.000686	0.5
572	-1.121798	160.024081	7.929817	0.001398	0.6
573	-1.103999	161.024078	7.886253	0.000918	0.7
574	-1.119989	162.023970	7.843169	0.000649	0.7
575	-1.123454	161.994202	7.844445	0.001568	0.6
576	-1.120138	162.806423	7.809781	0.000828	0.7
577	-1.133979	162.776600	7.811048	0.001636	0.6
578	-1.124781	162.746778	7.812316	0.001191	0.6
579	-1.133061	163.746778	7.770029	0.001523	0.8
580	-1.125152	163.716955	7.771284	0.001306	0.8
581	-1.133068	164.716955	7.729439	0.000699	0.5
582	-1.148929	164.687133	7.730680	0.001010	0.6
583	-1.129040	164.657322	7.731922	0.001275	0.6
584	-1.111016	165.657014	7.690511	0.000285	0.6
585	-1.097846	166.653898	7.649657	0.000957	0.6
586	-1.105413	166.624162	7.650869	0.001402	0.5
587	-1.093793	166.594340	7.652085	0.001729	0.6
588	-1.129000	167.562028	7.612815	0.001000	0.6
589	-1.102678	168.562028	7.572655	0.001300	0.6
590	-1.122786	169.558436	7.533059	0.001793	0.6
591	-1.116338	169.528613	7.534238	0.001654	0.6
592	-1.070220	169.498791	7.535417	0.000648	0.7
593	-1.118946	170.498791	7.496068	0.000724	0.6
594	-1.139418	171.496975	7.457197	0.000717	0.6
595	-1.132203	172.059468	7.435470	0.001627	0.6
596	-1.081112	173.035941	7.398052	0.001291	0.6
597	-1.090286	173.006118	7.399189	0.000964	0.6
598	-1.110981	174.006096	7.361246	0.000350	0.6
599	-1.092107	174.988570	7.324345	0.001124	0.6
600	-1.134103	174.958767	7.325459	0.001184	0.6
601	-1.115546	174.928947	7.326574	0.000711	0.6
602	-1.114725	175.605247	7.301371	0.000700	0.6
603	-1.104851	175.575880	7.302462	0.001380	0.6
604	-1.097498	176.575880	7.265502	0.001500	0.6
605	-1.077314	177.575880	7.228914	0.000745	0.6
606	-1.134880	177.546121	7.229997	0.000983	0.7
607	-1.103294	178.546106	7.193765	0.001263	0.5
608	-1.139309	178.516284	7.194841	0.001454	0.5
609	-1.104430	178.486461	7.195916	0.001481	0.6
610	-1.147529	179.486461	7.160024	0.001278	0.5
611	-1.130277	180.486461	7.124488	0.001542	0.5
612	-1.130512	181.486461	7.089303	0.001071	0.5
613	-1.078281	182.486058	7.054478	0.001439	0.7
614	-1.137766	183.486058	7.019979	0.000550	0.6
615	-1.106094	183.518918	7.018851	0.001547	0.6
616	-1.094514	183.489127	7.019874	0.000656	0.6
617	-1.116284	183.647430	7.014444	0.001092	0.5
618	-1.135268	183.617640	7.015465	0.000342	0.7
619	-1.130670	184.492041	6.985613	0.001266	0.5
620	-1.078776	185.463521	6.952743	0.000686	0.6
621	-1.160742	186.441282	6.919972	0.000840	0.6
622	-1.136565	187.441025	6.886782	0.001210	0.6
623	-1.144416	187.415630	6.887621	0.001084	0.7
624	-1.095008	187.385825	6.888606	0.001379	0.6
625	-1.072393	187.356002	6.889592	0.001273	0.6
626	-1.097899	188.355998	6.856684	0.001460	0.5
627	-1.096982	189.355952	6.824090	0.001263	0.6
628	-1.087883	189.326130	6.825057	0.000725	0.7
629	-1.158086	190.133884	6.798946	0.000674	0.5
630	-1.133355	190.269802	6.794572	0.001927	0.5
631	-1.102518	191.269802	6.762563	0.001351	0.5
632	-1.118479	192.269802	6.730854	0.001048	0.6
633	-1.102888	192.239980	6.731795	0.000859	0.5
634	-1.132884	192.210157	6.732737	0.000907	0.6
635	-1.094183	192.180335	6.733679	0.000610	0.7
636	-1.153792	192.150512	6.734621	0.001795	0.5
637	-1.126808	192.120690	6.735563	0.001531	0.6
638	-1.154997	193.120690	6.704106	0.000864	0.6
639	-1.123274	194.120690	6.672942	0.002470	0.6
640	-1.113022	195.120690	6.642066	0.001130	0.6
641	-1.115220	195.090867	6.642983	0.000768	0.6
642	-1.151365	195.061240	6.643894	0.001265	0.6
643	-1.091624	195.789497	6.621575	0.000967	0.5
644	-1.110485	196.238792	6.607880	0.000726	0.5
645	-1.104025	197.238781	6.577602	0.001091	0.6
646	-1.105833	198.238772	6.547600	0.000659	0.7
647	-1.127895	198.208972	6.548491	0.001048	0.6
648	-1.116717	199.208966	6.518753	0.001197	0.6
649	-1.112085	199.179143	6.519636	0.000721	0.6
650	-1.119342	199.149321	6.520519	0.000761	0.5
651	-1.098475	199.119499	6.521403	0.000780	0.5
652	-1.118126	200.113675	6.492081	0.001304	0.5
653	-1.100583	200.314774	6.486182	0.000565	0.5
654	-1.096493	200.285869	6.487029	0.000826	0.5
655	-1.123685	200.256048	6.487904	0.000577	0.5
656	-1.121580	200.226996	6.488756	0.000437	0.5
657	-1.096434	200.306438	6.486426	0.000756	0.8
658	-1.118265	200.292558	6.486833	0.001011	0.6
659	-1.120113	200.262737	6.487707	0.000908	0.5
660	-1.156992	200.722688	6.474249	0.000751	0.5
661	-1.127946	200.692867	6.475120	0.000225	0.6
662	-1.088885	200.705477	6.474752	0.000950	0.6
663	-1.071396	200.726118	6.474149	0.001322	0.5
664	-1.117837	201.402980	6.454445	0.000727	0.5
665	-1.119930	201.373157	6.455311	0.001080	0.6
666	-1.175484	202.254445	6.429829	0.001238	0.6
667	-1.102007	203.254445	6.401157	0.000750	0.5
668	-1.109201	204.247967	6.372923	0.000895	0.5
669	-1.122561	204.218145	6.373767	0.001064	0.6
670	-1.086195	204.188322	6.374611	0.000103	0.6
671	-1.132175	204.165953	6.375244	0.000871	0.6
672	-1.153834	204.166532	6.375228	0.001161	0.5
673	-1.106943	205.164647	6.347092	0.000666	0.5
674	-1.096384	206.112791	6.320595	0.000657	0.5
675	-1.136031	206.994176	6.296160	0.000640	0.7
676	-1.092980	207.961330	6.269565	0.002103	0.5
677	-1.115758	207.931508	6.270381	0.000718	0.6
678	-1.106645	207.901686	6.271198	0.001107	0.6
679	-1.091703	208.901685	6.243921	0.001195	0.6
680	-1.099408	209.898623	6.216962	0.000838	0.5
681	-1.119177	209.868800	6.217765	0.000769	0.6
682	-1.094396	209.839003	6.218567	0.001380	0.6
683	-1.100242	209.809181	6.219371	0.001929	0.6
684	-1.115523	210.809171	6.192541	0.000673	0.6
685	-1.148795	211.809171	6.165942	0.000962	0.6
686	-1.098606	212.809170	6.139571	0.000546	0.6
687	-1.094755	212.779348	6.140354	0.000869	0.6
688	-1.116005	213.223921	6.128699	0.001094	0.6
689	-1.108623	214.214193	6.102897	0.000436	0.5
690	-1.103460	214.243060	6.102148	0.001009	0.5
691	-1.134727	214.215706	6.102857	0.001628	0.6
692	-1.101898	215.215706	6.077021	0.000854	0.6
693	-1.092802	215.185884	6.077789	0.000742	0.6
694	-1.115988	215.157447	6.078521	0.000898	0.6
695	-1.071591	216.039831	6.055893	0.001082	0.6
696	-1.098828	216.010008	6.056655	0.000872	0.6
697	-1.090063	216.005517	6.056770	0.000978	0.6
698	-1.110683	216.946650	6.032814	0.000751	0.7
699	-1.146223	216.916827	6.033570	0.000884	0.6
700	-1.117137	217.916775	6.008318	0.000567	0.6
701	-1.096799	217.886952	6.009068	0.000279	0.5
702	-1.084061	217.931590	6.007945	0.000687	0.6
703	-1.124606	217.908369	6.008529	0.000612	0.6
704	-1.122546	217.881110	6.009215	0.000894	0.6
705	-1.107426	218.668438	5.989474	0.000407	0.6
706	-1.151185	219.016418	5.980790	0.001499	0.5
707	-1.132388	219.170155	5.976962	0.000938	0.5
708	-1.138151	220.170125	5.952180	0.000762	0.5
709	-1.120774	220.292122	5.949170	0.001317	0.6
710	-1.108409	220.262300	5.949906	0.001828	0.5
711	-1.122140	220.232482	5.950641	0.001444	0.5
712	-1.068786	221.232482	5.926075	0.000553	0.5
713	-1.114036	222.232480	5.901711	0.000575	0.6
714	-1.122896	222.206399	5.902344	0.001192	0.6
715	-1.135918	222.176590	5.903068	0.000900	0.7
716	-1.123886	223.176590	5.878892	0.000854	0.7
717	-1.119010	223.146768	5.879610	0.001064	0.5
718	-1.093408	223.117041	5.880326	0.001344	0.5
719	-1.128556	224.117041	5.856337	0.000843	0.6
720	-1.130523	225.037840	5.834419	0.001305	0.5
721	-1.110629	225.109449	5.832722	0.000830	0.6
722	-1.120941	226.109448	5.809118	0.001136	0.5
723	-1.114524	227.109448	5.785704	0.001451	0.5
724	-1.169600	228.109448	5.762479	0.000633	0.6
725	-1.105516	229.109349	5.739441	0.000517	0.6
726	-1.092737	229.079884	5.740117	0.000654	0.6
727	-1.147802	229.234068	5.736581	0.000588	0.5
728	-1.103053	229.204246	5.737264	0.001672	0.6
729	-1.122639	230.204246	5.714425	0.001030	0.5
730	-1.140702	231.204246	5.691767	0.000611	0.5
731	-1.133205	231.174469	5.692439	0.000895	0.5
732	-1.109919	231.144648	5.693113	0.001548	0.5
733	-1.125955	232.144648	5.670623	0.000812	0.5
734	-1.129673	232.114826	5.671291	0.001355	0.6
735	-1.078738	233.114826	5.648973	0.000286	0.5
736	-1.120745	233.692613	5.636158	0.000745	0.6
737	-1.099021	234.559941	5.617030	0.000615	0.6
738	-1.129262	234.664253	5.614738	0.000852	0.6
739	-1.114602	234.634430	5.615393	0.001135	0.6
740	-1.106491	234.604608	5.616049	0.000867	0.8
741	-1.122047	234.574908	5.616701	0.001177	0.6
742	-1.107901	235.574908	5.594810	0.000879	0.5
743	-1.114636	235.545095	5.595460	0.001118	0.6
744	-1.135431	235.515273	5.596111	0.001625	0.5
745	-1.082643	235.485451	5.596761	0.000601	0.5
746	-1.085611	235.455628	5.597412	0.001030	0.6
747	-1.112909	235.425811	5.598063	0.000724	0.6
748	-1.121595	236.321320	5.578581	0.000671	0.5
749	-1.122943	236.437879	5.576055	0.002024	0.5
750	-1.123725	236.426985	5.576291	0.000597	0.6
751	-1.066691	236.545500	5.573725	0.001095	0.6
752	-1.095880	237.541120	5.552261	0.001059	0.5
753	-1.109833	237.511297	5.552902	0.001307	0.5
754	-1.108850	237.481475	5.553543	0.001203	0.6
755	-1.138831	238.481475	5.532140	0.001451	0.5
756	-1.141353	238.451652	5.532776	0.001614	0.6
757	-1.087972	238.421830	5.533412	0.001387	0.5
758	-1.108007	238.392007	5.534048	0.001372	0.6
759	-1.123739	238.362185	5.534685	0.000617	0.6
760	-1.112716	238.334001	5.535286	0.001011	0.6
761	-1.127274	238.304209	5.535922	0.001511	0.6
762	-1.106219	239.304209	5.514655	0.001114	0.6
763	-1.114973	239.274386	5.515287	0.000909	0.6
764	-1.153424	240.271373	5.494241	0.001053	0.6
765	-1.152821	240.241551	5.494868	0.000362	0.6
766	-1.122774	240.212010	5.495490	0.000914	0.5
767	-1.090333	240.192060	5.495909	0.001271	0.5
768	-1.128319	240.162237	5.496537	0.001203	0.6
769	-1.120589	240.132415	5.497165	0.001077	0.5
770	-1.101938	241.132415	5.476194	0.000641	0.5
771	-1.142415	242.045967	5.457175	0.001403	0.6
772	-1.115345	242.051626	5.457058	0.001336	0.5
773	-1.092485	242.021804	5.457676	0.000806	0.5
774	-1.136555	241.991981	5.458295	0.000929	0.5
775	-1.092619	242.991811	5.437623	0.001147	0.5
776	-1.099917	242.961989	5.438237	0.001002	0.5
777	-1.071700	243.879471	5.419400	0.000847	0.5
778	-1.108880	243.849648	5.420011	0.000654	0.5
779	-1.132974	243.820792	5.420601	0.000918	0.7
780	-1.119194	244.820762	5.400210	0.001002	0.5
781	-1.096599	244.790940	5.400816	0.000799	0.5
782	-1.099909	245.787732	5.380637	0.001457	0.5
783	-1.136226	245.757911	5.381238	0.001007	0.5
784	-1.094396	245.779387	5.380805	0.000600	0.7
785	-1.118049	246.732506	5.361650	0.000688	0.6
786	-1.098031	246.702740	5.362246	0.001931	0.6
787	-1.123946	247.702740	5.342290	0.000549	0.6
788	-1.114066	247.673202	5.342877	0.000980	0.5
789	-1.102013	248.266726	5.331100	0.000843	0.6
790	-1.129811	249.266714	5.311375	0.001367	0.5
791	-1.093871	249.237093	5.311957	0.000769	0.5
792	-1.085159	250.235852	5.292397	0.000801	0.5
793	-1.137633	250.206030	5.292979	0.002559	0.5
794	-1.118505	250.176208	5.293561	0.001037	0.5
795	-1.116706	250.146385	5.294144	0.001148	0.5
796	-1.136386	250.307574	5.290998	0.001952	0.6
797	-1.106742	250.277752	5.291580	0.001048	0.6
798	-1.142492	250.247929	5.292162	0.000700	0.5
799	-1.136099	251.181589	5.274008	0.001524	0.5
800	-1.114583	251.167207	5.274287	0.001408	0.5
801	-1.103084	251.236344	5.272947	0.001127	0.5
802	-1.113148	252.041555	5.257397	0.000919	0.6
803	-1.119810	253.041554	5.238212	0.001104	0.5
804	-1.129937	253.011732	5.238783	0.000408	0.5
805	-1.123760	253.066321	5.237739	0.001493	0.6
806	-1.116164	253.036502	5.238309	0.001457	0.5
807	-1.105925	253.006679	5.238879	0.001255	0.5
808	-1.088605	252.976857	5.239449	0.001057	0.7
809	-1.111280	252.947034	5.240020	0.000836	0.6
810	-1.117281	252.941050	5.240134	0.000623	0.7
811	-1.123528	253.160539	5.235939	0.001008	0.6
812	-1.094204	253.440114	5.230605	0.001001	0.7
813	-1.138568	254.440114	5.211615	0.001233	0.6
814	-1.119725	255.439949	5.192766	0.000681	0.6
815	-1.140441	255.410127	5.193326	0.000362	0.5
816	-1.087365	256.292966	5.176792	0.001163	0.6
817	-1.171636	256.737649	5.168503	0.001887	0.6
818	-1.135136	256.708113	5.169053	0.000521	0.5
819	-1.123524	256.686663	5.169452	0.000650	0.5
820	-1.113323	256.657584	5.169993	0.001080	0.5
821	-1.075051	256.627780	5.170548	0.000695	0.5
822	-1.125463	256.597958	5.171104	0.000764	0.5
823	-1.133763	256.568759	5.171648	0.000510	0.5
824	-1.122274	256.539167	5.172199	0.000641	0.5
825	-1.110413	256.527619	5.172415	0.000541	0.6
826	-1.133693	256.498777	5.172952	0.000724	0.6
827	-1.092138	256.468990	5.173507	0.000971	0.5
828	-1.110908	257.454559	5.155196	0.000862	0.5
829	-1.127665	258.454413	5.136752	0.001279	0.6
830	-1.097095	259.454413	5.118436	0.001069	0.6
831	-1.115558	260.449527	5.100339	0.001458	0.7
832	-1.096242	261.449476	5.082282	0.000738	0.6
833	-1.103199	261.419654	5.082819	0.001019	0.6
834	-1.095174	261.389831	5.083355	0.000870	0.5
835	-1.117218	262.389831	5.065418	0.000914	0.6
836	-1.121922	263.389090	5.047619	0.000406	0.5
837	-1.108918	263.359295	5.048148	0.001546	0.6
838	-1.083269	263.344299	5.048415	0.001113	0.6
839	-1.101878	263.314478	5.048944	0.000962	0.5
840	-1.110409	264.314462	5.031248	0.000544	0.5
841	-1.076633	264.337324	5.030845	0.000407	0.5
842	-1.101368	265.243101	5.014926	0.000843	0.5
843	-1.138760	266.166803	4.998795	0.001426	0.6
844	-1.098094	266.136980	4.999314	0.001492	0.5
845	-1.128116	266.107158	4.999833	0.000153	0.5
846	-1.042963	266.116573	4.999669	0.001264	0.5
847	-1.119641	266.186671	4.998449	0.001009	0.5
848	-1.127014	266.156848	4.998968	0.000840	0.5
849	-1.108518	266.127050	4.999487	0.000879	0.6
850	-1.145376	266.097227	5.000006	0.000905	0.5
851	-1.104834	266.067405	5.000526	0.000735	0.6
852	-1.126265	266.039605	5.001010	0.001545	0.6
853	-1.123826	267.039605	4.983648	0.000597	0.6
854	-1.124735	267.009782	4.984164	0.001668	0.7
855	-1.137024	268.000808	4.967072	0.000780	0.6
856	-1.124794	267.974871	4.967518	0.000865	0.6
857	-1.137817	267.945048	4.968031	0.001108	0.6
858	-1.131708	268.945048	4.950896	0.000726	0.5
859	-1.096967	268.915227	4.951406	0.001248	0.5
860	-1.104539	268.885404	4.951915	0.001440	0.6
861	-1.102366	269.885404	4.934891	0.001270	0.5
862	-1.139698	270.885404	4.917984	0.001275	0.5
863	-1.109008	271.885404	4.901193	0.000253	0.6
864	-1.106001	272.311462	4.894074	0.000792	0.5
865	-1.105778	272.282791	4.894552	0.000589	0.5
866	-1.132267	273.280629	4.877956	0.001317	0.6
867	-1.109152	273.250896	4.878449	0.001492	0.6
868	-1.108465	274.250896	4.861926	0.000850	0.5
869	-1.105856	274.221074	4.862417	0.000942	0.5
870	-1.085788	274.897626	4.851299	0.000794	0.6
871	-1.119603	275.897623	4.834959	0.000822	0.5
872	-1.103388	276.897587	4.818729	0.001211	0.5
873	-1.122591	277.897356	4.802612	0.001242	0.5
874	-1.085840	277.867534	4.803091	0.000707	0.6
875	-1.123070	278.867525	4.787074	0.000516	0.6
876	-1.130936	278.857135	4.787239	0.000980	0.7
877	-1.089892	278.827313	4.787716	0.000675	0.6
878	-1.091626	278.808476	4.788016	0.001431	0.6
879	-1.163694	279.804502	4.772162	0.001431	0.5
880	-1.098715	280.622758	4.759216	0.000775	0.6
881	-1.118079	281.615458	4.743604	0.000991	0.6
882	-1.124065	281.585636	4.744071	0.000622	0.6
883	-1.123866	281.637464	4.743259	0.001328	0.5
884	-1.114916	281.607642	4.743727	0.000933	0.5
885	-1.116343	281.577821	4.744194	0.000625	0.5
886	-1.130785	281.548002	4.744662	0.000828	0.5
887	-1.120579	282.503081	4.729731	0.001013	0.6
888	-1.117428	282.473865	4.730186	0.000994	0.5
889	-1.100415	282.461698	4.730376	0.000615	0.6
890	-1.090975	282.445170	4.730634	0.000995	0.5
891	-1.115261	282.488328	4.729961	0.001505	0.5
892	-1.122646	282.458506	4.730426	0.001722	0.5
893	-1.120885	282.428688	4.730890	0.001227	0.5
894	-1.134679	283.428521	4.715353	0.001215	0.5
895	-1.074244	283.398699	4.715815	0.000577	0.5
896	-1.092800	283.368878	4.716277	0.001312	0.7
897	-1.127865	284.368875	4.700832	0.001156	0.7
898	-1.114792	285.368875	4.685489	0.001130	0.7
899	-1.103718	286.365888	4.670290	0.000843	0.6
900	-1.109894	287.365711	4.655148	0.001338	0.6
901	-1.125163	287.335889	4.655598	0.000883	0.6
902	-1.091283	287.306066	4.656048	0.000320	0.6
903	-1.120696	287.797880	4.648633	0.001475	0.6
904	-1.103707	288.495387	4.638156	0.001441	0.6
905	-1.145519	288.529472	4.637645	0.000745	0.5
906	-1.126842	288.499649	4.638092	0.000914	0.6
907	-1.109844	288.469894	4.638538	0.000913	0.6
908	-1.116870	289.344901	4.625460	0.000561	0.6
909	-1.119889	289.320758	4.625820	0.001063	0.6
910	-1.123288	289.290939	4.626264	0.001333	0.6
911	-1.111221	290.290875	4.611404	0.001011	0.5
912	-1.085780	290.262676	4.611821	0.000897	0.5
913	-1.135492	290.232854	4.612263	0.000700	0.6
914	-1.129402	291.183312	4.598221	0.000812	0.6
915	-1.105748	292.176941	4.583632	0.000689	0.6
916	-1.132572	292.147510	4.584063	0.000853	0.6
917	-1.101610	292.559602	4.578038	0.001291	0.6
918	-1.136155	292.663487	4.576522	0.000819	0.6
919	-1.078589	292.640600	4.576856	0.001171	0.6
920	-1.122514	293.639065	4.562332	0.000704	0.6
921	-1.120587	293.907442	4.558444	0.001129	0.6
922	-1.119557	293.877713	4.558874	0.000945	0.6
923	-1.143664	293.847891	4.559306	0.000744	0.5
924	-1.091748	294.847866	4.544871	0.001094	0.6
925	-1.107991	295.847865	4.530527	0.001165	0.8
926	-1.100303	296.809621	4.516817	0.001392	0.8
927	-1.111724	297.809621	4.502649	0.000565	0.7
928	-1.086534	297.788383	4.502949	0.000682	0.6
929	-1.088831	298.778971	4.489000	0.000755	0.6
930	-1.093015	299.778925	4.475007	0.001139	0.6
931	-1.112287	300.778925	4.461100	0.000877	0.6
932	-1.107107	300.815606	4.460591	0.000844	0.6
933	-1.116551	300.785784	4.461005	0.001255	0.6
934	-1.089108	300.756421	4.461412	0.000831	0.6
935	-1.112556	301.756419	4.447589	0.000426	0.6
936	-1.127692	301.726603	4.448000	0.001153	0.7
937	-1.057974	301.696784	4.448411	0.000733	0.7
938	-1.137147	302.696784	4.434668	0.000590	0.6
939	-1.124853	302.672343	4.435003	0.000568	0.6
940	-1.104845	302.928165	4.431501	0.000406	0.6
941	-1.102193	302.903203	4.431842	0.001790	0.6
942	-1.106043	303.517457	4.423454	0.000945	0.6
943	-1.098925	304.517457	4.409865	0.001500	0.5
944	-1.146217	304.487635	4.410269	0.001325	0.6
945	-1.122068	304.457812	4.410673	0.000627	0.5
946	-1.091727	304.428016	4.411077	0.000733	0.6
947	-1.099232	304.398234	4.411480	0.001840	0.7
948	-1.113831	304.368460	4.411884	0.002179	0.6
949	-1.097247	304.338637	4.412288	0.000862	0.6
950	-1.107357	305.338637	4.398768	0.001635	0.6
951	-1.145719	305.308815	4.399170	0.000456	0.6
952	-1.131966	306.298720	4.385865	0.000296	0.6
953	-1.088258	306.276216	4.386166	0.000909	0.6
954	-1.093319	306.246409	4.386566	0.000443	0.6
955	-1.114448	306.216616	4.386965	0.000526	0.6
956	-1.125096	306.222320	4.386889	0.000957	0.6
957	-1.114625	306.239836	4.386654	0.000872	0.7
958	-1.111146	306.773093	4.379517	0.001393	0.6
959	-1.107646	306.907628	4.377720	0.001112	0.6
960	-1.104140	306.877805	4.378119	0.001237	0.6
961	-1.062501	307.877805	4.364806	0.000478	0.6
962	-1.130100	308.490694	4.356687	0.000906	0.6
963	-1.087517	308.717451	4.353691	0.001592	0.6
964	-1.113642	309.704023	4.340703	0.000753	0.6
965	-1.160016	310.703905	4.327618	0.000687	0.5
966	-1.096285	310.704126	4.327615	0.000866	0.6
967	-1.142216	310.711121	4.327524	0.001555	0.6
968	-1.138732	310.923515	4.324755	0.000769	0.6
969	-1.128338	310.893692	4.325144	0.001029	0.7
970	-1.100047	310.863870	4.325532	0.000836	0.7
971	-1.111804	310.834096	4.325920	0.000717	0.7
972	-1.115870	311.281495	4.320096	0.001309	0.6
973	-1.096399	311.284056	4.320063	0.001141	0.6
974	-1.088346	311.254233	4.320450	0.000530	0.6
975	-1.121734	312.254225	4.307486	0.000779	0.6
976	-1.127622	312.321829	4.306612	0.001002	0.6
977	-1.124440	313.312279	4.293853	0.000457	0.7
978	-1.110940	313.283065	4.294229	0.000538	0.6
979	-1.140350	314.181495	4.282718	0.000708	0.6
980	-1.118827	314.403346	4.279885	0.000676	0.6
981	-1.179614	315.319423	4.268228	0.001007	0.6
982	-1.117612	315.289662	4.268605	0.001317	0.6
983	-1.117881	315.369306	4.267595	0.000888	0.6
984	-1.109516	315.339484	4.267973	0.000794	0.5
985	-1.110510	316.331436	4.255423	0.000640	0.6
986	-1.074151	316.301616	4.255799	0.000775	0.5
987	-1.101042	316.271795	4.256175	0.001615	0.5
988	-1.138165	316.241972	4.256552	0.000708	0.6
989	-1.097541	316.212150	4.256928	0.001228	0.6
990	-1.149146	316.182459	4.257303	0.001363	0.6
991	-1.091767	317.182457	4.244714	0.001101	0.6
992	-1.107922	317.152635	4.245089	0.001022	0.6
993	-1.128730	317.122812	4.245463	0.000230	0.7
994	-1.115983	317.095253	4.245809	0.000814	0.6
995	-1.108889	317.834736	4.236543	0.001011	0.6
996	-1.103795	318.834736	4.224076	0.001606	0.6
997	-1.124587	319.540455	4.215323	0.000550	0.8
998	-1.111434	320.540455	4.202981	0.001223	0.7
999	-1.116970	321.540451	4.190711	0.001023	0.6
Time spent in resolution 1 (ITK initialization and iterating): 0.759 s.
Stopping condition: Maximum number of iterations has been reached.
Settings of AdaptiveStochasticGradientDescent in resolution 1:
( SP_a 1435.487891 )
( SP_A 20.000000 )
( SP_alpha 1.000000 )
( SigmoidMax 1.000000 )
( SigmoidMin -0.029823 )
( SigmoidScale 0.000000 )


Resolution: 2
WARNING: The parameter "ShowExactMetricValue", requested at entry number 2, does not exist at all.
  The default value "false" is used instead.
WARNING: The parameter "CheckNumberOfSamples", requested at entry number 2, does not exist at all.
  The default value "true" is used instead.
WARNING: The parameter "UseMultiThreadingForMetrics", requested at entry number 2, does not exist at all.
  The default value "true" is used instead.
Setting the fixed masks took: 0 ms.
Setting the moving masks took: 0 ms.
WARNING: The parameter "NumberOfFixedHistogramBins", requested at entry number 2, does not exist at all.
  The default value "32" is used instead.
WARNING: The parameter "NumberOfMovingHistogramBins", requested at entry number 2, does not exist at all.
  The default value "32" is used instead.
WARNING: The parameter "FixedLimitRangeRatio", requested at entry number 2, does not exist at all.
  The default value "0.01" is used instead.
WARNING: The parameter "MovingLimitRangeRatio", requested at entry number 2, does not exist at all.
  The default value "0.01" is used instead.
WARNING: The parameter "FixedKernelBSplineOrder", requested at entry number 2, does not exist at all.
  The default value "0" is used instead.
WARNING: The parameter "MovingKernelBSplineOrder", requested at entry number 2, does not exist at all.
  The default value "3" is used instead.
WARNING: The parameter "UseFastAndLowMemoryVersion", requested at entry number 2, does not exist at all.
  The default value "true" is used instead.
WARNING: The parameter "UseJacobianPreconditioning", requested at entry number 2, does not exist at all.
  The default value "false" is used instead.
WARNING: The parameter "FiniteDifferenceDerivative", requested at entry number 2, does not exist at all.
  The default value "false" is used instead.
WARNING: The parameter "SP_A", requested at entry number 2, does not exist at all.
  The default value "20" is used instead.
WARNING: The parameter "MaximumNumberOfSamplingAttempts", requested at entry number 2, does not exist at all.
  The default value "0" is used instead.
WARNING: The parameter "SigmoidInitialTime", requested at entry number 2, does not exist at all.
  The default value "0" is used instead.
WARNING: The parameter "MaxBandCovSize", requested at entry number 2, does not exist at all.
  The default value "192" is used instead.
WARNING: The parameter "NumberOfBandStructureSamples", requested at entry number 2, does not exist at all.
  The default value "10" is used instead.
WARNING: The parameter "UseAdaptiveStepSizes", requested at entry number 2, does not exist at all.
  The default value "true" is used instead.
WARNING: The parameter "AutomaticParameterEstimation", requested at entry number 2, does not exist at all.
  The default value "true" is used instead.
WARNING: The parameter "UseConstantStep", requested at entry number 2, does not exist at all.
  The default value "false" is used instead.
WARNING: The parameter "MaximumStepLengthRatio", requested at entry number 2, does not exist at all.
  The default value "1" is used instead.
WARNING: The parameter "MaximumStepLength", requested at entry number 2, does not exist at all.
  The default value "1" is used instead.
WARNING: The parameter "NumberOfGradientMeasurements", requested at entry number 2, does not exist at all.
  The default value "0" is used instead.
WARNING: The parameter "NumberOfJacobianMeasurements", requested at entry number 2, does not exist at all.
  The default value "1000" is used instead.
WARNING: The parameter "NumberOfSamplesForExactGradient", requested at entry number 2, does not exist at all.
  The default value "100000" is used instead.
WARNING: The parameter "SigmoidScaleFactor", requested at entry number 2, does not exist at all.
  The default value "0.1" is used instead.
Elastix initialization of all components (for this resolution) took: 1 ms.
  Computing the fixed image extrema took 0 ms.
  Computing the moving image extrema took 0 ms.
Initialization of AdvancedMattesMutualInformation metric took: 0 ms.
Starting automatic parameter estimation for AdaptiveStochasticGradientDescent ...
WARNING: The parameter "ASGDParameterEstimationMethod", requested at entry number 0, does not exist at all.
  The default value "Original" is used instead.
  Computing JacobianTerms ...
  Computing the Jacobian terms took 0.000513s
  NumberOfGradientMeasurements to estimate sigma_i: 9
  Sampling gradients ...
  Sampling the gradients took 0.010523s
Automatic parameter estimation took 0.01s
1:ItNr	2:Metric	3a:Time	3b:StepSize	4:||Gradient||	Time[ms]
0	-0.868929	0.000000	77.996190	0.005552	13.0
1	-0.858174	0.000000	77.996190	0.002646	0.8
2	-0.856220	0.000000	77.996190	0.002473	0.6
3	-0.821505	0.000000	77.996190	0.002517	0.6
4	-0.886332	0.000000	77.996190	0.002166	0.7
5	-0.863959	0.000000	77.996190	0.002232	0.6
6	-0.876128	0.000000	77.996190	0.001626	0.6
7	-0.883127	0.047547	77.819994	0.001107	0.6
8	-0.850590	0.232487	77.142163	0.002068	0.7
9	-0.958132	0.009170	77.962147	0.002914	0.6
10	-0.883026	0.000000	77.996190	0.002539	0.6
11	-0.878695	0.000000	77.996190	0.002345	0.6
12	-0.908269	0.000000	77.996190	0.000673	0.6
13	-0.860231	0.000000	77.996190	0.001580	0.6
14	-0.892894	0.000000	77.996190	0.002201	0.6
15	-0.846792	0.897880	74.798109	0.002772	0.6
16	-0.859407	1.863623	71.638690	0.001684	0.6
17	-0.869781	2.863617	68.636703	0.001841	0.6
18	-0.875040	3.863551	65.876351	0.001753	0.6
19	-0.865388	3.639931	66.474213	0.000767	0.6
20	-0.893908	4.083193	65.299502	0.001822	0.6
21	-0.862365	5.052959	62.868866	0.003367	0.6
22	-0.873852	4.829285	63.413293	0.002416	0.6
23	-0.875461	5.514615	61.774232	0.000472	0.5
24	-0.894131	5.308123	62.259097	0.002462	0.6
25	-0.868559	5.150839	62.633555	0.002151	0.5
26	-0.913827	5.753875	61.221785	0.001998	0.6
27	-0.855047	5.532898	61.731665	0.001684	0.7
28	-0.863572	5.309216	62.256510	0.000787	0.6
29	-0.874129	5.408475	62.022513	0.002915	0.6
30	-0.857704	5.185422	62.550835	0.001451	0.6
31	-0.874112	6.184864	60.251175	0.001642	0.6
32	-0.923339	5.973125	60.724146	0.003714	0.7
33	-0.877937	6.973125	58.553343	0.000779	0.6
34	-0.882630	7.837894	56.797489	0.001952	0.6
35	-0.869143	8.547640	55.433192	0.001150	0.5
36	-0.874562	8.386015	55.738078	0.001835	0.6
37	-0.885736	9.301516	54.054062	0.002408	0.7
38	-0.872522	10.301509	52.327189	0.001649	0.7
39	-0.913177	11.301389	50.707417	0.002085	0.7
40	-0.871751	12.301349	49.184794	0.002470	0.6
41	-0.868503	12.077585	49.517521	0.001414	0.6
42	-0.889678	11.887306	49.804018	0.002578	0.6
43	-0.869118	11.853709	49.854950	0.002663	0.6
44	-0.878255	12.853709	48.382291	0.001379	0.7
45	-0.858311	12.629944	48.704214	0.001899	0.6
46	-0.896525	13.331446	47.709031	0.001793	0.6
47	-0.876239	13.767148	47.111140	0.000930	0.6
48	-0.881466	13.552158	47.404274	0.002392	0.6
49	-0.890330	14.548312	46.075886	0.001623	0.8
50	-0.894773	15.008006	45.487662	0.002391	0.7
51	-0.861636	15.400735	44.996893	0.001532	0.6
52	-0.857481	15.176971	45.275211	0.001852	0.7
53	-0.866485	16.174316	44.060528	0.001961	0.6
54	-0.866717	17.163499	42.918497	0.002999	0.7
55	-0.874183	17.263671	42.806139	0.002021	0.6
56	-0.882961	18.263671	41.715916	0.002227	0.8
57	-0.871744	18.040440	41.954445	0.001269	0.7
58	-0.904166	17.816678	42.196295	0.001294	0.7
59	-0.861224	18.363919	41.609678	0.001569	0.8
60	-0.887506	18.919859	41.030205	0.001579	0.7
61	-0.876584	19.497005	40.445460	0.000967	0.6
62	-0.908439	19.472548	40.469901	0.001923	0.6
63	-0.872337	19.687370	40.256227	0.001271	0.7
64	-0.874305	20.673985	39.303177	0.001043	0.6
65	-0.812404	20.537242	39.432565	0.001893	0.6
66	-0.882210	21.499089	38.540120	0.001859	0.6
67	-0.873865	22.484876	37.666429	0.002928	0.7
68	-0.867327	23.484876	36.819705	0.002268	0.7
69	-0.876118	24.484369	36.010612	0.001143	0.7
70	-0.860786	24.260617	36.188636	0.001953	0.6
71	-0.879181	25.239614	35.422441	0.002481	0.7
72	-0.844482	25.016779	35.593973	0.001808	0.6
73	-0.869541	26.016602	34.837056	0.001261	0.7
74	-0.897996	26.995507	34.126528	0.002300	0.7
75	-0.871456	26.812496	34.257153	0.002886	0.7
76	-0.872973	26.588731	34.418232	0.002542	0.8
77	-0.878092	27.430294	33.820154	0.002893	0.7
78	-0.857733	27.206529	33.977140	0.002173	0.7
79	-0.888771	28.196703	33.293288	0.001672	0.6
80	-0.858902	27.973250	33.445197	0.001511	0.6
81	-0.813500	28.953835	32.788674	0.001184	0.6
82	-0.851099	29.950244	32.147442	0.002425	0.6
83	-0.864218	30.180150	32.003033	0.004106	0.6
84	-0.871663	31.180150	31.389714	0.001776	0.6
85	-0.857267	30.956386	31.524902	0.001117	0.6
86	-0.892776	31.851424	30.991029	0.002857	0.6
87	-0.861152	32.827624	30.428986	0.001538	0.6
88	-0.870065	32.603863	30.556007	0.000443	0.6
89	-0.859128	33.155940	30.244512	0.001381	0.6
90	-0.901073	33.000756	30.331427	0.002555	0.6
91	-0.851232	33.997316	29.781817	0.001326	0.6
92	-0.865736	34.997137	29.250067	0.001792	0.5
93	-0.868785	35.870647	28.800797	0.002090	0.5
94	-0.866822	35.744671	28.864737	0.002324	0.6
95	-0.875778	36.744665	28.364871	0.001790	0.6
96	-0.857934	37.744665	27.882021	0.001171	0.6
97	-0.833175	38.740385	27.417299	0.003335	0.6
98	-0.853203	39.734264	26.968631	0.001090	0.6
99	-0.864912	40.734253	26.531786	0.001848	0.6
100	-0.867170	41.240613	26.315936	0.001572	0.5
101	-0.876343	41.503648	26.205190	0.001542	0.5
102	-0.870515	41.807563	26.078388	0.001755	0.6
103	-0.858744	42.732655	25.699855	0.002252	0.5
104	-0.833909	42.508941	25.790384	0.002038	0.5
105	-0.832676	42.294268	25.877857	0.000836	0.5
106	-0.855060	43.270666	25.484721	0.002553	0.5
107	-0.875418	43.078431	25.561175	0.002405	0.5
108	-0.907388	42.854842	25.650678	0.002421	0.5
109	-0.854787	42.631081	25.740879	0.001761	0.5
110	-0.898314	43.630806	25.342713	0.001567	0.5
111	-0.883508	43.419982	25.425651	0.002110	0.6
112	-0.857081	43.198869	25.513222	0.000933	0.6
113	-0.842570	43.624516	25.345180	0.001360	0.6
114	-0.925805	44.084283	25.166137	0.002885	0.5
115	-0.893120	43.949792	25.218249	0.002084	0.6
116	-0.850149	43.726027	25.305431	0.000845	0.7
117	-0.882193	43.511106	25.389737	0.000640	0.6
118	-0.865555	43.381591	25.440813	0.001935	0.6
119	-0.904293	43.169518	25.524892	0.001649	0.6
120	-0.845878	43.295525	25.474868	0.000719	0.6
121	-0.870023	43.195443	25.514584	0.003766	0.7
122	-0.897991	44.154144	25.139153	0.002360	0.6
123	-0.899187	45.154144	24.759144	0.001883	0.6
124	-0.875044	46.049379	24.428563	0.002841	0.6
125	-0.856403	46.637619	24.216109	0.002659	0.6
126	-0.874601	46.413854	24.296489	0.002169	0.6
127	-0.888587	47.386997	23.950752	0.002910	0.5
128	-0.874707	47.163232	24.029377	0.001526	0.5
129	-0.862908	46.939468	24.108520	0.001185	0.5
130	-0.870295	46.715858	24.188130	0.002212	0.5
131	-0.882721	46.526985	24.255785	0.000761	0.5
132	-0.862897	46.305042	24.335770	0.001403	0.6
133	-0.885092	46.095173	24.411890	0.002015	0.5
134	-0.883154	45.873812	24.492697	0.003494	0.5
135	-0.886316	46.873736	24.131867	0.000782	0.5
136	-0.874149	46.650000	24.211678	0.001429	0.5
137	-0.913633	47.047548	24.070228	0.000708	0.6
138	-0.835322	47.416846	23.940303	0.001961	0.7
139	-0.848901	47.309863	23.977796	0.002186	0.6
140	-0.839592	47.086550	24.056440	0.001039	0.6
141	-0.892345	47.043644	24.071609	0.002719	0.6
142	-0.885417	47.837323	23.794069	0.001007	0.6
143	-0.931927	48.057851	23.718085	0.001935	0.6
144	-0.864303	47.886045	23.777240	0.001818	0.6
145	-0.833987	48.658623	23.513528	0.001635	0.6
146	-0.881553	49.658395	23.180826	0.003460	0.5
147	-0.892128	49.434641	23.254466	0.001088	0.6
148	-0.869371	50.412851	22.935928	0.000972	0.6
149	-0.905752	51.105072	22.715739	0.002089	0.6
150	-0.822137	51.615634	22.556024	0.001535	0.6
151	-0.850295	52.606707	22.252320	0.002337	0.6
152	-0.899270	52.392838	22.317164	0.001053	0.6
153	-0.889431	52.180471	22.381928	0.001942	0.5
154	-0.885802	52.848705	22.179400	0.002365	0.6
155	-0.932802	52.906734	22.161986	0.002117	0.6
156	-0.871019	53.906734	21.866125	0.001224	0.5
157	-0.915699	53.748547	21.912399	0.001837	0.6
158	-0.868768	53.524887	21.978161	0.001280	0.6
159	-0.901218	53.460802	21.997077	0.002013	0.6
160	-0.896036	53.239473	22.062657	0.000817	0.7
161	-0.842347	54.017914	21.833718	0.001168	0.7
162	-0.872504	54.188997	21.784038	0.002268	0.6
163	-0.919713	53.976074	21.845902	0.002104	0.6
164	-0.868763	54.945416	21.567069	0.001579	0.5
165	-0.871953	55.918184	21.294315	0.001961	0.6
166	-0.880035	56.918168	21.021028	0.002253	0.6
167	-0.890945	57.247485	20.932558	0.001143	0.6
168	-0.899788	57.646402	20.826382	0.001411	0.7
169	-0.882485	58.610694	20.574120	0.001230	0.5
170	-0.895865	58.707145	20.549224	0.001374	0.6
171	-0.877327	59.662008	20.305966	0.002457	0.6
172	-0.867992	60.209694	20.169021	0.001178	0.6
173	-0.877123	59.985931	20.224747	0.001868	0.5
174	-0.877608	59.763453	20.280460	0.001892	0.5
175	-0.844416	59.645763	20.310056	0.001413	0.6
176	-0.888703	59.423527	20.366180	0.000902	0.5
177	-0.883284	60.269295	20.154229	0.000753	0.5
178	-0.892654	60.120240	20.191262	0.001777	0.5
179	-0.858963	59.908752	20.244040	0.001423	0.5
180	-0.878402	59.685071	20.300162	0.002423	0.6
181	-0.872729	60.237379	20.162147	0.002367	0.6
182	-0.867992	60.922711	19.993479	0.002428	0.6
183	-0.865616	60.698947	20.048239	0.001538	0.6
184	-0.842264	61.690396	19.807863	0.001416	0.6
185	-0.898035	62.688726	19.571573	0.001902	0.6
186	-0.877788	63.688631	19.340494	0.001720	0.6
187	-0.873632	63.467505	19.391126	0.001561	0.6
188	-0.874755	64.266464	19.209428	0.002175	0.6
189	-0.886257	65.266244	18.986801	0.002895	0.6
190	-0.889325	65.042479	19.036179	0.002603	0.6
191	-0.871534	66.042479	18.817479	0.001119	0.6
192	-0.871665	65.821121	18.865455	0.001108	0.6
193	-0.878694	66.328182	18.755915	0.001924	0.5
194	-0.867637	67.319901	18.545311	0.003340	0.6
195	-0.892555	68.319901	18.337683	0.002902	0.6
196	-0.863755	68.096343	18.383695	0.002319	0.5
197	-0.864739	69.096343	18.179650	0.001865	0.5
198	-0.868350	70.095456	17.980260	0.000976	0.5
199	-0.882270	69.871891	18.024496	0.001070	0.6
200	-0.873880	69.753154	18.048078	0.001482	0.6
201	-0.881882	70.537087	17.893512	0.000616	0.6
202	-0.915490	70.635967	17.874204	0.002314	0.5
203	-0.874906	70.912404	17.820446	0.001985	0.6
204	-0.879838	70.688641	17.863936	0.002564	0.6
205	-0.865393	71.688641	17.671205	0.000549	0.7
206	-0.851614	71.487248	17.709685	0.000953	0.6
207	-0.903623	71.761486	17.657328	0.001248	0.6
208	-0.863209	72.522437	17.513658	0.002206	0.5
209	-0.876911	72.300708	17.555279	0.002365	0.6
210	-0.887503	72.836197	17.455098	0.001291	0.6
211	-0.884474	73.796587	17.278259	0.003323	0.6
212	-0.868259	74.662643	17.121835	0.001711	0.6
213	-0.869032	74.474820	17.155518	0.002515	0.6
214	-0.880671	74.251055	17.195820	0.000927	0.6
215	-0.877760	75.244582	17.018309	0.000769	0.6
216	-0.864094	75.224257	17.021903	0.002469	0.6
217	-0.873941	75.335155	17.002308	0.000992	0.5
218	-0.901225	75.111428	17.041886	0.001626	0.6
219	-0.895749	75.901992	16.902852	0.000603	0.5
220	-0.854019	75.684584	16.940860	0.002180	0.6
221	-0.878017	76.637131	16.775585	0.001978	0.6
222	-0.850505	76.892116	16.731889	0.001327	0.5
223	-0.871775	76.669383	16.770045	0.001979	0.5
224	-0.866327	77.655395	16.602437	0.000884	0.5
225	-0.878149	78.537222	16.455352	0.002556	0.6
226	-0.870720	79.525621	16.293558	0.002419	0.6
227	-0.874190	80.525611	16.133072	0.001538	0.6
228	-0.879555	80.302027	16.168679	0.001439	0.6
229	-0.870833	81.250520	16.018696	0.001611	0.6
230	-0.877105	81.235655	16.021025	0.001559	0.6
231	-0.878508	81.011906	16.056165	0.001278	0.5
232	-0.876425	80.790773	16.091046	0.001676	0.5
233	-0.859001	80.569004	16.126180	0.001750	0.6
234	-0.861727	80.350575	16.160934	0.002190	0.6
235	-0.843928	81.350012	16.003125	0.003052	0.6
236	-0.875674	81.126507	16.038148	0.002061	0.6
237	-0.856670	80.903218	16.073290	0.000740	0.5
238	-0.873580	81.855791	15.924431	0.001244	0.6
239	-0.874058	81.679375	15.951792	0.002104	0.6
240	-0.897102	81.455616	15.986630	0.002328	0.6
241	-0.877442	82.455383	15.832139	0.000813	0.5
242	-0.859355	82.730293	15.790180	0.001994	0.6
243	-0.887148	82.528862	15.820902	0.002397	0.6
244	-0.870131	83.528857	15.669549	0.000989	0.6
245	-0.855785	83.305206	15.703147	0.002338	0.6
246	-0.880545	83.402617	15.688496	0.001682	0.6
247	-0.894720	83.341035	15.697755	0.003240	0.6
248	-0.850767	84.270658	15.559131	0.000901	0.6
249	-0.909595	84.046899	15.592274	0.000861	0.7
250	-0.887373	83.887880	15.615913	0.002381	0.6
251	-0.877334	83.728496	15.639678	0.000998	0.5
252	-0.872865	84.580899	15.513412	0.002548	0.5
253	-0.875442	84.357481	15.546309	0.000957	0.5
254	-0.882866	84.133785	15.579388	0.001493	0.5
255	-0.884884	84.775714	15.484840	0.002272	0.6
256	-0.852989	84.551978	15.517663	0.001192	0.5
257	-0.902655	84.328221	15.550628	0.002041	0.5
258	-0.857092	84.664464	15.501143	0.001345	0.6
259	-0.872596	84.842879	15.475014	0.001524	0.6
260	-0.849978	84.628550	15.506414	0.001442	0.6
261	-0.867844	84.404839	15.539324	0.002825	0.6
262	-0.869388	84.181096	15.572380	0.002792	0.6
263	-0.875383	83.957331	15.605580	0.002381	0.6
264	-0.893601	83.733566	15.638921	0.000922	0.5
265	-0.881255	84.731897	15.491257	0.002364	0.5
266	-0.851788	85.571943	15.369148	0.003175	0.6
267	-0.881072	85.348178	15.401486	0.002452	0.5
268	-0.865460	86.348069	15.258030	0.001463	0.6
269	-0.851509	86.139485	15.287734	0.002293	0.6
270	-0.855787	86.112546	15.291579	0.001563	0.6
271	-0.859917	85.888803	15.323588	0.001410	0.6
272	-0.859882	86.510802	15.234934	0.000530	0.6
273	-0.865024	86.481728	15.239055	0.002108	0.6
274	-0.874097	86.286765	15.266748	0.001651	0.6
275	-0.835946	87.264209	15.128915	0.001840	0.6
276	-0.909818	87.042243	15.159996	0.002133	0.5
277	-0.860036	88.041977	15.021004	0.001810	0.5
278	-0.896915	89.038605	14.884958	0.001943	0.6
279	-0.899170	89.773774	14.786171	0.003206	0.6
280	-0.884253	89.550009	14.816100	0.003965	0.5
281	-0.885835	90.550009	14.683280	0.002274	0.6
282	-0.855422	90.326245	14.712793	0.001157	0.6
283	-0.877324	91.017373	14.622018	0.001197	0.6
284	-0.860311	90.866205	14.641777	0.001555	0.6
285	-0.864879	91.303286	14.584791	0.002306	0.6
286	-0.913521	91.657904	14.538882	0.001562	0.7
287	-0.886663	91.532913	14.555031	0.001228	0.5
288	-0.874523	91.348238	14.578956	0.001094	0.6
289	-0.877794	91.140548	14.605957	0.001520	0.6
290	-0.854899	92.128667	14.478381	0.001703	0.6
291	-0.863843	93.093655	14.355925	0.001074	0.6
292	-0.878643	93.542029	14.299729	0.001896	0.6
293	-0.829835	93.320418	14.327449	0.002038	0.6
294	-0.884187	94.061243	14.235202	0.001775	0.5
295	-0.861078	95.061216	14.112552	0.002289	0.6
296	-0.872015	96.061200	13.991997	0.002531	0.6
297	-0.877739	95.837457	14.018792	0.001846	0.5
298	-0.916937	96.837230	13.899851	0.002539	0.6
299	-0.846358	96.664471	13.920260	0.002899	0.6
300	-0.869101	97.664471	13.802952	0.000992	0.6
301	-0.904037	97.453311	13.827558	0.001039	0.6
302	-0.868640	97.244070	13.852027	0.001850	0.6
303	-0.876937	97.076435	13.871692	0.001175	0.6
304	-0.873775	97.998299	13.764230	0.001795	0.8
305	-0.839226	98.983122	13.651253	0.001673	0.7
306	-0.829175	99.959339	13.541079	0.002118	0.7
307	-0.869608	100.931959	13.433066	0.001882	0.7
308	-0.860261	101.931958	13.323793	0.001625	0.6
309	-0.869806	102.878167	13.222023	0.001596	0.6
310	-0.872797	102.656278	13.245749	0.001573	0.7
311	-0.914563	102.434137	13.269587	0.000984	0.6
312	-0.874966	102.210764	13.293644	0.001550	0.6
313	-0.858758	102.468766	13.265865	0.002067	0.6
314	-0.855984	102.245308	13.289918	0.001794	0.6
315	-0.875739	102.021544	13.314091	0.002397	0.6
316	-0.875978	101.805431	13.337521	0.001165	0.6
317	-0.890929	102.079138	13.307860	0.002192	0.6
318	-0.906778	101.856027	13.332028	0.000965	0.6
319	-0.923609	101.640267	13.355483	0.002308	0.6
320	-0.840011	102.619540	13.249685	0.001976	0.6
321	-0.892731	102.395776	13.273712	0.001264	0.6
322	-0.863565	102.173629	13.297652	0.001672	0.5
323	-0.879437	102.773294	13.233226	0.001396	0.6
324	-0.859209	102.864478	13.223484	0.001733	0.6
325	-0.888113	102.643007	13.247171	0.001912	0.6
326	-0.849829	103.642155	13.140979	0.001003	0.6
327	-0.902140	104.077744	13.095215	0.001937	0.6
328	-0.861089	103.942036	13.109439	0.001534	0.6
329	-0.911424	104.940705	13.005485	0.003039	0.8
330	-0.908779	105.940704	12.903032	0.001013	0.6
331	-0.851565	105.717863	12.925723	0.001644	0.6
332	-0.905658	106.152421	12.881548	0.003030	0.6
333	-0.892022	106.990825	12.797167	0.001476	0.6
334	-0.849937	107.862974	12.710556	0.001523	0.6
335	-0.857708	108.860932	12.612877	0.002152	0.6
336	-0.876982	109.860928	12.516494	0.001787	0.6
337	-0.895307	110.840084	12.423536	0.001159	0.6
338	-0.870730	111.081716	12.400808	0.000362	0.6
339	-0.843256	111.425643	12.368601	0.001309	0.6
340	-0.869365	111.428681	12.368318	0.002701	0.6
341	-0.855940	111.204924	12.389251	0.001620	0.6
342	-0.892839	112.204922	12.296242	0.002276	0.6
343	-0.889236	111.981158	12.316933	0.001680	0.6
344	-0.925928	111.757401	12.337693	0.001078	0.6
345	-0.883241	111.541665	12.357774	0.002710	0.6
346	-0.860914	111.318042	12.378660	0.002309	0.6
347	-0.868123	112.316344	12.285965	0.001506	0.6
348	-0.855492	112.092673	12.306613	0.001142	0.8
349	-0.879922	112.583922	12.261356	0.001261	0.6
350	-0.853738	113.431289	12.184068	0.002791	0.6
351	-0.880049	113.248914	12.200620	0.002410	0.6
352	-0.863633	114.248867	12.110416	0.001954	0.6
353	-0.853858	114.025161	12.130480	0.002755	0.6
354	-0.865580	113.801418	12.150614	0.001398	0.6
355	-0.881898	113.577653	12.170817	0.001954	0.6
356	-0.863243	113.657492	12.163601	0.001619	0.6
357	-0.896877	114.034309	12.129658	0.001637	0.6
358	-0.873675	115.010267	12.042620	0.001977	0.6
359	-0.871385	116.009959	11.954751	0.001135	0.6
360	-0.880775	115.910593	11.963428	0.002398	0.6
361	-0.906476	116.877273	11.879550	0.002296	1.0
362	-0.876099	116.653564	11.898856	0.000997	0.7
363	-0.873992	116.499451	11.912193	0.002991	0.8
364	-0.837883	117.499033	11.826220	0.002733	0.6
365	-0.891613	118.499033	11.741443	0.002367	0.9
366	-0.860860	118.412860	11.748701	0.002459	0.8
367	-0.910389	118.189115	11.767587	0.001349	0.6
368	-0.928200	119.187675	11.683766	0.001940	0.7
369	-0.878950	120.187155	11.601055	0.002880	0.6
370	-0.882785	121.187155	11.519465	0.002897	0.8
371	-0.876990	120.963795	11.537590	0.001553	0.6
372	-0.876302	120.740038	11.555803	0.001296	0.7
373	-0.881101	120.694037	11.559555	0.002105	0.6
374	-0.907420	121.682046	11.479510	0.001918	0.5
375	-0.856868	122.681996	11.399619	0.000997	0.7
376	-0.892494	123.666109	11.322071	0.001161	0.6
377	-0.872877	124.520408	11.255603	0.001836	0.6
378	-0.857538	125.239577	11.200251	0.001983	0.6
379	-0.913503	126.239564	11.124184	0.002328	0.5
380	-0.877004	126.018885	11.140882	0.001943	0.8
381	-0.912969	127.018816	11.065620	0.003559	0.5
382	-0.888672	128.014479	10.991684	0.001183	0.6
383	-0.844268	128.955325	10.922720	0.001961	0.6
384	-0.884076	128.867759	10.929102	0.001223	0.6
385	-0.876799	128.712073	10.940467	0.002191	0.6
386	-0.859146	128.488362	10.956840	0.003516	0.6
387	-0.893916	128.266702	10.973110	0.002259	0.5
388	-0.849945	129.261614	10.900455	0.002540	0.6
389	-0.846939	130.261614	10.828392	0.002122	0.6
390	-0.868511	131.261613	10.757275	0.002362	0.7
391	-0.882149	132.261613	10.687086	0.001984	0.7
392	-0.859009	132.037850	10.702712	0.002376	0.6
393	-0.865605	133.037835	10.633232	0.001519	0.6
394	-0.868723	132.947817	10.639449	0.002879	0.8
395	-0.857302	133.947805	10.570785	0.002492	0.6
396	-0.861585	134.947805	10.503001	0.002446	0.6
397	-0.903123	134.724040	10.518093	0.002512	0.6
398	-0.876675	134.532342	10.531057	0.001314	0.7
399	-0.900745	134.332122	10.544632	0.002202	1.0
400	-0.870336	134.108433	10.559838	0.002535	0.7
401	-0.839423	133.884668	10.575094	0.001418	0.6
402	-0.903455	134.879491	10.507604	0.002090	0.6
403	-0.891965	134.722594	10.518191	0.001000	0.6
404	-0.881819	135.719068	10.451313	0.002331	0.5
405	-0.901781	136.612319	10.392081	0.001296	0.6
406	-0.869032	137.599136	10.327421	0.002104	0.6
407	-0.857937	137.375527	10.342002	0.000869	0.5
408	-0.867935	138.019362	10.300129	0.001591	0.6
409	-0.866333	138.036733	10.299004	0.000722	1.1
410	-0.859927	138.583046	10.263747	0.001764	0.7
411	-0.899596	138.456280	10.271906	0.001461	0.7
412	-0.858873	138.406211	10.275133	0.001511	0.7
413	-0.905677	138.395673	10.275812	0.002077	0.7
414	-0.879433	138.184758	10.289427	0.002354	0.6
415	-0.875486	139.042028	10.234312	0.002245	0.7
416	-0.918359	140.042012	10.170762	0.001690	0.6
417	-0.864725	139.818277	10.184912	0.002862	0.5
418	-0.834629	140.818277	10.121972	0.001243	0.7
419	-0.882436	140.641406	10.133047	0.001460	0.6
420	-0.868867	140.419662	10.146967	0.001289	0.6
421	-0.903319	141.414663	10.084804	0.002823	0.6
422	-0.864200	141.190903	10.098717	0.001787	0.7
423	-0.887781	141.964038	10.050806	0.001646	0.7
424	-0.840286	142.345247	10.027350	0.000697	0.6
425	-0.914279	142.160155	10.038725	0.001292	0.7
426	-0.869558	142.048190	10.045619	0.001815	0.7
427	-0.884026	141.850617	10.057807	0.000715	0.7
428	-0.865687	142.823923	9.998051	0.001653	0.7
429	-0.895932	142.603325	10.011532	0.001359	0.6
430	-0.879767	142.382028	10.025093	0.001873	0.6
431	-0.854150	142.158322	10.038838	0.001714	0.6
432	-0.869025	143.086789	9.982035	0.001824	0.6
433	-0.849838	144.086668	9.921576	0.003116	0.6
434	-0.899203	143.866729	9.934812	0.000742	0.7
435	-0.842945	144.419708	9.901601	0.001659	0.7
436	-0.872417	144.364930	9.904881	0.001053	0.7
437	-0.861817	144.148537	9.917860	0.002178	0.6
438	-0.904750	145.106995	9.860632	0.001471	0.6
439	-0.862030	144.893986	9.873293	0.001041	0.6
440	-0.880180	145.604934	9.831161	0.002092	0.6
441	-0.886514	145.384307	9.844198	0.001737	0.6
442	-0.852612	145.161090	9.857422	0.001919	0.6
443	-0.883964	144.944614	9.870281	0.001546	0.6
444	-0.875092	145.944582	9.811160	0.002882	0.6
445	-0.887815	145.751901	9.822497	0.002882	0.6
446	-0.901384	145.528220	9.835690	0.002307	0.6
447	-0.892495	146.528220	9.776980	0.002271	0.7
448	-0.891206	147.514885	9.719735	0.002680	0.6
449	-0.863659	148.514885	9.662396	0.001285	0.6
450	-0.849421	149.504360	9.606323	0.001375	0.6
451	-0.895892	149.453207	9.609206	0.000933	0.6
452	-0.888091	149.280862	9.618932	0.001726	0.6
453	-0.846608	149.680196	9.596427	0.001351	0.6
454	-0.898468	149.459263	9.608865	0.001414	0.6
455	-0.876064	149.718891	9.594252	0.001959	0.6
456	-0.882406	150.716314	9.538523	0.001174	0.6
457	-0.886566	151.715545	9.483339	0.002804	0.7
458	-0.867383	152.551825	9.437642	0.001297	0.6
459	-0.884810	152.329113	9.449769	0.000898	0.6
460	-0.904290	152.420304	9.444799	0.002505	0.6
461	-0.910094	153.419357	9.390701	0.001530	0.6
462	-0.880864	153.195594	9.402764	0.001531	0.6
463	-0.875707	152.972739	9.414808	0.000705	0.6
464	-0.899678	153.897477	9.365029	0.001501	0.6
465	-0.862159	154.074402	9.355565	0.001508	0.6
466	-0.872752	153.851286	9.367503	0.002280	0.7
467	-0.882541	153.627528	9.379506	0.002507	0.7
468	-0.866510	153.433636	9.389932	0.001544	0.6
469	-0.856482	154.429525	9.336627	0.002208	0.6
470	-0.879736	155.412847	9.284585	0.001619	0.7
471	-0.856848	155.198212	9.295895	0.000812	0.6
472	-0.874216	155.762777	9.266204	0.000920	0.7
473	-0.897877	155.658412	9.271678	0.002017	0.6
474	-0.874223	155.888215	9.259633	0.000856	0.6
475	-0.897685	156.875319	9.208248	0.003084	0.6
476	-0.844002	156.651695	9.219839	0.002978	0.6
477	-0.860463	156.427930	9.231467	0.003069	0.7
478	-0.894502	156.204196	9.243122	0.001359	0.7
479	-0.902053	155.982097	9.254721	0.001729	0.6
480	-0.885236	155.778872	9.265361	0.002122	0.6
481	-0.896437	156.471184	9.229217	0.001036	0.6
482	-0.865275	156.811519	9.211552	0.001785	0.6
483	-0.882792	156.590434	9.223019	0.001919	0.6
484	-0.870657	156.527261	9.226301	0.000835	0.6
485	-0.918323	156.304326	9.237902	0.001835	0.6
486	-0.862098	156.082667	9.249465	0.001535	0.6
487	-0.909013	157.043889	9.199529	0.001758	0.6
488	-0.827886	156.820145	9.211105	0.003005	0.6
489	-0.878958	157.820145	9.159594	0.002207	0.6
490	-0.880700	158.820145	9.108657	0.002323	0.6
491	-0.868889	159.820144	9.058283	0.001945	0.6
492	-0.918113	160.800432	9.009440	0.001684	0.5
493	-0.854602	160.576670	9.020542	0.002357	0.6
494	-0.860249	160.440908	9.027292	0.001695	0.5
495	-0.831249	160.218946	9.038349	0.001836	0.5
496	-0.866031	160.347938	9.031920	0.001820	0.6
497	-0.876372	160.124189	9.043077	0.002725	0.5
498	-0.887551	159.900427	9.054263	0.001992	0.5
499	-0.893595	159.676673	9.065476	0.002250	0.6
500	-0.879573	159.721894	9.063207	0.000617	0.5
501	-0.864844	159.500893	9.074304	0.001421	0.6
502	-0.840794	159.305671	9.084129	0.001152	0.5
503	-0.894364	159.213781	9.088761	0.001806	0.5
504	-0.902864	159.121262	9.093430	0.001382	0.6
505	-0.862277	158.897883	9.104721	0.001208	0.5
506	-0.871098	158.674706	9.116030	0.001964	0.5
507	-0.890752	159.475042	9.075604	0.002652	0.6
508	-0.875893	159.251278	9.086870	0.001384	0.7
509	-0.880279	159.062265	9.096409	0.000903	0.6
510	-0.871841	158.856111	9.106835	0.001771	0.6
511	-0.838808	159.352816	9.081755	0.001788	0.6
512	-0.906398	160.338829	9.032373	0.001913	0.6
513	-0.857837	160.791477	9.009883	0.002458	0.7
514	-0.858456	161.791463	8.960594	0.001100	0.6
515	-0.895184	162.791349	8.911845	0.000849	0.6
516	-0.846885	162.616333	8.920339	0.002319	0.6
517	-0.864250	163.283705	8.888035	0.001594	0.6
518	-0.868878	163.059949	8.898840	0.001432	0.6
519	-0.852300	164.059201	8.850789	0.001717	0.6
520	-0.877049	165.057032	8.803322	0.002335	0.6
521	-0.875121	164.833269	8.813922	0.002272	0.6
522	-0.879742	164.609504	8.824548	0.001757	0.6
523	-0.892920	165.609402	8.777264	0.001651	0.6
524	-0.880637	165.390504	8.787572	0.002046	0.6
525	-0.877051	166.389842	8.740709	0.001974	0.6
526	-0.834887	166.166080	8.751158	0.002407	0.6
527	-0.855806	167.137629	8.705967	0.003335	0.6
528	-0.860294	168.137595	8.659939	0.002257	0.7
529	-0.893323	167.972305	8.667513	0.001582	0.6
530	-0.850120	167.748568	8.677788	0.000982	0.7
531	-0.883790	167.530212	8.687838	0.001498	0.6
532	-0.874916	168.488185	8.643916	0.001550	0.6
533	-0.872322	168.325463	8.651346	0.002776	0.6
534	-0.859595	169.325395	8.605893	0.001470	0.6
535	-0.888311	169.880239	8.580878	0.000505	0.6
536	-0.890867	170.661628	8.545894	0.002357	0.6
537	-0.850293	171.547705	8.506567	0.002618	0.6
538	-0.893172	172.546523	8.462668	0.001163	0.5
539	-0.866392	172.327732	8.472245	0.002563	0.6
540	-0.870369	173.196943	8.434324	0.002682	0.5
541	-0.877574	174.196932	8.391115	0.002086	0.6
542	-0.856572	175.196932	8.348347	0.000797	0.6
543	-0.887026	175.457899	8.337257	0.001396	0.6
544	-0.887601	176.145734	8.308169	0.002449	0.6
545	-0.900012	175.933010	8.317143	0.001469	0.5
546	-0.867430	176.294533	8.301903	0.002983	0.6
547	-0.883517	177.293567	8.260076	0.001053	0.6
548	-0.887496	177.070341	8.269385	0.001484	0.6
549	-0.856308	177.595948	8.247500	0.002330	0.6
550	-0.909117	178.595503	8.206197	0.001462	0.6
551	-0.870115	178.371739	8.215407	0.001573	0.7
552	-0.865465	178.148232	8.224627	0.001197	0.6
553	-0.913853	177.925372	8.233842	0.002724	0.6
554	-0.850731	178.921581	8.192812	0.002023	0.6
555	-0.876266	179.921208	8.152051	0.002135	0.6
556	-0.887150	180.921208	8.111679	0.002142	0.6
557	-0.898976	180.697535	8.120674	0.001704	0.6
558	-0.843087	181.528007	8.087375	0.001244	0.6
559	-0.887158	181.322354	8.095596	0.001428	0.6
560	-0.864396	181.137902	8.102983	0.001469	0.5
561	-0.866359	180.914223	8.111959	0.001718	0.5
562	-0.884343	180.803727	8.116401	0.000978	0.5
563	-0.884579	180.682151	8.121294	0.001429	0.5
564	-0.866211	180.711600	8.120108	0.001454	0.5
565	-0.891462	180.492597	8.128934	0.000343	0.5
566	-0.884969	180.439502	8.131076	0.001904	0.6
567	-0.861675	180.816136	8.115902	0.002409	0.6
568	-0.905343	180.592372	8.124911	0.003476	0.6
569	-0.897191	181.592372	8.084806	0.001435	0.6
570	-0.862642	181.368647	8.093744	0.002456	0.5
571	-0.844216	181.307468	8.096191	0.001564	0.7
572	-0.891278	182.302462	8.056567	0.001060	0.6
573	-0.875957	182.080380	8.065378	0.001091	0.6
574	-0.915554	182.726978	8.039780	0.002694	0.6
575	-0.893583	183.718616	8.000836	0.003502	0.6
576	-0.878404	183.494851	8.009590	0.002289	0.6
577	-0.880259	184.494851	7.970613	0.001517	0.5
578	-0.867287	185.491931	7.932126	0.002036	0.5
579	-0.874447	185.268167	7.940731	0.001753	0.6
580	-0.897785	185.081472	7.947925	0.000968	0.6
581	-0.876594	185.939350	7.914976	0.002393	0.6
582	-0.871126	186.356726	7.899044	0.001543	0.6
583	-0.885364	186.133198	7.907569	0.001959	0.6
584	-0.903065	186.122799	7.907966	0.002169	0.6
585	-0.871893	185.899034	7.916518	0.002200	0.6
586	-0.887369	186.899023	7.878440	0.001702	0.6
587	-0.858453	186.675613	7.886915	0.002872	0.7
588	-0.850732	187.675612	7.849120	0.002681	0.7
589	-0.860331	188.675612	7.811686	0.000743	0.5
590	-0.872113	189.674005	7.774666	0.000882	0.6
591	-0.903206	189.765424	7.771294	0.001163	0.6
592	-0.866485	189.738778	7.772276	0.003464	0.6
593	-0.844953	189.515018	7.780538	0.000795	0.6
594	-0.888935	190.514207	7.743782	0.002869	0.6
595	-0.845938	191.242227	7.717220	0.001733	0.6
596	-0.863422	191.018484	7.725364	0.002084	0.6
597	-0.884179	191.956941	7.691320	0.001381	0.6
598	-0.844398	192.540666	7.670295	0.001146	0.6
599	-0.863013	193.534341	7.634768	0.001984	0.5
600	-0.880733	193.319569	7.642419	0.001708	0.6
601	-0.883238	193.097154	7.650359	0.001658	0.6
602	-0.878278	192.874025	7.658340	0.000958	0.6
603	-0.890028	192.957610	7.655348	0.001412	0.6
604	-0.884244	192.737712	7.663224	0.002813	0.6
605	-0.886203	193.737699	7.627538	0.001603	0.7
606	-0.886338	194.737698	7.592183	0.001597	0.6
607	-0.867874	194.514365	7.600050	0.001379	0.7
608	-0.857124	194.801790	7.589928	0.000998	0.6
609	-0.900107	194.621370	7.596279	0.001081	0.5
610	-0.873061	195.514609	7.564940	0.001204	0.6
611	-0.898718	195.486972	7.565906	0.001450	0.6
612	-0.870104	195.266984	7.573602	0.001826	0.6
613	-0.841555	196.235036	7.539852	0.001520	0.6
614	-0.849177	196.012609	7.547580	0.001300	0.6
615	-0.895087	196.435567	7.532898	0.001274	0.5
616	-0.864781	196.242122	7.539606	0.001285	0.6
617	-0.870489	196.018661	7.547369	0.003030	0.6
618	-0.913109	197.018656	7.512752	0.001113	0.6
619	-0.928759	197.629691	7.491755	0.001903	0.5
620	-0.896560	197.467761	7.497308	0.002164	0.6
621	-0.880660	197.247829	7.504863	0.001494	0.5
622	-0.873693	198.243231	7.470789	0.001491	0.6
623	-0.898989	198.157939	7.473697	0.001886	0.6
624	-0.879462	199.145389	7.440174	0.000776	0.5
625	-0.850723	199.234519	7.437163	0.002218	0.5
626	-0.887267	199.641490	7.423445	0.002131	0.7
627	-0.890848	200.641486	7.389952	0.001874	0.6
628	-0.861779	201.430419	7.363741	0.001398	0.7
629	-0.873301	201.206668	7.371156	0.001415	0.6
630	-0.883126	202.205007	7.338187	0.001498	0.6
631	-0.857233	202.884192	7.315925	0.002113	0.6
632	-0.863251	203.881810	7.283470	0.001833	0.5
633	-0.863532	203.661016	7.290628	0.001948	0.6
634	-0.904936	203.437301	7.297896	0.000937	0.7
635	-0.886133	203.737673	7.288142	0.002152	0.7
636	-0.870466	203.514200	7.295396	0.000976	0.6
637	-0.879346	204.492630	7.263741	0.002258	0.6
638	-0.868680	205.490542	7.231737	0.000259	0.6
639	-0.884001	205.605033	7.228083	0.001485	0.6
640	-0.856236	205.531057	7.230443	0.001404	0.7
641	-0.879100	205.913340	7.218262	0.000880	0.6
642	-0.878439	205.748166	7.223520	0.002147	0.6
643	-0.904056	206.393451	7.203022	0.001976	0.5
644	-0.915714	206.169686	7.210117	0.002106	0.5
645	-0.893646	205.960937	7.216748	0.002622	0.5
646	-0.845028	206.960916	7.185091	0.001247	0.5
647	-0.865955	207.959927	7.153741	0.002005	0.6
648	-0.887200	207.736204	7.160738	0.001026	0.6
649	-0.869874	208.499092	7.136935	0.001285	0.6
650	-0.899889	209.436021	7.107917	0.001167	0.6
651	-0.863634	210.100184	7.087489	0.000659	0.6
652	-0.872778	210.118798	7.086918	0.001189	0.6
653	-0.884558	209.917777	7.093087	0.001650	0.7
654	-0.888561	210.907598	7.062813	0.001853	0.6
655	-0.873507	210.683837	7.069634	0.001356	0.6
656	-0.879714	210.763708	7.067198	0.000949	0.6
657	-0.872125	210.644987	7.070820	0.001753	0.6
658	-0.899148	211.389434	7.048169	0.002374	0.5
659	-0.889781	212.389167	7.017978	0.001325	0.6
660	-0.858093	212.690205	7.008937	0.000710	0.6
661	-0.903682	212.663596	7.009735	0.001981	0.5
662	-0.858149	213.622107	6.981098	0.000978	0.5
663	-0.871188	213.464882	6.985780	0.002299	0.6
664	-0.883912	213.363412	6.988804	0.002619	0.6
665	-0.869261	213.140428	6.995460	0.002300	0.6
666	-0.899651	212.916663	7.002152	0.001748	0.5
667	-0.874686	213.563965	6.982829	0.001509	0.6
668	-0.879289	214.560057	6.953301	0.002161	0.5
669	-0.857407	214.344061	6.959683	0.001214	0.5
670	-0.880915	215.343655	6.930247	0.001841	0.6
671	-0.883069	215.236451	6.933392	0.000826	0.5
672	-0.874394	215.016390	6.939857	0.001265	0.6
673	-0.867491	215.941004	6.912776	0.000756	0.6
674	-0.842523	215.726768	6.919032	0.000609	0.5
675	-0.870313	216.146797	6.906777	0.002091	0.6
676	-0.919419	215.934653	6.912961	0.000696	0.6
677	-0.860881	215.714704	6.919384	0.001597	0.6
678	-0.863433	216.552874	6.894970	0.002956	0.6
679	-0.876754	217.510495	6.867287	0.000888	0.7
680	-0.887996	217.286844	6.873732	0.001718	0.6
681	-0.864916	217.074712	6.879857	0.001605	0.6
682	-0.848439	217.493573	6.867774	0.001669	0.6
683	-0.886382	217.288705	6.873679	0.001817	0.6
684	-0.876800	218.284482	6.845074	0.002041	0.6
685	-0.877361	218.061251	6.851466	0.001798	0.6
686	-0.882526	217.839373	6.857831	0.002579	0.6
687	-0.846472	218.824230	6.829669	0.001761	0.6
688	-0.855731	219.823609	6.801327	0.001654	0.6
689	-0.914444	219.639267	6.806537	0.002460	0.6
690	-0.873289	219.416707	6.812838	0.002070	0.6
691	-0.878440	220.402915	6.785005	0.001981	0.6
692	-0.830716	221.402912	6.757015	0.001283	0.6
693	-0.887173	222.338058	6.731047	0.003094	0.7
694	-0.857287	223.338056	6.703499	0.001360	0.7
695	-0.905966	224.338040	6.676176	0.001789	0.6
696	-0.888231	225.132695	6.654622	0.002590	0.6
697	-0.834691	225.624724	6.641345	0.001613	0.6
698	-0.858414	225.400959	6.647377	0.002065	0.6
699	-0.863694	226.391973	6.620748	0.001604	0.5
700	-0.892197	226.202051	6.625835	0.001447	0.6
701	-0.848647	225.997322	6.631327	0.002190	0.6
702	-0.845445	225.773559	6.637340	0.001274	0.5
703	-0.855607	226.216599	6.625445	0.002206	0.5
704	-0.865243	227.216475	6.598756	0.001531	0.7
705	-0.917663	228.216442	6.572279	0.002379	0.5
706	-0.867459	228.014363	6.577613	0.003702	0.5
707	-0.879253	227.790598	6.583529	0.002215	0.5
708	-0.863149	228.790598	6.557172	0.001795	0.6
709	-0.846807	229.779736	6.531309	0.001796	0.5
710	-0.868690	229.564531	6.536919	0.001644	0.7
711	-0.895618	230.443907	6.514057	0.001410	0.6
712	-0.865817	231.437502	6.488418	0.002760	0.6
713	-0.850679	231.221963	6.493963	0.001300	0.5
714	-0.884020	231.557129	6.485345	0.001783	0.6
715	-0.857512	231.336262	6.491021	0.001865	0.6
716	-0.859601	232.331455	6.465522	0.000854	0.6
717	-0.863792	233.069072	6.446751	0.001448	0.6
718	-0.861545	232.849480	6.452328	0.001318	0.7
719	-0.881476	233.740985	6.429747	0.002214	0.6
720	-0.892698	234.740942	6.404606	0.002296	0.6
721	-0.893255	235.525410	6.385020	0.000884	0.6
722	-0.850690	236.050746	6.371971	0.001238	0.6
723	-0.865341	236.223395	6.367694	0.001348	0.6
724	-0.851180	237.174397	6.344239	0.001057	0.6
725	-0.905206	237.081571	6.346521	0.003888	0.5
726	-0.866187	238.081264	6.322032	0.002475	0.5
727	-0.885991	237.970354	6.324739	0.002080	0.6
728	-0.867040	238.969815	6.300424	0.003136	0.6
729	-0.878776	238.818193	6.304100	0.002102	0.6
730	-0.880646	238.594428	6.309534	0.002901	0.6
731	-0.889822	239.594372	6.285324	0.001998	0.6
732	-0.892862	240.594366	6.261297	0.001530	0.7
733	-0.862711	241.577248	6.237860	0.002155	0.6
734	-0.867591	241.943877	6.229162	0.001082	0.6
735	-0.893062	242.937620	6.205709	0.001524	0.6
736	-0.896983	243.154442	6.200615	0.001812	0.6
737	-0.905186	242.963556	6.205099	0.001325	0.6
738	-0.867691	243.069233	6.202616	0.000855	0.5
739	-0.865129	243.951435	6.181963	0.001102	0.5
740	-0.928736	243.742121	6.186851	0.001535	0.6
741	-0.914990	243.907325	6.182992	0.001708	0.7
742	-0.896657	244.349864	6.172681	0.001242	0.6
743	-0.883991	244.299659	6.173849	0.002307	0.6
744	-0.877473	245.290116	6.150885	0.000997	0.6
745	-0.876133	245.092119	6.155462	0.002383	0.6
746	-0.857785	244.869164	6.160624	0.001566	0.6
747	-0.858629	245.869060	6.137542	0.001066	0.6
748	-0.857598	246.605897	6.120642	0.002249	0.5
749	-0.871646	246.382469	6.125757	0.001997	0.6
750	-0.866398	246.158705	6.130888	0.002067	0.6
751	-0.876017	245.934941	6.136027	0.001669	0.6
752	-0.902037	246.830155	6.115517	0.000593	0.6
753	-0.900158	247.231535	6.106366	0.003023	0.6
754	-0.885678	247.560332	6.098890	0.002122	0.6
755	-0.888927	247.336571	6.103976	0.000776	0.5
756	-0.870708	247.726432	6.095121	0.001703	0.5
757	-0.877819	247.505143	6.100144	0.003709	0.5
758	-0.921862	247.281378	6.105232	0.001956	0.6
759	-0.902860	247.090528	6.109578	0.001882	0.6
760	-0.903450	247.782789	6.093843	0.003058	0.6
761	-0.864634	247.559467	6.098910	0.001039	0.6
762	-0.915666	248.261950	6.082998	0.001488	0.6
763	-0.857937	248.062351	6.087511	0.000795	0.8
764	-0.903725	248.424950	6.079318	0.001827	0.6
765	-0.887295	248.538144	6.076765	0.002092	0.6
766	-0.909511	249.538070	6.054305	0.001994	0.6
767	-0.889571	249.314306	6.059317	0.002121	0.6
768	-0.902443	250.314300	6.036984	0.003154	0.6
769	-0.885399	250.090535	6.041967	0.001667	0.6
770	-0.876597	249.959472	6.044889	0.001741	0.5
771	-0.873099	249.735777	6.049884	0.002186	0.6
772	-0.845432	249.582402	6.053313	0.002146	0.6
773	-0.862304	249.405536	6.057272	0.001445	0.7
774	-0.855755	249.181776	6.062289	0.002866	0.6
775	-0.892049	248.958012	6.067314	0.002657	0.6
776	-0.848777	249.958012	6.044922	0.002117	0.5
777	-0.899587	250.958012	6.022694	0.002243	0.6
778	-0.919658	251.958011	6.000630	0.001151	0.6
779	-0.881675	251.762622	6.004928	0.001869	0.5
780	-0.883148	251.539333	6.009848	0.001683	0.6
781	-0.873791	251.315578	6.014786	0.001714	0.6
782	-0.874456	252.315539	5.992780	0.001659	0.7
783	-0.877636	252.198350	5.995351	0.001770	0.7
784	-0.877815	252.051814	5.998568	0.002084	0.6
785	-0.892792	251.828050	6.003488	0.001805	0.6
786	-0.882088	252.680721	5.984784	0.002421	0.6
787	-0.896007	252.457097	5.989678	0.001857	0.6
788	-0.889407	253.457084	5.967855	0.002259	0.5
789	-0.859479	254.455341	5.946227	0.003104	0.6
790	-0.880051	255.455288	5.924719	0.001433	0.6
791	-0.871124	256.454819	5.903376	0.001509	0.6
792	-0.848446	256.271920	5.907270	0.002631	0.6
793	-0.855730	256.053733	5.911922	0.001908	0.6
794	-0.903666	257.046647	5.890810	0.000939	0.6
795	-0.914642	256.963600	5.892570	0.001439	0.6
796	-0.855902	257.854280	5.873749	0.002038	0.6
797	-0.850147	257.660651	5.877830	0.001550	0.6
798	-0.877100	258.469806	5.860812	0.000911	0.5
799	-0.841464	259.039089	5.848898	0.001985	0.6
800	-0.850308	259.870285	5.831589	0.002047	0.6
801	-0.916780	259.646740	5.836234	0.001089	0.5
802	-0.859797	259.447092	5.840389	0.001959	0.7
803	-0.872702	260.427032	5.820052	0.000696	0.6
804	-0.862696	260.212452	5.824493	0.002028	0.7
805	-0.870023	260.010560	5.828678	0.003097	0.7
806	-0.865960	260.158572	5.825609	0.002191	0.6
807	-0.866725	261.147130	5.805198	0.001502	0.6
808	-0.849363	262.143200	5.784776	0.001426	0.6
809	-0.875266	261.923217	5.789274	0.003506	0.6
810	-0.878283	261.709991	5.793640	0.001291	0.6
811	-0.869803	262.647064	5.774500	0.001936	0.6
812	-0.895901	263.067835	5.765947	0.002702	0.5
813	-0.877310	264.061296	5.745852	0.002304	0.6
814	-0.892789	265.061296	5.725766	0.001459	0.6
815	-0.857688	266.058704	5.705871	0.002323	0.6
816	-0.862657	266.875422	5.689683	0.001629	0.5
817	-0.860875	267.873950	5.670016	0.002745	0.6
818	-0.896178	268.873950	5.650456	0.002022	0.6
819	-0.874484	269.873934	5.631030	0.001381	0.5
820	-0.869064	270.815303	5.612865	0.003074	0.5
821	-0.899240	271.607560	5.597668	0.001499	0.6
822	-0.878574	271.383798	5.601952	0.002623	0.6
823	-0.896149	271.160033	5.606243	0.002067	0.7
824	-0.886802	272.160033	5.587119	0.002247	0.6
825	-0.888932	273.160033	5.568126	0.002074	0.7
826	-0.845304	272.936269	5.572364	0.001988	0.6
827	-0.919396	273.936267	5.553471	0.001415	0.6
828	-0.877803	274.548336	5.541970	0.003351	0.8
829	-0.914215	275.537722	5.523479	0.002894	0.7
830	-0.852724	276.537722	5.504915	0.001961	0.6
831	-0.872321	277.377683	5.489419	0.002980	0.8
832	-0.904823	277.154051	5.493536	0.001299	0.7
833	-0.900643	277.980518	5.478350	0.002276	0.6
834	-0.869212	277.814285	5.481398	0.000873	0.7
835	-0.875696	277.655922	5.484304	0.001526	0.7
836	-0.864301	278.185117	5.474604	0.001993	0.6
837	-0.858561	277.961926	5.478691	0.000757	0.6
838	-0.858201	278.069139	5.476727	0.002135	0.6
839	-0.845122	278.644182	5.466217	0.001765	0.6
840	-0.877051	278.463079	5.469522	0.001980	0.6
841	-0.854770	279.160978	5.456805	0.001149	0.6
842	-0.857774	280.158554	5.438730	0.001779	0.6
843	-0.908463	279.938540	5.442706	0.001359	0.6
844	-0.884636	280.630997	5.430211	0.002929	0.6
845	-0.890165	280.409293	5.434205	0.001203	0.6
846	-0.869587	280.410496	5.434184	0.001533	0.6
847	-0.870177	281.357171	5.417169	0.001463	0.6
848	-0.855925	282.344924	5.399530	0.002977	0.7
849	-0.872741	282.121161	5.403516	0.002037	0.6
850	-0.889824	281.897396	5.407508	0.002266	0.6
851	-0.884943	282.897020	5.389720	0.001919	0.6
852	-0.887144	282.673256	5.393692	0.001568	0.5
853	-0.877965	282.449497	5.397669	0.001560	0.5
854	-0.897218	283.101547	5.386096	0.001370	0.6
855	-0.867590	283.310208	5.382402	0.001548	0.6
856	-0.875464	283.149635	5.385244	0.003208	0.6
857	-0.887283	284.149614	5.367596	0.001851	0.6
858	-0.893029	283.925858	5.371535	0.000788	0.6
859	-0.899354	283.742132	5.374774	0.000569	0.6
860	-0.894134	283.654474	5.376320	0.001512	0.6
861	-0.870864	283.941179	5.371265	0.001544	0.7
862	-0.876591	284.835419	5.355560	0.001271	0.7
863	-0.878595	285.753889	5.339525	0.001856	0.6
864	-0.898358	285.530163	5.343422	0.002596	0.7
865	-0.863926	285.306398	5.347325	0.001572	0.6
866	-0.890511	285.130147	5.350404	0.001374	0.6
867	-0.883330	285.721131	5.340095	0.001870	0.6
868	-0.880485	286.599204	5.324851	0.000623	0.6
869	-0.868844	286.396429	5.328364	0.001923	0.6
870	-0.885396	286.679783	5.323457	0.002674	0.6
871	-0.856400	286.456019	5.327331	0.001412	0.6
872	-0.850494	286.232254	5.331211	0.001828	0.6
873	-0.893874	287.191643	5.314615	0.001730	0.5
874	-0.864763	286.967878	5.318477	0.001911	0.6
875	-0.879089	286.744123	5.322344	0.001567	0.6
876	-0.888665	287.743687	5.305113	0.000778	0.6
877	-0.893116	287.564659	5.308191	0.001812	0.5
878	-0.888696	288.518070	5.291840	0.002378	0.6
879	-0.887769	289.518059	5.274798	0.002316	0.6
880	-0.878246	289.294310	5.278601	0.000824	0.6
881	-0.861160	289.106250	5.281803	0.001242	0.7
882	-0.868479	288.922325	5.284937	0.001153	0.6
883	-0.831723	289.346432	5.277715	0.001775	0.6
884	-0.877192	289.122777	5.281521	0.000694	0.6
885	-0.866642	288.974383	5.284050	0.001083	0.6
886	-0.884279	288.796565	5.287082	0.001158	0.6
887	-0.897976	288.989512	5.283792	0.002818	0.6
888	-0.877254	289.239583	5.279533	0.002763	0.6
889	-0.813889	290.239583	5.262570	0.000765	0.5
890	-0.905441	291.198223	5.246410	0.001194	0.5
891	-0.864841	291.911372	5.234453	0.001638	0.6
892	-0.859701	292.498373	5.224652	0.001448	0.7
893	-0.840994	292.732539	5.220753	0.001922	0.6
894	-0.881232	292.509108	5.224473	0.000509	0.6
895	-0.862479	292.291815	5.228097	0.003066	0.6
896	-0.886166	292.070731	5.231789	0.002844	0.6
897	-0.883769	291.846966	5.235531	0.000903	0.6
898	-0.839005	291.630516	5.239156	0.001312	0.6
899	-0.892174	291.415745	5.242758	0.001556	0.5
900	-0.911612	291.199704	5.246385	0.000857	0.5
901	-0.895927	291.100213	5.248058	0.001348	0.5
902	-0.876606	290.879372	5.251774	0.001312	0.6
903	-0.841587	290.656633	5.255527	0.002815	0.5
904	-0.911911	290.435392	5.259261	0.000548	0.6
905	-0.890385	290.214594	5.262992	0.001209	0.6
906	-0.896551	290.255151	5.262306	0.003347	0.6
907	-0.842044	290.728221	5.254321	0.001862	0.6
908	-0.863882	291.728221	5.237519	0.001535	0.6
909	-0.843865	292.728118	5.220826	0.001650	0.6
910	-0.866707	293.687066	5.204917	0.001571	0.6
911	-0.892342	294.673106	5.188659	0.001096	0.6
912	-0.895369	295.426621	5.176303	0.001925	0.5
913	-0.863275	295.206972	5.179898	0.001583	0.6
914	-0.865889	296.206125	5.163583	0.001182	0.6
915	-0.882718	295.986476	5.167160	0.001997	0.6
916	-0.874832	296.940799	5.151651	0.001011	0.6
917	-0.881765	297.603543	5.140935	0.002204	0.6
918	-0.890606	298.590029	5.125066	0.001667	0.6
919	-0.887719	298.380364	5.128430	0.002621	0.5
920	-0.890592	298.156607	5.132026	0.001557	0.6
921	-0.898955	298.686521	5.123519	0.001852	0.6
922	-0.875413	299.686126	5.107549	0.000335	0.5
923	-0.886999	299.517334	5.110238	0.000979	0.6
924	-0.884433	299.823124	5.105368	0.001468	0.6
925	-0.906668	300.695829	5.091518	0.001130	0.6
926	-0.869647	301.688450	5.075856	0.002110	0.6
927	-0.883885	302.663764	5.060560	0.002508	0.6
928	-0.891285	303.663734	5.044974	0.002014	0.6
929	-0.920034	303.439969	5.048453	0.001257	0.6
930	-0.856514	303.272724	5.051057	0.001387	0.6
931	-0.874017	303.059502	5.054380	0.001776	0.5
932	-0.886322	302.863304	5.057442	0.002829	0.5
933	-0.822570	302.639542	5.060939	0.001054	0.6
934	-0.875951	303.639040	5.045357	0.001638	0.6
935	-0.858323	303.481067	5.047814	0.002083	0.5
936	-0.899667	304.471488	5.032453	0.002644	0.6
937	-0.852895	305.470931	5.017047	0.002233	0.6
938	-0.865037	306.470634	5.001731	0.001621	0.6
939	-0.878360	307.470628	4.986504	0.002843	0.6
940	-0.853306	307.246876	4.989903	0.001781	0.6
941	-0.876387	307.023125	4.993306	0.002359	0.6
942	-0.862240	306.799360	4.996715	0.001625	0.6
943	-0.873535	307.472865	4.986470	0.002573	0.6
944	-0.885258	307.249256	4.989867	0.001776	0.6
945	-0.890091	307.026248	4.993259	0.001620	0.6
946	-0.887522	306.864431	4.995723	0.002052	0.5
947	-0.853495	307.855730	4.980664	0.001556	0.6
948	-0.855407	308.032584	4.977987	0.002017	0.5
949	-0.882720	309.031558	4.962919	0.001625	0.5
950	-0.915938	309.692480	4.953000	0.001621	0.6
951	-0.906649	310.647476	4.938738	0.001295	0.6
952	-0.873591	311.045467	4.932818	0.000893	0.6
953	-0.890774	310.903634	4.934926	0.001064	0.5
954	-0.880049	311.384558	4.927786	0.001194	0.6
955	-0.879788	311.232711	4.930038	0.000922	0.6
956	-0.874179	311.043960	4.932841	0.001773	0.6
957	-0.855477	311.131638	4.931539	0.000802	0.5
958	-0.877799	311.006130	4.933403	0.001366	0.5
959	-0.866015	310.886926	4.935175	0.001213	0.6
960	-0.873893	311.881224	4.920434	0.001013	0.6
961	-0.894383	312.623328	4.909489	0.002143	0.6
962	-0.882069	312.408199	4.912657	0.003088	0.6
963	-0.886536	312.188185	4.915901	0.002727	0.6
964	-0.849192	313.188185	4.901191	0.001985	0.6
965	-0.888516	312.969688	4.904397	0.002548	0.6
966	-0.892485	312.745924	4.907685	0.001882	0.6
967	-0.886546	312.525763	4.910925	0.001771	0.5
968	-0.902023	312.301999	4.914222	0.002476	0.6
969	-0.880303	313.297094	4.899594	0.001695	0.6
970	-0.880390	313.371912	4.898498	0.002298	0.6
971	-0.838666	313.148228	4.901777	0.001830	0.6
972	-0.863602	314.148193	4.887152	0.001386	0.6
973	-0.892300	315.147847	4.872618	0.003225	0.6
974	-0.897536	316.103239	4.858808	0.001855	0.6
975	-0.876355	317.100313	4.844479	0.002206	0.6
976	-0.835992	316.898631	4.847371	0.002402	0.6
977	-0.821446	317.898631	4.833068	0.002336	0.6
978	-0.881622	317.676710	4.836235	0.001590	0.6
979	-0.892409	318.627421	4.822697	0.002940	0.6
980	-0.869264	319.562412	4.809456	0.000719	0.6
981	-0.887953	320.325449	4.798705	0.001694	0.6
982	-0.878506	320.116622	4.801642	0.001553	0.5
983	-0.871895	321.072680	4.788222	0.002178	0.7
984	-0.876598	322.072677	4.774265	0.001341	0.6
985	-0.893296	321.849650	4.777371	0.001801	0.6
986	-0.851463	322.806669	4.764073	0.001261	0.7
987	-0.855721	322.731851	4.765110	0.002000	0.7
988	-0.871057	323.584239	4.753322	0.001598	0.6
989	-0.886147	324.582481	4.739592	0.002537	0.6
990	-0.887981	324.391163	4.742217	0.001651	0.6
991	-0.845693	325.391161	4.728527	0.002283	0.6
992	-0.880530	325.167455	4.731583	0.001296	0.6
993	-0.881225	324.943702	4.734643	0.000705	0.6
994	-0.856508	324.737385	4.737469	0.001364	0.6
995	-0.895002	324.690075	4.738117	0.002956	0.6
996	-0.878841	324.466311	4.741186	0.001763	0.5
997	-0.866714	324.242546	4.744259	0.001446	0.5
998	-0.835892	325.188478	4.731296	0.001613	0.6
999	-0.862328	324.964770	4.734355	0.000934	0.6
Time spent in resolution 2 (ITK initialization and iterating): 0.769 s.
Stopping condition: Maximum number of iterations has been reached.
Settings of AdaptiveStochasticGradientDescent in resolution 2:
( SP_a 1637.919997 )
( SP_A 20.000000 )
( SP_alpha 1.000000 )
( SigmoidMax 1.000000 )
( SigmoidMin -0.223765 )
( SigmoidScale 0.000000 )


Resolution: 3
WARNING: The parameter "ShowExactMetricValue", requested at entry number 3, does not exist at all.
  The default value "false" is used instead.
WARNING: The parameter "CheckNumberOfSamples", requested at entry number 3, does not exist at all.
  The default value "true" is used instead.
WARNING: The parameter "UseMultiThreadingForMetrics", requested at entry number 3, does not exist at all.
  The default value "true" is used instead.
Setting the fixed masks took: 0 ms.
Setting the moving masks took: 0 ms.
WARNING: The parameter "NumberOfFixedHistogramBins", requested at entry number 3, does not exist at all.
  The default value "32" is used instead.
WARNING: The parameter "NumberOfMovingHistogramBins", requested at entry number 3, does not exist at all.
  The default value "32" is used instead.
WARNING: The parameter "FixedLimitRangeRatio", requested at entry number 3, does not exist at all.
  The default value "0.01" is used instead.
WARNING: The parameter "MovingLimitRangeRatio", requested at entry number 3, does not exist at all.
  The default value "0.01" is used instead.
WARNING: The parameter "FixedKernelBSplineOrder", requested at entry number 3, does not exist at all.
  The default value "0" is used instead.
WARNING: The parameter "MovingKernelBSplineOrder", requested at entry number 3, does not exist at all.
  The default value "3" is used instead.
WARNING: The parameter "UseFastAndLowMemoryVersion", requested at entry number 3, does not exist at all.
  The default value "true" is used instead.
WARNING: The parameter "UseJacobianPreconditioning", requested at entry number 3, does not exist at all.
  The default value "false" is used instead.
WARNING: The parameter "FiniteDifferenceDerivative", requested at entry number 3, does not exist at all.
  The default value "false" is used instead.
WARNING: The parameter "SP_A", requested at entry number 3, does not exist at all.
  The default value "20" is used instead.
WARNING: The parameter "MaximumNumberOfSamplingAttempts", requested at entry number 3, does not exist at all.
  The default value "0" is used instead.
WARNING: The parameter "SigmoidInitialTime", requested at entry number 3, does not exist at all.
  The default value "0" is used instead.
WARNING: The parameter "MaxBandCovSize", requested at entry number 3, does not exist at all.
  The default value "192" is used instead.
WARNING: The parameter "NumberOfBandStructureSamples", requested at entry number 3, does not exist at all.
  The default value "10" is used instead.
WARNING: The parameter "UseAdaptiveStepSizes", requested at entry number 3, does not exist at all.
  The default value "true" is used instead.
WARNING: The parameter "AutomaticParameterEstimation", requested at entry number 3, does not exist at all.
  The default value "true" is used instead.
WARNING: The parameter "UseConstantStep", requested at entry number 3, does not exist at all.
  The default value "false" is used instead.
WARNING: The parameter "MaximumStepLengthRatio", requested at entry number 3, does not exist at all.
  The default value "1" is used instead.
WARNING: The parameter "MaximumStepLength", requested at entry number 3, does not exist at all.
  The default value "1" is used instead.
WARNING: The parameter "NumberOfGradientMeasurements", requested at entry number 3, does not exist at all.
  The default value "0" is used instead.
WARNING: The parameter "NumberOfJacobianMeasurements", requested at entry number 3, does not exist at all.
  The default value "1000" is used instead.
WARNING: The parameter "NumberOfSamplesForExactGradient", requested at entry number 3, does not exist at all.
  The default value "100000" is used instead.
WARNING: The parameter "SigmoidScaleFactor", requested at entry number 3, does not exist at all.
  The default value "0.1" is used instead.
Elastix initialization of all components (for this resolution) took: 1 ms.
  Computing the fixed image extrema took 0 ms.
  Computing the moving image extrema took 0 ms.
Initialization of AdvancedMattesMutualInformation metric took: 0 ms.
Starting automatic parameter estimation for AdaptiveStochasticGradientDescent ...
WARNING: The parameter "ASGDParameterEstimationMethod", requested at entry number 0, does not exist at all.
  The default value "Original" is used instead.
  Computing JacobianTerms ...
  Computing the Jacobian terms took 0.000242s
  NumberOfGradientMeasurements to estimate sigma_i: 9
  Sampling gradients ...
  Sampling the gradients took 0.012635s
Automatic parameter estimation took 0.01s
1:ItNr	2:Metric	3a:Time	3b:StepSize	4:||Gradient||	Time[ms]
0	-0.691368	0.000000	40.901397	0.007150	14.6
1	-0.680970	0.000000	40.901397	0.007779	0.6
2	-0.697407	0.000000	40.901397	0.004466	0.6
3	-0.657446	0.000000	40.901397	0.006391	0.5
4	-0.693702	0.000000	40.901397	0.006001	0.5
5	-0.706291	0.000000	40.901397	0.003150	0.6
6	-0.663073	0.000000	40.901397	0.006508	0.6
7	-0.657644	0.000000	40.901397	0.002690	0.6
8	-0.681564	0.000000	40.901397	0.003864	0.7
9	-0.678235	0.033003	40.837219	0.000531	0.6
10	-0.670774	0.000000	40.901397	0.003079	0.6
11	-0.715166	0.093717	40.719677	0.003603	0.5
12	-0.643468	0.316563	40.293989	0.002800	0.6
13	-0.717171	0.281509	40.360360	0.002204	0.6
14	-0.688011	0.307067	40.311947	0.003042	0.6
15	-0.676980	0.216345	40.484322	0.001973	0.6
16	-0.661099	1.170748	38.741558	0.002103	0.5
17	-0.745186	1.124811	38.821996	0.004054	0.6
18	-0.705674	1.034104	38.981813	0.005923	0.5
19	-0.682879	2.034104	37.289461	0.001706	0.6
20	-0.728171	1.943378	37.436916	0.002699	0.5
21	-0.663979	2.442603	36.639674	0.001064	0.6
22	-0.744641	2.809509	36.075055	0.002632	0.5
23	-0.655392	2.726499	36.201268	0.004625	0.6
24	-0.699936	3.726499	34.737200	0.002389	0.5
25	-0.674243	4.726499	33.386951	0.002056	0.6
26	-0.712483	4.635908	33.504931	0.001966	0.6
27	-0.696917	5.280492	32.683153	0.002164	0.5
28	-0.676876	5.190306	32.795697	0.003405	0.6
29	-0.691919	5.981335	31.834205	0.001854	0.7
30	-0.722309	6.981329	30.696517	0.002058	0.6
31	-0.712323	7.962547	29.656554	0.002691	0.6
32	-0.680146	7.872545	29.749000	0.002442	0.6
33	-0.679149	8.622092	28.996242	0.003427	0.6
34	-0.687546	9.174081	28.465799	0.001787	0.6
35	-0.713685	9.083356	28.551647	0.002390	0.6
36	-0.705558	10.080362	27.635757	0.002257	0.6
37	-0.699805	10.005941	27.702089	0.002194	0.6
38	-0.686086	10.339584	27.407171	0.001758	0.5
39	-0.643117	11.332728	26.565322	0.001969	0.5
40	-0.643576	11.244837	26.637733	0.002236	0.6
41	-0.703121	12.243730	25.837333	0.001716	0.6
42	-0.648152	12.153083	25.907978	0.003537	0.6
43	-0.700957	13.131228	25.165498	0.003972	0.6
44	-0.691669	13.040503	25.232569	0.002743	0.6
45	-0.656778	14.040503	24.512472	0.001945	0.6
46	-0.664683	13.950993	24.575249	0.000657	0.6
47	-0.655320	13.864793	24.636008	0.000862	0.6
48	-0.656312	14.025300	24.523112	0.002125	0.6
49	-0.663790	13.938280	24.584191	0.003132	0.5
50	-0.690044	14.938063	23.900268	0.002448	0.6
51	-0.691830	14.848691	23.959852	0.002047	0.6
52	-0.672364	14.765246	24.015754	0.003644	0.7
53	-0.706677	15.765166	23.362586	0.001692	0.6
54	-0.712303	15.674440	23.420381	0.003718	0.6
55	-0.673141	15.993655	23.218288	0.001253	0.6
56	-0.708901	15.903256	23.275164	0.003690	0.6
57	-0.698506	16.902791	22.661374	0.002653	0.6
58	-0.710426	16.812066	22.715748	0.002102	0.5
59	-0.720682	16.938159	22.640248	0.002485	0.5
60	-0.686637	17.750581	22.165586	0.001491	0.6
61	-0.746882	17.998574	22.024635	0.004579	0.6
62	-0.662958	17.907848	22.075992	0.003962	0.6
63	-0.705442	18.907683	21.522907	0.002927	0.6
64	-0.714399	18.816957	21.571948	0.003760	0.5
65	-0.689655	18.831259	21.564203	0.003072	0.5
66	-0.670117	19.778168	21.063461	0.002070	0.6
67	-0.701170	19.696538	21.105710	0.002157	0.6
68	-0.694695	19.606239	21.152645	0.003953	0.6
69	-0.699662	20.606206	20.644260	0.002995	0.5
70	-0.685650	21.606206	20.159724	0.001806	0.5
71	-0.707449	22.026450	19.962822	0.003042	0.6
72	-0.755438	21.935728	20.005002	0.002847	0.6
73	-0.704900	21.845007	20.047361	0.004093	0.6
74	-0.648049	22.844446	19.590380	0.001451	0.6
75	-0.682290	22.755131	19.630368	0.003080	0.6
76	-0.663808	23.754983	19.191815	0.002672	0.6
77	-0.696405	23.664258	19.230799	0.002072	0.6
78	-0.663441	24.574497	18.846710	0.002701	0.6
79	-0.705549	25.555104	18.449735	0.004159	0.5
80	-0.701092	25.464824	18.485583	0.001776	0.6
81	-0.685750	26.464403	18.096285	0.002997	0.5
82	-0.708996	26.374044	18.130801	0.002497	0.6
83	-0.697827	26.290680	18.162762	0.002755	0.5
84	-0.674767	26.210633	18.193557	0.001944	0.5
85	-0.649819	26.119914	18.228585	0.003426	0.5
86	-0.702836	27.116055	17.851200	0.001865	0.5
87	-0.675799	28.113614	17.488620	0.003894	0.6
88	-0.679582	28.248615	17.440680	0.002766	0.5
89	-0.652741	28.270573	17.432907	0.001676	0.5
90	-0.700909	28.889865	17.216510	0.002723	0.5
91	-0.652708	28.916943	17.207170	0.001319	0.5
92	-0.677051	28.935865	17.200650	0.001017	0.5
93	-0.710195	29.166690	17.121507	0.002535	0.6
94	-0.671066	29.077846	17.151883	0.004949	0.7
95	-0.702772	30.058478	16.822463	0.002369	0.5
96	-0.692909	29.967753	16.852408	0.002576	0.6
97	-0.681603	29.877028	16.882459	0.002922	0.6
98	-0.671819	29.786302	16.912618	0.002897	0.6
99	-0.726345	29.695892	16.942780	0.003375	0.6
100	-0.661277	29.605166	16.973155	0.001951	0.7
101	-0.704115	30.603393	16.644823	0.002820	0.6
102	-0.691825	30.961782	16.530021	0.002797	0.6
103	-0.686451	30.871056	16.558933	0.002185	0.6
104	-0.708604	30.780330	16.587946	0.002996	0.6
105	-0.673466	30.689604	16.617062	0.002939	0.6
106	-0.678556	31.635060	16.318578	0.002984	0.7
107	-0.709735	32.192276	16.147633	0.001661	0.6
108	-0.695236	32.101557	16.175219	0.001351	0.6
109	-0.695624	32.062884	16.187008	0.003570	0.5
110	-0.671081	31.972470	16.214636	0.002211	0.6
111	-0.693442	31.881757	16.242451	0.002937	0.6
112	-0.656473	31.791045	16.270361	0.002028	0.5
113	-0.670027	32.790932	15.967921	0.002282	0.5
114	-0.704452	32.701354	15.994556	0.002044	0.5
115	-0.703785	32.610647	16.021619	0.002902	0.6
116	-0.681755	32.948127	15.921393	0.002026	0.6
117	-0.721501	33.925830	15.637986	0.002159	0.6
118	-0.680077	33.835105	15.663859	0.004115	0.6
119	-0.677083	33.744402	15.689811	0.001857	0.6
120	-0.670802	33.674486	15.709875	0.002998	0.6
121	-0.693510	33.590609	15.734013	0.001444	0.6
122	-0.717300	34.356887	15.516215	0.003172	0.6
123	-0.703953	34.267399	15.541338	0.003652	0.6
124	-0.692466	35.266890	15.265271	0.001973	0.6
125	-0.694723	35.176272	15.289896	0.002539	0.6
126	-0.678558	35.085553	15.314627	0.001870	0.6
127	-0.664732	34.994828	15.339441	0.002512	0.5
128	-0.680068	35.649064	15.162287	0.003119	0.6
129	-0.710259	35.620255	15.170001	0.003762	0.6
130	-0.666580	35.529530	15.194348	0.002094	0.6
131	-0.709632	35.438804	15.218773	0.002960	0.6
132	-0.663878	36.438740	14.953833	0.004249	0.6
133	-0.664565	37.438740	14.697944	0.001078	0.6
134	-0.721081	37.673572	14.639118	0.003789	0.5
135	-0.693874	38.662911	14.396370	0.001228	0.6
136	-0.708882	39.217201	14.263854	0.004513	0.6
137	-0.654135	39.130131	14.284508	0.002398	0.6
138	-0.689040	40.130124	14.050836	0.002527	0.6
139	-0.726498	40.039493	14.071699	0.002851	0.6
140	-0.676755	39.948976	14.092597	0.001980	0.6
141	-0.723309	39.858250	14.113606	0.001949	0.6
142	-0.718249	40.855034	13.886167	0.003056	0.6
143	-0.683019	40.764312	13.906564	0.001347	0.6
144	-0.684295	41.731694	13.692111	0.002923	0.6
145	-0.688840	41.642383	13.711633	0.002272	0.5
146	-0.690344	41.558947	13.729920	0.002017	0.6
147	-0.718106	41.468228	13.749859	0.003314	0.6
148	-0.695811	41.379051	13.769516	0.001731	0.5
149	-0.698814	42.239425	13.582182	0.002286	0.5
150	-0.682882	43.209900	13.376899	0.001673	0.5
151	-0.750507	43.451763	13.326701	0.003448	0.5
152	-0.701769	43.789421	13.257247	0.002706	0.5
153	-0.668229	43.698793	13.275817	0.002561	0.5
154	-0.703098	43.608073	13.294459	0.001872	0.5
155	-0.683483	43.559929	13.304372	0.002027	0.6
156	-0.685067	44.554818	13.102459	0.004988	0.6
157	-0.731720	44.464092	13.120618	0.002097	0.6
158	-0.689566	45.464092	12.923209	0.003560	0.6
159	-0.735440	46.382159	12.747133	0.002987	0.6
160	-0.714188	46.465030	12.731475	0.003418	0.7
161	-0.711212	47.465004	12.545524	0.002057	0.6
162	-0.662282	47.374302	12.562166	0.002820	0.6
163	-0.733647	48.329483	12.389092	0.004761	0.6
164	-0.662112	48.249168	12.403461	0.001353	0.6
165	-0.673017	49.039398	12.263517	0.003557	0.6
166	-0.696131	48.951216	12.278977	0.003393	0.6
167	-0.696882	49.951216	12.105914	0.003519	0.6
168	-0.693726	50.947917	11.938210	0.003337	0.6
169	-0.686262	51.947917	11.774556	0.001059	0.6
170	-0.710291	51.860896	11.788619	0.001499	0.5
171	-0.669518	51.776547	11.802282	0.002592	0.6
172	-0.662790	51.685992	11.816986	0.004584	0.6
173	-0.679866	52.444514	11.694942	0.001459	0.5
174	-0.744855	52.353788	11.709407	0.001358	0.5
175	-0.668567	52.747854	11.646838	0.003414	0.6
176	-0.703751	52.679083	11.657709	0.003492	0.5
177	-0.652989	53.614867	11.511504	0.001642	0.6
178	-0.665332	53.524149	11.525517	0.002670	0.6
179	-0.666724	53.433489	11.539555	0.001319	0.6
180	-0.668987	53.362402	11.550586	0.003145	0.6
181	-0.643507	53.271678	11.564696	0.004161	0.7
182	-0.681213	53.866050	11.472882	0.002230	0.6
183	-0.675782	54.866050	11.321656	0.002964	0.6
184	-0.684314	54.777389	11.334903	0.002079	0.6
185	-0.679247	55.777360	11.187274	0.002717	0.6
186	-0.672563	55.686653	11.200506	0.003131	0.5
187	-0.694379	55.596101	11.213748	0.002003	0.5
188	-0.687227	56.589689	11.070148	0.001877	0.6
189	-0.698488	56.498989	11.083104	0.002373	0.6
190	-0.691211	56.803393	11.039741	0.003295	0.6
191	-0.681803	57.801307	10.899938	0.001388	0.6
192	-0.713521	57.710589	10.912501	0.002569	0.6
193	-0.718869	57.697763	10.914279	0.003509	0.6
194	-0.686772	58.670183	10.781064	0.002617	0.6
195	-0.682123	59.596486	10.657156	0.003810	0.6
196	-0.717341	59.505761	10.669166	0.003424	0.6
197	-0.667393	60.141464	10.585579	0.002382	0.5
198	-0.664590	60.075366	10.594209	0.002059	0.6
199	-0.677939	59.990268	10.605340	0.004482	0.6
200	-0.678330	60.161985	10.582902	0.002516	0.6
201	-0.696305	60.071259	10.594745	0.002819	0.6
202	-0.726832	59.980652	10.606599	0.003138	0.7
203	-0.675758	59.966187	10.608494	0.002847	0.6
204	-0.704988	60.966119	10.479078	0.001937	0.7
205	-0.710626	61.638519	10.393813	0.001688	0.7
206	-0.697718	61.550137	10.404941	0.001944	0.6
207	-0.682516	61.459689	10.416354	0.002503	0.6
208	-0.709672	61.519118	10.408853	0.001969	0.6
209	-0.683843	62.276705	10.314161	0.002995	0.5
210	-0.685719	62.186164	10.325387	0.003074	0.6
211	-0.712925	62.324303	10.308269	0.002677	0.6
212	-0.691413	63.289772	10.190197	0.002202	0.6
213	-0.687643	63.275375	10.191937	0.004083	0.6
214	-0.639314	64.275375	10.072419	0.002758	0.6
215	-0.676443	64.184801	10.083129	0.002647	0.6
216	-0.695865	65.184798	9.966135	0.003954	0.6
217	-0.691813	66.184798	9.851825	0.002236	0.6
218	-0.686419	66.094072	9.862087	0.002497	0.6
219	-0.665678	67.094036	9.750142	0.003644	0.6
220	-0.730779	67.003393	9.760184	0.003263	0.6
221	-0.689594	66.912672	9.770256	0.002848	0.5
222	-0.685968	67.905505	9.661149	0.003052	0.6
223	-0.682126	68.105430	9.639473	0.002120	0.6
224	-0.688752	68.030962	9.647535	0.003070	0.6
225	-0.683619	67.940848	9.657310	0.002154	0.6
226	-0.663123	68.936831	9.550363	0.003167	0.6
227	-0.701919	69.618595	9.478511	0.002747	0.6
228	-0.690390	70.612016	9.375728	0.003166	0.6
229	-0.689642	70.521291	9.385022	0.002144	0.5
230	-0.683838	71.323249	9.303500	0.002803	0.6
231	-0.686728	71.232524	9.312651	0.001570	0.6
232	-0.686551	72.231826	9.212834	0.004453	0.6
233	-0.684045	72.147408	9.221184	0.003366	0.6
234	-0.719030	73.147408	9.123239	0.003149	0.6
235	-0.694037	74.140847	9.027977	0.001939	0.6
236	-0.681475	74.050153	9.036591	0.001494	0.6
237	-0.697257	74.895603	8.956921	0.001717	0.6
238	-0.679387	74.807029	8.965202	0.001857	0.6
239	-0.715198	74.716392	8.973691	0.002272	0.5
240	-0.713648	75.565501	8.894785	0.006021	0.6
241	-0.693652	75.474775	8.903149	0.002536	0.5
242	-0.677567	75.384049	8.911530	0.002786	0.5
243	-0.706373	76.383874	8.820037	0.002288	0.6
244	-0.674083	77.383784	8.730395	0.002087	0.6
245	-0.679389	77.324226	8.735684	0.004302	0.6
246	-0.682146	77.234122	8.743696	0.003707	0.5
247	-0.668814	78.234122	8.655585	0.002854	0.5
248	-0.665272	78.143396	8.663505	0.003026	0.6
249	-0.701782	79.143387	8.576995	0.005160	0.6
250	-0.734580	80.143383	8.492195	0.003333	0.5
251	-0.664282	81.143383	8.409055	0.003070	0.5
252	-0.682746	82.137707	8.327986	0.002378	0.6
253	-0.676767	82.985882	8.260057	0.002718	0.6
254	-0.717791	83.880740	8.189581	0.003382	0.6
255	-0.707372	84.879116	8.112358	0.005551	0.6
256	-0.698260	85.879116	8.036456	0.002461	0.6
257	-0.698508	86.870402	7.962604	0.001779	0.6
258	-0.730092	87.040855	7.950042	0.003083	0.7
259	-0.659038	86.950131	7.956724	0.001163	0.6
260	-0.697424	87.740861	7.898865	0.001491	0.6
261	-0.695818	87.846661	7.891187	0.003353	0.6
262	-0.701365	88.845599	7.819424	0.002480	0.6
263	-0.710607	88.754873	7.825888	0.003017	0.6
264	-0.675481	89.753475	7.755326	0.004875	0.6
265	-0.656159	90.753475	7.685930	0.002153	0.6
266	-0.632450	91.753475	7.617764	0.001119	0.6
267	-0.706146	91.662988	7.623882	0.000755	0.6
268	-0.653452	91.761574	7.617217	0.001483	0.5
269	-0.675325	91.692062	7.621915	0.003105	0.6
270	-0.688229	92.537424	7.565165	0.001596	0.5
271	-0.693004	92.446703	7.571215	0.001876	0.5
272	-0.698332	92.401237	7.574250	0.001935	0.6
273	-0.718174	92.310840	7.580293	0.003081	0.5
274	-0.695949	92.220186	7.586362	0.002713	0.5
275	-0.691037	93.220186	7.519943	0.002204	0.6
276	-0.687907	93.129490	7.525919	0.002661	0.5
277	-0.675300	93.038764	7.531907	0.002895	0.7
278	-0.720496	92.948039	7.537904	0.002693	0.5
279	-0.687199	93.947241	7.472379	0.002864	0.6
280	-0.690292	94.946912	7.407954	0.001915	0.6
281	-0.697766	94.882034	7.412101	0.002790	0.6
282	-0.691641	95.508052	7.372275	0.003174	0.6
283	-0.668020	96.507977	7.309541	0.004088	0.5
284	-0.655676	96.425237	7.314691	0.002159	0.5
285	-0.711771	97.425237	7.252925	0.003150	0.5
286	-0.686554	98.396330	7.193934	0.001749	0.5
287	-0.704999	98.305605	7.199405	0.001337	0.6
288	-0.689023	99.264349	7.142011	0.002890	0.5
289	-0.691251	99.953554	7.101315	0.001299	0.5
290	-0.662412	99.862913	7.106641	0.003034	0.6
291	-0.642195	99.772707	7.111949	0.001225	0.6
292	-0.644904	99.783339	7.111323	0.004454	0.5
293	-0.679385	99.692686	7.116664	0.001904	0.5
294	-0.661347	99.601961	7.122018	0.002107	0.6
295	-0.673303	99.589848	7.122733	0.001265	0.5
296	-0.706345	99.548900	7.125153	0.004958	0.5
297	-0.704229	99.458178	7.130519	0.000798	0.5
298	-0.661062	99.376431	7.135361	0.003215	0.5
299	-0.684216	99.333453	7.137910	0.002537	0.5
300	-0.701032	99.242728	7.143296	0.002566	0.5
301	-0.672176	100.242499	7.084392	0.004338	0.5
302	-0.723860	101.242488	7.026439	0.002681	0.5
303	-0.667256	101.151762	7.031657	0.003341	0.6
304	-0.688672	101.061038	7.036884	0.002702	0.6
305	-0.700965	102.060654	6.979724	0.001891	0.6
306	-0.715378	103.042669	6.924467	0.001919	0.6
307	-0.667048	103.941214	6.874668	0.001672	0.6
308	-0.708961	104.848256	6.825119	0.003027	0.5
309	-0.679450	105.038980	6.814791	0.002839	0.6
310	-0.691835	106.038980	6.761148	0.002957	0.5
311	-0.670366	105.948254	6.765980	0.002832	0.6
312	-0.707027	106.482824	6.737608	0.005409	0.6
313	-0.687326	107.482824	6.685169	0.003293	0.5
314	-0.716564	108.089819	6.653734	0.002954	0.6
315	-0.673319	108.035787	6.656520	0.002403	0.5
316	-0.694338	109.026706	6.605792	0.001684	0.6
317	-0.732681	108.945837	6.609903	0.003029	0.6
318	-0.700371	109.338056	6.590012	0.003346	0.5
319	-0.681193	109.247331	6.594602	0.001276	0.5
320	-0.737820	109.201364	6.596930	0.004844	0.5
321	-0.704762	110.065384	6.553442	0.003108	0.5
322	-0.675392	110.122725	6.550576	0.003307	0.6
323	-0.710348	110.032031	6.555110	0.004415	0.5
324	-0.699515	111.032031	6.505462	0.002053	0.5
325	-0.674203	112.032025	6.456561	0.001135	0.5
326	-0.714146	112.976854	6.411028	0.003796	0.5
327	-0.687772	112.886142	6.415372	0.003187	0.6
328	-0.695828	113.886142	6.367810	0.001530	0.6
329	-0.731914	114.879548	6.321255	0.003698	0.6
330	-0.675692	115.670537	6.284671	0.002733	0.5
331	-0.686395	115.579812	6.288846	0.002027	0.6
332	-0.674646	115.489642	6.293000	0.002804	0.6
333	-0.693989	115.399826	6.297144	0.003302	0.6
334	-0.666485	115.309121	6.301334	0.002197	0.5
335	-0.676089	116.304071	6.255673	0.004145	0.6
336	-0.665693	116.213522	6.259801	0.002467	0.5
337	-0.657116	117.206893	6.214808	0.003206	0.6
338	-0.687619	117.126304	6.218434	0.003566	0.5
339	-0.714424	117.035578	6.222521	0.005668	0.6
340	-0.680228	118.035578	6.177767	0.002104	0.6
341	-0.689373	119.035480	6.133655	0.002795	0.5
342	-0.674113	118.944755	6.137632	0.002310	0.5
343	-0.736800	119.872246	6.097222	0.004088	0.5
344	-0.653221	119.781643	6.101146	0.001925	0.5
345	-0.699192	119.690917	6.105080	0.002173	0.5
346	-0.687442	119.600194	6.109020	0.003516	0.5
347	-0.711033	119.532115	6.111979	0.003622	0.5
348	-0.692590	120.530184	6.068877	0.003621	0.5
349	-0.721525	121.526798	6.026441	0.005295	0.5
350	-0.675777	121.436072	6.030280	0.001418	0.5
351	-0.646765	122.436072	5.988238	0.003743	0.6
352	-0.681222	123.432211	5.946938	0.001377	0.6
353	-0.658586	124.097959	5.919651	0.002752	0.6
354	-0.719805	124.009141	5.923277	0.004562	0.7
355	-0.711818	123.918415	5.926985	0.003922	0.6
356	-0.696240	123.827690	5.930698	0.002364	0.6
357	-0.694881	123.736964	5.934416	0.002010	0.5
358	-0.695097	123.646388	5.938132	0.002780	0.5
359	-0.675478	123.556014	5.941844	0.002786	0.5
360	-0.693584	123.465288	5.945576	0.002550	0.5
361	-0.714685	123.374617	5.949310	0.002720	0.6
362	-0.724156	123.316712	5.951697	0.002967	0.5
363	-0.697560	123.225986	5.955441	0.004027	0.5
364	-0.685588	124.225986	5.914433	0.003911	0.5
365	-0.681025	125.225986	5.873986	0.002364	0.5
366	-0.689943	125.135818	5.877610	0.002147	0.5
367	-0.703190	125.045093	5.881261	0.001897	0.5
368	-0.679241	124.954370	5.884917	0.003396	0.5
369	-0.673361	124.863646	5.888577	0.002515	0.5
370	-0.675350	124.772920	5.892242	0.002738	0.5
371	-0.693593	124.682194	5.895912	0.003205	0.5
372	-0.721660	124.591470	5.899586	0.002348	0.5
373	-0.694529	125.562858	5.860484	0.001595	0.6
374	-0.694505	125.472842	5.864086	0.002504	0.5
375	-0.703563	126.472273	5.824345	0.001896	0.5
376	-0.696604	127.360979	5.789456	0.001902	0.6
377	-0.719191	127.273084	5.792888	0.001507	0.7
378	-0.687173	127.263530	5.793261	0.002601	0.7
379	-0.701277	128.262411	5.754492	0.003971	0.6
380	-0.699319	129.262406	5.716196	0.004039	0.6
381	-0.672305	130.262406	5.678406	0.003864	0.6
382	-0.691873	131.262406	5.641112	0.002596	0.5
383	-0.704192	132.262406	5.604305	0.001521	0.6
384	-0.662473	132.171752	5.607622	0.003038	0.5
385	-0.698801	132.081027	5.610946	0.002834	0.5
386	-0.746376	133.080974	5.574532	0.001583	0.6
387	-0.693914	132.990403	5.577811	0.003866	0.5
388	-0.701583	132.899678	5.581099	0.001702	0.5
389	-0.684645	132.809110	5.584385	0.001107	0.5
390	-0.683226	133.677820	5.553022	0.002949	0.5
391	-0.667368	134.608163	5.519822	0.001800	0.5
392	-0.700762	134.607167	5.519857	0.002827	0.6
393	-0.666423	135.607007	5.484616	0.003083	0.5
394	-0.710088	135.516281	5.487795	0.003903	0.5
395	-0.651083	136.516281	5.452956	0.002874	0.5
396	-0.654206	137.516281	5.418556	0.001938	0.5
397	-0.663567	137.539567	5.417760	0.001251	0.7
398	-0.679568	137.449330	5.420846	0.000490	0.5
399	-0.703903	137.402155	5.422460	0.004741	0.7
400	-0.683819	137.347558	5.424330	0.000511	0.7
401	-0.672782	137.288695	5.426347	0.003846	0.7
402	-0.721341	137.211204	5.429005	0.003853	0.6
403	-0.686967	138.211076	5.394909	0.002157	0.6
404	-0.711621	138.120354	5.397985	0.004083	0.6
405	-0.682550	138.030521	5.401035	0.001134	0.5
406	-0.672020	137.939849	5.404116	0.002663	0.6
407	-0.694708	138.125238	5.397820	0.001967	0.5
408	-0.708274	138.034624	5.400895	0.003748	0.5
409	-0.683998	137.943899	5.403978	0.003357	0.5
410	-0.654770	138.036229	5.400841	0.001690	0.5
411	-0.676155	137.945504	5.403923	0.002120	0.6
412	-0.685524	138.762718	5.376281	0.002349	0.6
413	-0.708468	138.672015	5.379336	0.002444	0.6
414	-0.706851	139.540746	5.350226	0.002099	0.5
415	-0.675563	139.450020	5.353252	0.002936	0.6
416	-0.671753	139.751985	5.343196	0.001620	0.5
417	-0.676658	140.738681	5.310599	0.002470	0.6
418	-0.676070	140.649785	5.313520	0.002857	0.5
419	-0.709455	140.559059	5.316504	0.002316	0.5
420	-0.709017	141.554777	5.283938	0.002205	0.6
421	-0.695513	141.763563	5.277160	0.003419	0.8
422	-0.664551	142.763563	5.244936	0.002488	0.7
423	-0.693952	143.260847	5.229057	0.003151	0.7
424	-0.695962	143.170209	5.231944	0.002513	0.6
425	-0.700040	143.166458	5.232064	0.003306	0.6
426	-0.695928	144.142338	5.201146	0.001499	0.5
427	-0.712477	145.142242	5.169843	0.001593	0.6
428	-0.659002	145.509428	5.158443	0.002470	0.6
429	-0.684185	145.418704	5.161255	0.003696	0.6
430	-0.684532	146.418701	5.130427	0.004334	0.6
431	-0.728392	146.331800	5.133091	0.003395	0.6
432	-0.725673	147.228400	5.105733	0.003050	0.5
433	-0.674570	147.138289	5.108470	0.001764	0.6
434	-0.674221	147.069528	5.110560	0.002958	0.6
435	-0.691874	146.990946	5.112950	0.003139	0.6
436	-0.695815	147.990940	5.082695	0.002974	0.6
437	-0.728290	148.963165	5.053621	0.001199	0.5
438	-0.721005	148.872470	5.056319	0.005480	0.6
439	-0.651784	148.782704	5.058992	0.001302	0.5
440	-0.676424	148.692134	5.061692	0.005002	0.6
441	-0.685307	148.601410	5.064400	0.001786	0.6
442	-0.715983	148.537520	5.066308	0.002815	0.6
443	-0.704933	149.391896	5.040905	0.002112	0.6
444	-0.700558	149.380258	5.041249	0.002284	0.6
445	-0.670775	149.289562	5.043934	0.004627	0.6
446	-0.690460	149.198837	5.046623	0.003565	0.6
447	-0.702840	149.123875	5.048847	0.004274	0.6
448	-0.676369	149.033150	5.051540	0.002311	0.5
449	-0.698439	148.967664	5.053487	0.001988	0.6
450	-0.679360	148.876939	5.056186	0.002121	0.6
451	-0.680516	148.786370	5.058883	0.002588	0.6
452	-0.703291	148.904500	5.055365	0.003030	0.5
453	-0.691057	149.904499	5.025785	0.003254	0.5
454	-0.680146	150.904499	4.996550	0.004273	0.6
455	-0.693208	151.903025	4.967694	0.003795	0.6
456	-0.677495	151.812299	4.970302	0.003047	0.6
457	-0.685965	152.812298	4.941706	0.003252	0.6
458	-0.687836	153.812298	4.913438	0.002255	0.7
459	-0.691736	153.889010	4.911283	0.002853	0.7
460	-0.709816	153.798287	4.913832	0.001759	0.7
461	-0.729930	153.720514	4.916019	0.003713	0.6
462	-0.700099	154.717162	4.888136	0.003246	0.7
463	-0.672619	154.653024	4.889921	0.002049	0.6
464	-0.688208	154.562644	4.892438	0.002296	0.6
465	-0.713820	154.471920	4.894967	0.003553	0.6
466	-0.731732	154.386977	4.897338	0.003778	0.8
467	-0.707703	154.296251	4.899873	0.003299	0.6
468	-0.721202	154.205526	4.902410	0.002278	0.8
469	-0.668440	154.115184	4.904939	0.002987	0.6
470	-0.717052	155.114884	4.877097	0.003670	0.6
471	-0.712620	155.141827	4.876351	0.002508	0.6
472	-0.694379	155.600780	4.863678	0.001760	0.6
473	-0.691235	155.510072	4.866178	0.001858	0.7
474	-0.673297	155.923112	4.854817	0.002646	0.6
475	-0.706550	155.832419	4.857307	0.002075	0.5
476	-0.671916	156.832399	4.829994	0.001641	0.6
477	-0.669715	156.741808	4.832455	0.002931	0.6
478	-0.715013	156.652212	4.834892	0.002462	0.6
479	-0.710441	156.562796	4.837327	0.003813	0.6
480	-0.691983	157.562760	4.810238	0.001580	0.6
481	-0.695966	157.472521	4.812670	0.002020	0.6
482	-0.708132	158.227740	4.792391	0.003174	0.6
483	-0.676734	158.137166	4.794814	0.001968	0.6
484	-0.690534	158.312073	4.790137	0.002531	0.6
485	-0.697597	158.229035	4.792356	0.002089	0.6
486	-0.687935	158.140741	4.794718	0.003138	0.7
487	-0.681552	159.140737	4.768102	0.004407	0.8
488	-0.693939	159.119505	4.768664	0.001827	0.6
489	-0.713078	160.119499	4.742335	0.001696	0.6
490	-0.694407	160.477368	4.732983	0.002178	0.6
491	-0.680903	161.476411	4.707071	0.002592	0.6
492	-0.707785	161.767357	4.699577	0.002110	0.7
493	-0.698413	162.754912	4.674320	0.002502	0.6
494	-0.719376	162.664187	4.676629	0.002658	0.6
495	-0.686757	162.573468	4.678941	0.000877	0.7
496	-0.693235	162.607168	4.678082	0.000939	0.6
497	-0.696373	162.977867	4.668656	0.002759	0.7
498	-0.681572	162.984458	4.668489	0.001690	0.7
499	-0.702533	162.893738	4.670792	0.004575	0.6
500	-0.701949	163.893281	4.645541	0.005225	0.6
501	-0.680434	163.812977	4.647560	0.003617	0.8
502	-0.684088	164.812977	4.622548	0.001646	0.6
503	-0.673975	164.722540	4.624799	0.003338	0.6
504	-0.655871	165.647239	4.601886	0.002781	0.6
505	-0.698302	166.361993	4.584331	0.001859	0.8
506	-0.726672	166.273635	4.586494	0.003235	0.7
507	-0.714515	166.182912	4.588717	0.002228	0.6
508	-0.712552	167.182912	4.564332	0.002915	0.6
509	-0.687539	167.092238	4.566533	0.002509	0.5
510	-0.707589	167.001512	4.568736	0.001742	0.6
511	-0.703839	166.971297	4.569471	0.003002	0.6
512	-0.682668	167.971251	4.545291	0.002227	0.6
513	-0.670458	168.971230	4.521365	0.003858	0.5
514	-0.672347	168.881268	4.523508	0.002435	0.6
515	-0.667730	169.881268	4.499809	0.002572	0.5
516	-0.691530	170.343139	4.488948	0.002541	0.6
517	-0.685867	170.252413	4.491077	0.002526	0.6
518	-0.710411	170.164841	4.493134	0.001995	0.6
519	-0.714102	170.454010	4.486348	0.004274	0.6
520	-0.701338	170.378362	4.488122	0.001451	0.5
521	-0.692697	170.287636	4.490250	0.003768	0.5
522	-0.682358	170.247183	4.491200	0.002743	0.7
523	-0.690630	171.247183	4.467838	0.002519	0.9
524	-0.675122	172.189184	4.446053	0.005259	0.7
525	-0.708340	172.098458	4.448142	0.000897	0.6
526	-0.699540	172.055041	4.449142	0.002832	0.6
527	-0.699148	171.964648	4.451226	0.002668	0.5
528	-0.692245	172.195158	4.445915	0.002250	0.5
529	-0.703910	172.104453	4.448004	0.004366	0.6
530	-0.752439	172.054837	4.449147	0.002872	0.6
531	-0.693787	173.054787	4.426221	0.003012	0.6
532	-0.668987	174.052779	4.403574	0.002789	0.6
533	-0.703023	173.962053	4.405623	0.001740	0.5
534	-0.665720	173.871796	4.407664	0.002253	0.6
535	-0.706233	173.781664	4.409703	0.001720	0.5
536	-0.671622	173.697069	4.411619	0.000930	0.6
537	-0.667005	173.830755	4.408592	0.004588	0.5
538	-0.701429	173.740039	4.410646	0.003835	0.5
539	-0.693233	174.740039	4.388113	0.001509	0.5
540	-0.657539	175.462771	4.371970	0.002313	0.5
541	-0.672287	175.402191	4.373319	0.002188	0.6
542	-0.720050	176.402123	4.351166	0.002918	0.5
543	-0.689016	176.322887	4.352913	0.002933	0.8
544	-0.684117	176.232161	4.354915	0.003558	0.6
545	-0.710929	176.288527	4.353671	0.002990	0.6
546	-0.723545	176.198242	4.355664	0.002054	0.6
547	-0.688916	176.107875	4.357661	0.001839	0.6
548	-0.685153	176.017161	4.359668	0.002384	0.6
549	-0.715023	175.926436	4.361676	0.002448	0.8
550	-0.682479	176.924993	4.339671	0.003072	0.6
551	-0.699471	177.920509	4.317953	0.001393	0.7
552	-0.706215	178.920256	4.296360	0.001581	0.6
553	-0.662178	179.736962	4.278880	0.002210	0.6
554	-0.674652	179.649183	4.280752	0.002911	0.8
555	-0.709993	179.561068	4.282632	0.002312	0.6
556	-0.704905	179.470350	4.284570	0.004892	0.6
557	-0.651749	179.379624	4.286510	0.002350	0.5
558	-0.704959	180.377612	4.265267	0.002404	0.6
559	-0.671022	180.286886	4.267190	0.002622	0.5
560	-0.694085	180.196160	4.269114	0.002087	0.6
561	-0.688646	181.194782	4.248029	0.004431	0.5
562	-0.712560	182.194782	4.227123	0.001565	0.5
563	-0.700779	182.171850	4.227600	0.002257	0.6
564	-0.705460	183.106157	4.208248	0.002111	0.6
565	-0.689352	183.016293	4.210102	0.002054	0.6
566	-0.700195	184.015480	4.189583	0.002041	0.5
567	-0.720100	184.420051	4.181332	0.000493	0.6
568	-0.687515	184.470982	4.180295	0.003855	0.6
569	-0.671728	184.381771	4.182111	0.002250	0.6
570	-0.675523	185.381771	4.161847	0.001583	0.6
571	-0.678729	186.147320	4.146466	0.001319	0.6
572	-0.691422	186.088405	4.147646	0.002872	0.6
573	-0.710427	186.452121	4.140374	0.004370	0.7
574	-0.688947	186.361536	4.142183	0.001022	0.8
575	-0.676093	186.271324	4.143985	0.001950	0.6
576	-0.699458	186.220630	4.144999	0.002617	0.6
577	-0.659514	187.220582	4.125093	0.001641	0.6
578	-0.704932	187.328250	4.122961	0.001612	0.6
579	-0.677294	187.339361	4.122742	0.002763	0.6
580	-0.694554	187.250943	4.124492	0.003401	0.6
581	-0.674853	187.194895	4.125602	0.003073	0.6
582	-0.672038	188.127631	4.107202	0.002164	0.6
583	-0.708365	188.039323	4.108937	0.002682	0.6
584	-0.687128	188.402292	4.101814	0.002953	0.6
585	-0.701185	189.402292	4.082319	0.003340	0.5
586	-0.718153	190.401550	4.063023	0.004923	0.6
587	-0.706869	190.310824	4.064767	0.002030	0.5
588	-0.661307	191.307201	4.045691	0.003262	0.6
589	-0.688202	191.216495	4.047420	0.002870	0.5
590	-0.695969	191.134194	4.048991	0.002149	0.5
591	-0.695756	192.123534	4.030195	0.003093	0.5
592	-0.692056	192.032808	4.031911	0.002428	0.5
593	-0.685891	193.032807	4.013073	0.001778	0.5
594	-0.709159	194.017517	3.994695	0.001486	0.5
595	-0.712083	194.493800	3.985866	0.002797	0.5
596	-0.673184	194.444757	3.986773	0.003879	0.6
597	-0.716795	194.354035	3.988453	0.004686	0.6
598	-0.662733	194.499227	3.985765	0.001339	0.6
599	-0.728541	195.464043	3.968000	0.001593	0.6
600	-0.682815	195.390128	3.969355	0.001907	0.5
601	-0.640058	195.299742	3.971014	0.002403	0.5
602	-0.694011	195.209022	3.972680	0.001822	0.5
603	-0.717620	196.208784	3.954395	0.000948	0.5
604	-0.697468	196.125342	3.955915	0.002194	0.5
605	-0.710652	196.104878	3.956288	0.001404	0.5
606	-0.709114	196.897349	3.941899	0.002637	0.6
607	-0.661505	197.002506	3.939998	0.002790	0.5
608	-0.660898	197.911349	3.923640	0.004144	0.5
609	-0.702304	197.820625	3.925267	0.002962	0.5
610	-0.713938	197.760039	3.926354	0.003189	0.6
611	-0.688713	197.669533	3.927979	0.002642	0.5
612	-0.687203	198.207855	3.918333	0.002220	0.5
613	-0.694972	198.451403	3.913984	0.002639	0.6
614	-0.717894	198.361757	3.915584	0.002152	0.5
615	-0.722040	199.361610	3.897818	0.001840	0.6
616	-0.677775	199.815813	3.889800	0.002312	0.5
617	-0.665363	199.726191	3.891379	0.001773	0.5
618	-0.675951	199.678914	3.892213	0.003258	0.5
619	-0.700089	199.914404	3.888064	0.002058	0.6
620	-0.724456	200.862527	3.871448	0.002590	0.6
621	-0.671444	200.871793	3.871287	0.003459	0.7
622	-0.685667	201.871793	3.853917	0.004135	0.6
623	-0.682231	202.871793	3.836702	0.002282	0.5
624	-0.693614	202.781067	3.838257	0.002492	0.5
625	-0.682414	202.692554	3.839776	0.003792	0.5
626	-0.677374	202.602056	3.841330	0.003311	0.5
627	-0.705243	203.602056	3.824227	0.001030	0.5
628	-0.694104	203.511576	3.825769	0.002591	0.6
629	-0.700975	204.072988	3.816226	0.004853	0.6
630	-0.725480	203.982263	3.817765	0.001633	0.6
631	-0.703397	204.982247	3.800871	0.002557	0.6
632	-0.665856	204.891560	3.802397	0.001527	0.6
633	-0.682930	205.713617	3.788609	0.002451	0.6
634	-0.704067	205.623946	3.790108	0.002683	0.6
635	-0.675281	206.623412	3.773467	0.002117	0.5
636	-0.711423	206.565400	3.774429	0.002625	0.6
637	-0.725728	207.564355	3.757932	0.002801	0.5
638	-0.729308	207.473632	3.759424	0.003261	0.5
639	-0.711796	208.473546	3.743043	0.002357	0.5
640	-0.691261	209.473114	3.726809	0.001210	0.6
641	-0.705208	209.715506	3.722894	0.001906	0.5
642	-0.662545	210.636888	3.708085	0.004182	0.5
643	-0.662609	210.546177	3.709538	0.001729	0.5
644	-0.669631	211.527766	3.693879	0.003500	0.7
645	-0.673153	212.527763	3.678061	0.002868	0.6
646	-0.688122	212.817069	3.673510	0.002601	0.6
647	-0.668878	212.726343	3.674936	0.001836	0.6
648	-0.659712	212.672137	3.675788	0.001624	0.5
649	-0.688015	212.593989	3.677018	0.002884	0.7
650	-0.678732	212.508479	3.678365	0.002956	0.5
651	-0.708445	212.417886	3.679792	0.002041	0.6
652	-0.713754	212.449588	3.679293	0.003035	0.5
653	-0.697013	213.026121	3.670229	0.003049	0.5
654	-0.675898	213.997283	3.655061	0.001891	0.7
655	-0.702799	213.906663	3.656471	0.002714	0.6
656	-0.676747	214.510275	3.647099	0.002853	0.6
657	-0.705884	214.419550	3.648505	0.003726	0.6
658	-0.678751	214.514801	3.647029	0.002265	0.5
659	-0.682328	215.514799	3.631609	0.003239	0.6
660	-0.705905	216.336001	3.619044	0.001485	0.5
661	-0.682059	217.331676	3.603924	0.002967	0.5
662	-0.694483	218.279545	3.589648	0.002518	0.5
663	-0.674504	219.277099	3.574745	0.003204	0.5
664	-0.727108	219.186373	3.576095	0.003605	0.5
665	-0.679858	219.095683	3.577446	0.003324	0.5
666	-0.713415	219.005317	3.578793	0.004300	0.5
667	-0.678701	220.005317	3.563944	0.001322	0.6
668	-0.666321	219.914609	3.565285	0.003053	0.6
669	-0.673987	219.825502	3.566605	0.002581	0.6
670	-0.698703	219.734777	3.567949	0.003029	0.6
671	-0.681242	220.734774	3.553189	0.002195	0.8
672	-0.654193	220.667590	3.554177	0.003498	0.6
673	-0.703262	221.666579	3.539545	0.002453	0.6
674	-0.691666	221.596387	3.540569	0.002025	0.6
675	-0.710413	221.550224	3.541243	0.004179	0.7
676	-0.677885	221.459499	3.542568	0.003456	0.5
677	-0.713799	222.459498	3.528017	0.000703	0.5
678	-0.676344	222.486120	3.527632	0.003418	0.7
679	-0.703215	223.114550	3.518550	0.002064	0.5
680	-0.679876	224.114549	3.504196	0.002206	0.5
681	-0.675553	225.114371	3.489960	0.003975	0.5
682	-0.690847	226.113766	3.475846	0.001696	0.5
683	-0.705133	227.031112	3.462990	0.003098	0.5
684	-0.686169	226.940529	3.464256	0.002662	0.5
685	-0.676953	226.865570	3.465303	0.002564	0.5
686	-0.701871	226.775479	3.466563	0.004464	0.5
687	-0.694787	227.105832	3.461947	0.001968	0.6
688	-0.711919	228.103739	3.448079	0.003789	0.5
689	-0.674222	228.013013	3.449335	0.001986	0.6
690	-0.697636	229.013013	3.435539	0.002891	0.6
691	-0.694316	228.950315	3.436400	0.002997	0.5
692	-0.698042	228.875120	3.437434	0.002438	0.6
693	-0.658165	228.784394	3.438683	0.002690	0.6
694	-0.700187	229.784313	3.424972	0.003021	0.6
695	-0.703450	229.699094	3.426137	0.003407	0.5
696	-0.686873	229.608369	3.427377	0.004140	0.5
697	-0.675777	229.518088	3.428612	0.002169	0.5
698	-0.710214	229.427425	3.429853	0.003826	0.5
699	-0.686093	229.336700	3.431096	0.003600	0.6
700	-0.689544	229.245974	3.432340	0.002528	0.5
701	-0.670319	230.245974	3.418679	0.002403	0.5
702	-0.699254	231.245814	3.405128	0.003324	0.7
703	-0.677797	231.155088	3.406353	0.001673	0.6
704	-0.652567	231.555940	3.400947	0.002925	0.5
705	-0.672928	231.467640	3.402136	0.001765	0.5
706	-0.665221	231.376939	3.403359	0.002182	0.5
707	-0.687893	231.339896	3.403859	0.003189	0.6
708	-0.672274	231.296739	3.404441	0.003363	0.5
709	-0.681623	231.441085	3.402494	0.002395	0.5
710	-0.691857	232.416394	3.389399	0.002430	0.5
711	-0.701614	232.325669	3.390613	0.002199	0.5
712	-0.690944	233.323478	3.377310	0.003659	0.5
713	-0.685509	233.232754	3.378516	0.004973	0.6
714	-0.673790	234.232754	3.365279	0.001578	0.6
715	-0.668708	234.142031	3.366475	0.003064	0.6
716	-0.737661	234.057382	3.367593	0.002471	0.8
717	-0.682192	234.080500	3.367287	0.001636	0.6
718	-0.679533	233.989830	3.368485	0.002395	0.6
719	-0.659355	233.899396	3.369680	0.002780	0.6
720	-0.704391	234.899250	3.356514	0.002089	0.6
721	-0.720432	234.809079	3.357697	0.001639	0.6
722	-0.649760	234.718461	3.358887	0.003255	0.8
723	-0.677403	234.860827	3.357018	0.001279	0.6
724	-0.669725	235.852091	3.344062	0.004752	0.6
725	-0.663903	235.821360	3.344462	0.001744	0.8
726	-0.711773	235.730634	3.345644	0.002167	0.6
727	-0.713678	236.714370	3.332873	0.003726	0.6
728	-0.686306	237.714216	3.319993	0.003000	0.8
729	-0.679680	237.624864	3.321140	0.002354	0.6
730	-0.672004	237.534138	3.322305	0.002714	0.6
731	-0.680262	237.840403	3.318374	0.004517	0.7
732	-0.675863	238.840403	3.305603	0.003066	0.6
733	-0.738827	239.840395	3.292931	0.002433	0.6
734	-0.682360	239.749704	3.294076	0.002064	0.6
735	-0.671031	239.766324	3.293866	0.002618	0.8
736	-0.711702	240.443764	3.285331	0.002273	0.8
737	-0.695286	241.433576	3.272940	0.002003	0.6
738	-0.702201	241.342856	3.274072	0.000866	0.6
739	-0.692780	241.298652	3.274624	0.002724	0.5
740	-0.697719	241.257784	3.275134	0.003823	0.5
741	-0.689347	241.576395	3.271160	0.004880	0.5
742	-0.687155	242.576395	3.258749	0.003080	0.6
743	-0.687970	243.576395	3.246432	0.003522	0.6
744	-0.689802	243.485669	3.247546	0.002274	0.6
745	-0.684853	243.394945	3.248660	0.002556	0.5
746	-0.721686	244.039806	3.240756	0.002367	0.6
747	-0.664161	243.977613	3.241517	0.002020	0.6
748	-0.673733	243.901247	3.242451	0.003236	0.6
749	-0.673529	244.882151	3.230489	0.004415	0.7
750	-0.726317	244.791425	3.231592	0.003305	0.7
751	-0.680627	245.791425	3.219479	0.001371	0.7
752	-0.641272	245.712087	3.220437	0.001908	0.5
753	-0.714177	246.659039	3.209043	0.002334	0.8
754	-0.715530	247.459835	3.199471	0.003196	0.6
755	-0.683917	248.457876	3.187620	0.001044	0.6
756	-0.712567	248.405981	3.188234	0.004125	0.8
757	-0.700972	248.315919	3.189300	0.002883	0.9
758	-0.702744	249.315919	3.177502	0.001255	0.7
759	-0.678171	250.086913	3.168465	0.003719	0.6
760	-0.728239	251.086763	3.156821	0.001396	0.6
761	-0.690402	252.032854	3.145883	0.000661	0.7
762	-0.673503	251.965195	3.146662	0.001335	0.6
763	-0.706624	251.896641	3.147453	0.004997	0.6
764	-0.706949	252.895302	3.135977	0.002860	0.6
765	-0.712839	252.804577	3.137016	0.001474	0.7
766	-0.708619	253.047527	3.134235	0.003554	0.6
767	-0.671975	254.029389	3.123046	0.002863	0.6
768	-0.745973	253.938663	3.124076	0.003439	0.6
769	-0.667444	254.938657	3.112755	0.001104	0.6
770	-0.665567	254.848715	3.113770	0.003229	0.6
771	-0.663478	255.779953	3.103293	0.003249	0.6
772	-0.666662	256.779953	3.092121	0.001851	0.6
773	-0.704771	256.689380	3.093130	0.002123	0.7
774	-0.726850	256.636619	3.093718	0.001787	0.8
775	-0.733973	257.624267	3.082751	0.003055	0.6
776	-0.695670	258.603587	3.071954	0.002438	0.8
777	-0.706890	258.538655	3.072668	0.001999	0.8
778	-0.660676	258.448111	3.073663	0.003142	0.6
779	-0.708937	258.451552	3.073625	0.001317	0.6
780	-0.667928	258.463558	3.073493	0.002374	1.1
781	-0.673891	258.373740	3.074481	0.002491	0.6
782	-0.690189	258.283014	3.075480	0.003594	0.6
783	-0.688633	259.283014	3.064507	0.001346	0.5
784	-0.690430	260.273417	3.053717	0.002800	0.6
785	-0.716747	260.183266	3.054696	0.003577	0.6
786	-0.702775	261.183085	3.043873	0.003825	0.6
787	-0.711025	262.183085	3.033124	0.001821	0.6
788	-0.697192	262.092397	3.034095	0.003127	0.6
789	-0.685946	262.003490	3.035049	0.001660	0.5
790	-0.686223	263.003011	3.024367	0.004261	0.6
791	-0.665480	262.912286	3.025333	0.003175	0.6
792	-0.703815	262.948761	3.024945	0.002788	0.6
793	-0.665841	262.859601	3.025895	0.001596	0.6
794	-0.690333	263.857757	3.015292	0.002732	0.6
795	-0.716671	264.832898	3.005005	0.004362	0.6
796	-0.694571	265.832898	2.994529	0.001906	0.6
797	-0.688763	265.742194	2.995476	0.003729	0.6
798	-0.672803	266.650581	2.986016	0.002031	0.7
799	-0.642528	266.559855	2.986958	0.003015	0.6
800	-0.711861	267.559854	2.976607	0.003860	0.6
801	-0.710175	267.469128	2.977543	0.003018	0.6
802	-0.686982	268.469016	2.967258	0.002515	0.6
803	-0.704952	268.504381	2.966896	0.003139	0.5
804	-0.667554	268.413666	2.967826	0.002344	0.5
805	-0.675087	269.409159	2.957652	0.001839	0.6
806	-0.705113	269.319095	2.958570	0.002959	0.5
807	-0.699136	270.214594	2.949472	0.002420	0.5
808	-0.704153	270.158629	2.950039	0.002679	0.5
809	-0.677052	271.135509	2.940174	0.003473	0.5
810	-0.674468	272.117519	2.930324	0.003416	0.5
811	-0.702752	272.026793	2.931231	0.002820	0.5
812	-0.684514	271.939349	2.932106	0.003524	0.6
813	-0.665678	272.939285	2.922132	0.003588	0.5
814	-0.702523	273.901962	2.912593	0.002329	0.5
815	-0.721147	273.893393	2.912677	0.002635	0.5
816	-0.704478	273.802668	2.913574	0.003560	0.5
817	-0.692209	274.802003	2.903731	0.002712	0.5
818	-0.714375	275.780527	2.894157	0.002756	0.6
819	-0.674421	275.896732	2.893024	0.002949	0.6
820	-0.704699	275.806007	2.893908	0.002749	0.7
821	-0.704926	276.806007	2.884191	0.001938	0.6
822	-0.711083	277.746499	2.875111	0.001496	0.6
823	-0.673081	277.718702	2.875379	0.003966	0.6
824	-0.701942	277.627978	2.876252	0.001397	0.6
825	-0.704081	278.549555	2.867403	0.002813	0.6
826	-0.689099	278.949215	2.863583	0.001263	0.6
827	-0.641259	279.940444	2.854151	0.002813	0.5
828	-0.696566	280.918456	2.844905	0.003107	0.5
829	-0.705978	281.192377	2.842326	0.002573	0.5
830	-0.703699	281.138438	2.842834	0.003371	0.6
831	-0.703661	281.047827	2.843687	0.001208	0.5
832	-0.699261	280.989684	2.844234	0.001648	0.7
833	-0.719989	280.915750	2.844931	0.001999	0.6
834	-0.694302	281.296405	2.841348	0.001861	0.6
835	-0.700771	282.286812	2.832070	0.002878	0.5
836	-0.653866	283.286210	2.822768	0.003536	0.5
837	-0.673677	284.253819	2.813820	0.002682	0.5
838	-0.704495	284.164806	2.814641	0.002568	0.6
839	-0.726816	284.842734	2.808402	0.001340	0.5
840	-0.704041	285.768627	2.799926	0.004897	0.5
841	-0.680454	285.677903	2.800754	0.000909	0.7
842	-0.676554	285.682688	2.800710	0.002914	0.7
843	-0.669050	285.735803	2.800225	0.001297	0.6
844	-0.689286	285.978674	2.798010	0.001814	0.6
845	-0.696939	286.780503	2.790720	0.002890	0.6
846	-0.678000	287.779945	2.781688	0.002205	0.6
847	-0.699561	287.788529	2.781610	0.002489	0.6
848	-0.696210	288.788519	2.772631	0.002305	0.6
849	-0.684645	288.898120	2.771651	0.001806	0.5
850	-0.685203	288.807399	2.772462	0.002235	0.5
851	-0.711099	289.806554	2.763550	0.002724	0.7
852	-0.677687	289.722364	2.764298	0.002609	0.6
853	-0.674541	290.722363	2.755431	0.002346	0.5
854	-0.701059	291.575108	2.747913	0.003863	0.6
855	-0.679762	291.484382	2.748711	0.002095	0.5
856	-0.699759	292.484381	2.739943	0.002432	0.5
857	-0.720893	292.394513	2.740729	0.004315	0.5
858	-0.712133	292.303787	2.741522	0.001429	0.6
859	-0.682180	292.253502	2.741962	0.003016	0.5
860	-0.678488	292.162821	2.742756	0.003059	0.5
861	-0.709141	293.162821	2.734026	0.003670	0.7
862	-0.706473	293.072095	2.734816	0.002007	0.6
863	-0.682888	294.072036	2.726136	0.003521	0.7
864	-0.688844	294.014433	2.726635	0.002388	0.6
865	-0.679458	295.014221	2.718009	0.001462	0.5
866	-0.669590	294.923764	2.718787	0.002196	0.6
867	-0.732235	294.862464	2.719314	0.003429	0.5
868	-0.690272	295.862463	2.710732	0.003751	0.6
869	-0.679612	296.862462	2.702204	0.002375	0.6
870	-0.681467	297.850066	2.693835	0.002272	0.5
871	-0.673049	298.762161	2.686151	0.001971	0.5
872	-0.665239	298.671805	2.686910	0.002272	0.5
873	-0.684397	298.999999	2.684154	0.002587	0.6
874	-0.642104	298.939860	2.684659	0.004011	0.5
875	-0.673476	298.870283	2.685243	0.002312	0.6
876	-0.694701	298.779675	2.686004	0.002139	0.5
877	-0.667996	299.477681	2.680153	0.001288	0.5
878	-0.688561	300.281725	2.673446	0.003228	0.5
879	-0.675956	300.191033	2.674201	0.002433	0.5
880	-0.688844	300.101080	2.674950	0.002645	0.5
881	-0.678564	301.101071	2.666645	0.003490	0.5
882	-0.703943	302.101071	2.658392	0.004165	0.5
883	-0.733021	303.100893	2.650191	0.003308	0.6
884	-0.663758	303.010168	2.650933	0.003759	0.6
885	-0.716740	304.010168	2.642777	0.001685	0.6
886	-0.711061	303.919442	2.643515	0.001828	0.6
887	-0.708370	304.203456	2.641206	0.002261	0.6
888	-0.699486	304.112742	2.641943	0.002353	0.6
889	-0.657025	305.106422	2.633893	0.002537	0.5
890	-0.673287	305.414479	2.631407	0.002929	0.5
891	-0.693620	306.413189	2.623380	0.002103	0.6
892	-0.694546	306.322477	2.624107	0.001811	0.6
893	-0.713977	306.251344	2.624678	0.001731	0.6
894	-0.696360	307.237809	2.616790	0.002866	0.6
895	-0.675398	307.939602	2.611207	0.001711	0.6
896	-0.670730	307.878347	2.611693	0.003955	0.5
897	-0.677879	308.040476	2.610406	0.001589	0.5
898	-0.677514	308.953816	2.603181	0.004009	0.6
899	-0.668100	308.863533	2.603893	0.003079	0.6
900	-0.690108	308.831842	2.604143	0.001352	0.6
901	-0.678058	309.709258	2.597234	0.002596	0.6
902	-0.667551	310.026540	2.594745	0.003439	0.5
903	-0.666741	309.935858	2.595456	0.002152	0.5
904	-0.681460	310.921784	2.587746	0.001818	0.7
905	-0.687276	310.842082	2.588368	0.001629	0.5
906	-0.694102	311.771380	2.581139	0.002593	0.6
907	-0.652240	312.729879	2.573726	0.001921	0.5
908	-0.677112	312.658609	2.574276	0.002295	0.5
909	-0.685282	312.574117	2.574928	0.002902	0.5
910	-0.654097	312.483597	2.575627	0.001937	0.6
911	-0.698852	312.401132	2.576264	0.003915	0.5
912	-0.684064	312.550043	2.575114	0.003121	0.6
913	-0.695331	313.550043	2.567417	0.001843	0.5
914	-0.695558	314.129204	2.562980	0.003185	0.6
915	-0.725583	315.129040	2.555356	0.002150	0.5
916	-0.672258	315.421158	2.553137	0.001590	0.7
917	-0.669882	315.335795	2.553785	0.002952	0.6
918	-0.713067	316.318721	2.546344	0.001899	0.6
919	-0.674991	316.510265	2.544898	0.003243	0.5
920	-0.696202	316.419584	2.545582	0.003018	0.5
921	-0.703033	317.419582	2.538060	0.001385	0.5
922	-0.677643	318.390895	2.530797	0.002769	0.5
923	-0.714294	318.300218	2.531473	0.005236	0.6
924	-0.681392	319.300208	2.524034	0.002403	0.5
925	-0.666212	319.209482	2.524707	0.002664	0.5
926	-0.675438	319.118756	2.525381	0.004134	0.5
927	-0.652360	320.118756	2.517977	0.002349	0.6
928	-0.668647	320.028064	2.518647	0.001640	0.6
929	-0.671099	320.532652	2.514926	0.002376	0.5
930	-0.684520	321.483295	2.507945	0.002991	0.6
931	-0.688393	321.392579	2.508610	0.003256	0.5
932	-0.697056	321.301853	2.509275	0.002987	0.6
933	-0.705188	322.301842	2.501965	0.001705	0.5
934	-0.676745	322.338714	2.501697	0.002180	0.6
935	-0.688484	322.252527	2.502325	0.001906	0.5
936	-0.699469	322.164120	2.502970	0.002548	0.6
937	-0.657388	322.073866	2.503628	0.002215	0.5
938	-0.684498	322.555268	2.500120	0.001436	0.5
939	-0.668983	323.524836	2.493084	0.002402	0.5
940	-0.735359	324.523664	2.485877	0.001936	0.6
941	-0.693157	324.525609	2.485863	0.002613	0.6
942	-0.708310	325.525586	2.478690	0.001534	0.6
943	-0.693980	326.525084	2.471561	0.004797	0.6
944	-0.674522	326.434360	2.472206	0.003382	0.5
945	-0.680052	326.343634	2.472852	0.002735	0.5
946	-0.696087	326.275854	2.473334	0.003284	0.6
947	-0.695836	326.339391	2.472882	0.001639	0.6
948	-0.679459	327.339341	2.465783	0.004019	0.5
949	-0.700506	327.248718	2.466425	0.002276	0.7
950	-0.689074	328.096414	2.460436	0.002142	0.6
951	-0.686015	328.005713	2.461075	0.003284	0.6
952	-0.689453	327.914988	2.461715	0.003120	0.6
953	-0.693888	328.513274	2.457501	0.002972	0.7
954	-0.673926	328.422837	2.458137	0.001528	0.6
955	-0.681248	328.334163	2.458761	0.002213	0.5
956	-0.678088	328.249316	2.459359	0.003927	0.6
957	-0.732840	329.249028	2.452339	0.003160	0.5
958	-0.665477	330.051420	2.446734	0.000439	0.6
959	-0.663130	330.703154	2.442200	0.002509	0.5
960	-0.709707	330.658992	2.442506	0.002841	0.6
961	-0.711039	331.658982	2.435581	0.001611	0.5
962	-0.716702	331.578940	2.436133	0.003076	0.5
963	-0.689533	332.571272	2.429296	0.004789	0.6
964	-0.729393	333.571123	2.422446	0.003432	0.7
965	-0.687739	334.571123	2.415633	0.002012	0.6
966	-0.672562	334.807291	2.414030	0.001676	0.6
967	-0.702844	334.717035	2.414642	0.002937	0.6
968	-0.708233	334.626311	2.415258	0.003349	0.6
969	-0.685436	335.626311	2.408486	0.002770	0.5
970	-0.648944	336.626240	2.401751	0.003330	0.6
971	-0.695046	336.535514	2.402361	0.003727	0.6
972	-0.698514	337.320849	2.397096	0.000903	0.6
973	-0.708847	337.679353	2.394700	0.004311	0.6
974	-0.688308	338.630829	2.388364	0.004701	0.5
975	-0.684600	339.630829	2.381741	0.003440	0.6
976	-0.684932	339.540103	2.382341	0.004250	0.6
977	-0.685093	339.449377	2.382940	0.001864	0.6
978	-0.683514	340.373694	2.376845	0.004964	0.5
979	-0.704743	340.282971	2.377442	0.003347	0.5
980	-0.705168	340.192245	2.378039	0.002103	0.5
981	-0.686356	341.096988	2.372097	0.004262	0.5
982	-0.699737	342.096988	2.365564	0.002715	0.5
983	-0.692529	343.080174	2.359176	0.003336	0.5
984	-0.696442	342.989448	2.359764	0.003325	0.5
985	-0.703783	342.898770	2.360352	0.002245	0.5
986	-0.703807	343.898770	2.353884	0.004503	0.5
987	-0.715435	343.809482	2.354460	0.003019	0.6
988	-0.683934	343.718756	2.355046	0.002835	0.5
989	-0.690672	343.628036	2.355632	0.001411	0.5
990	-0.622643	344.499491	2.350015	0.003422	0.5
991	-0.716246	345.497870	2.343613	0.004186	0.5
992	-0.688825	346.490135	2.337285	0.002793	0.5
993	-0.634737	347.490135	2.330943	0.002231	0.6
994	-0.687592	348.473938	2.324736	0.003068	0.6
995	-0.662493	349.473615	2.318463	0.002773	0.6
996	-0.681805	350.473615	2.312222	0.003391	0.6
997	-0.705206	351.473504	2.306015	0.002948	0.6
998	-0.688719	351.382778	2.306576	0.002073	0.6
999	-0.713981	351.520756	2.305722	0.002767	0.5
Time spent in resolution 3 (ITK initialization and iterating): 0.744 s.
Stopping condition: Maximum number of iterations has been reached.
Settings of AdaptiveStochasticGradientDescent in resolution 3:
( SP_a 858.929342 )
( SP_A 20.000000 )
( SP_alpha 1.000000 )
( SigmoidMax 1.000000 )
( SigmoidMin -0.090726 )
( SigmoidScale 0.000000 )


Resolution: 4
WARNING: The parameter "ShowExactMetricValue", requested at entry number 4, does not exist at all.
  The default value "false" is used instead.
WARNING: The parameter "CheckNumberOfSamples", requested at entry number 4, does not exist at all.
  The default value "true" is used instead.
WARNING: The parameter "UseMultiThreadingForMetrics", requested at entry number 4, does not exist at all.
  The default value "true" is used instead.
Setting the fixed masks took: 0 ms.
Setting the moving masks took: 0 ms.
WARNING: The parameter "NumberOfFixedHistogramBins", requested at entry number 4, does not exist at all.
  The default value "32" is used instead.
WARNING: The parameter "NumberOfMovingHistogramBins", requested at entry number 4, does not exist at all.
  The default value "32" is used instead.
WARNING: The parameter "FixedLimitRangeRatio", requested at entry number 4, does not exist at all.
  The default value "0.01" is used instead.
WARNING: The parameter "MovingLimitRangeRatio", requested at entry number 4, does not exist at all.
  The default value "0.01" is used instead.
WARNING: The parameter "FixedKernelBSplineOrder", requested at entry number 4, does not exist at all.
  The default value "0" is used instead.
WARNING: The parameter "MovingKernelBSplineOrder", requested at entry number 4, does not exist at all.
  The default value "3" is used instead.
WARNING: The parameter "UseFastAndLowMemoryVersion", requested at entry number 4, does not exist at all.
  The default value "true" is used instead.
WARNING: The parameter "UseJacobianPreconditioning", requested at entry number 4, does not exist at all.
  The default value "false" is used instead.
WARNING: The parameter "FiniteDifferenceDerivative", requested at entry number 4, does not exist at all.
  The default value "false" is used instead.
WARNING: The parameter "SP_A", requested at entry number 4, does not exist at all.
  The default value "20" is used instead.
WARNING: The parameter "MaximumNumberOfSamplingAttempts", requested at entry number 4, does not exist at all.
  The default value "0" is used instead.
WARNING: The parameter "SigmoidInitialTime", requested at entry number 4, does not exist at all.
  The default value "0" is used instead.
WARNING: The parameter "MaxBandCovSize", requested at entry number 4, does not exist at all.
  The default value "192" is used instead.
WARNING: The parameter "NumberOfBandStructureSamples", requested at entry number 4, does not exist at all.
  The default value "10" is used instead.
WARNING: The parameter "UseAdaptiveStepSizes", requested at entry number 4, does not exist at all.
  The default value "true" is used instead.
WARNING: The parameter "AutomaticParameterEstimation", requested at entry number 4, does not exist at all.
  The default value "true" is used instead.
WARNING: The parameter "UseConstantStep", requested at entry number 4, does not exist at all.
  The default value "false" is used instead.
WARNING: The parameter "MaximumStepLengthRatio", requested at entry number 4, does not exist at all.
  The default value "1" is used instead.
WARNING: The parameter "MaximumStepLength", requested at entry number 4, does not exist at all.
  The default value "1" is used instead.
WARNING: The parameter "NumberOfGradientMeasurements", requested at entry number 4, does not exist at all.
  The default value "0" is used instead.
WARNING: The parameter "NumberOfJacobianMeasurements", requested at entry number 4, does not exist at all.
  The default value "1000" is used instead.
WARNING: The parameter "NumberOfSamplesForExactGradient", requested at entry number 4, does not exist at all.
  The default value "100000" is used instead.
WARNING: The parameter "SigmoidScaleFactor", requested at entry number 4, does not exist at all.
  The default value "0.1" is used instead.
Elastix initialization of all components (for this resolution) took: 1 ms.
  Computing the fixed image extrema took 0 ms.
  Computing the moving image extrema took 0 ms.
Initialization of AdvancedMattesMutualInformation metric took: 0 ms.
Starting automatic parameter estimation for AdaptiveStochasticGradientDescent ...
WARNING: The parameter "ASGDParameterEstimationMethod", requested at entry number 0, does not exist at all.
  The default value "Original" is used instead.
  Computing JacobianTerms ...
  Computing the Jacobian terms took 0.000254s
  NumberOfGradientMeasurements to estimate sigma_i: 9
  Sampling gradients ...
  Sampling the gradients took 0.023514s
Automatic parameter estimation took 0.02s
1:ItNr	2:Metric	3a:Time	3b:StepSize	4:||Gradient||	Time[ms]
0	-0.629351	0.000000	22.165194	0.017430	26.1
1	-0.616272	0.000000	22.165194	0.011481	0.6
2	-0.646053	0.000000	22.165194	0.010595	0.6
3	-0.631594	0.000000	22.165194	0.007402	0.6
4	-0.618583	0.000000	22.165194	0.010329	0.6
5	-0.598961	0.000000	22.165194	0.007015	0.6
6	-0.653136	0.000000	22.165194	0.004366	0.6
7	-0.629796	0.000000	22.165194	0.005179	0.5
8	-0.647145	0.000000	22.165194	0.010167	0.5
9	-0.636757	0.000000	22.165194	0.004230	0.5
10	-0.623695	1.000000	21.157685	0.006160	0.6
11	-0.642789	0.944301	21.211387	0.001394	0.5
12	-0.629123	1.101098	21.060902	0.005987	0.5
13	-0.671299	1.047179	21.112409	0.002097	0.5
14	-0.652537	1.800499	20.414864	0.004831	0.5
15	-0.625415	2.792769	19.563468	0.005940	0.6
16	-0.588234	3.792753	18.774400	0.006152	0.5
17	-0.649227	4.779680	18.055657	0.006247	0.6
18	-0.626188	4.723982	18.094752	0.005775	0.6
19	-0.627711	5.723962	17.417667	0.002216	0.6
20	-0.643135	6.723954	16.789419	0.006535	0.6
21	-0.656108	6.668339	16.823166	0.003639	0.6
22	-0.617185	6.612641	16.857100	0.001770	0.6
23	-0.641185	6.652996	16.832501	0.005016	0.6
24	-0.644167	6.597588	16.866295	0.004554	0.6
25	-0.635979	7.596251	16.277276	0.002037	0.5
26	-0.610470	8.591237	15.729963	0.003618	0.6
27	-0.633662	8.539728	15.757392	0.005112	0.5
28	-0.624536	8.484030	15.787159	0.003734	0.5
29	-0.643516	8.428331	15.817040	0.003446	0.5
30	-0.657658	8.372632	15.847033	0.005156	0.5
31	-0.636039	9.372632	15.325279	0.002685	0.5
32	-0.613606	10.318499	14.862432	0.005966	0.5
33	-0.642068	10.262941	14.888845	0.002639	0.6
34	-0.660321	10.207243	14.915418	0.004460	0.6
35	-0.620360	11.206646	14.452578	0.003539	0.5
36	-0.609245	11.150947	14.477616	0.002821	0.6
37	-0.639813	12.150695	14.041005	0.005404	0.6
38	-0.650087	12.412043	13.931177	0.006316	0.5
39	-0.623257	12.356344	13.954439	0.003671	0.5
40	-0.647296	12.300645	13.977779	0.002803	0.5
41	-0.629869	12.245000	14.001175	0.004371	0.5
42	-0.603473	12.189396	14.024632	0.003095	0.6
43	-0.628523	13.189390	13.614430	0.006898	0.6
44	-0.646185	14.189374	13.227546	0.004753	0.7
45	-0.638851	14.133675	13.248516	0.004920	0.6
46	-0.638472	15.133585	12.881896	0.006821	0.6
47	-0.661669	16.133585	12.534989	0.004173	0.5
48	-0.602858	17.133585	12.206276	0.004937	0.5
49	-0.630865	17.080284	12.223361	0.004809	0.6
50	-0.642774	17.024585	12.241266	0.005796	0.6
51	-0.612579	16.979647	12.255750	0.003356	0.5
52	-0.645715	16.923957	12.273747	0.002752	0.6
53	-0.648726	16.868266	12.291798	0.005469	0.5
54	-0.636086	17.868197	11.975577	0.004430	0.5
55	-0.639851	17.812499	11.992762	0.005887	0.5
56	-0.620258	18.812428	11.691552	0.004316	0.5
57	-0.650116	18.756729	11.707932	0.004097	0.5
58	-0.655530	19.756712	11.420673	0.005015	0.6
59	-0.659962	19.701014	11.436302	0.007385	0.5
60	-0.606179	19.645614	11.451889	0.004355	0.5
61	-0.645594	19.589915	11.467604	0.005482	0.5
62	-0.620149	20.589915	11.191874	0.004488	0.5
63	-0.660141	21.589915	10.929091	0.005166	0.5
64	-0.665857	21.534216	10.943403	0.004475	0.6
65	-0.640482	21.546176	10.940327	0.002625	0.6
66	-0.637387	22.546085	10.689114	0.003412	0.6
67	-0.621953	22.506760	10.698776	0.003228	0.6
68	-0.645302	22.488050	10.703379	0.002465	0.6
69	-0.672779	22.442778	10.714533	0.002179	0.6
70	-0.631475	22.396103	10.726057	0.003352	0.6
71	-0.638043	23.263856	10.515782	0.003160	0.5
72	-0.642518	24.263717	10.283492	0.005040	0.5
73	-0.663853	24.902183	10.140456	0.007874	0.5
74	-0.651671	24.846513	10.152769	0.005854	0.5
75	-0.631877	24.797127	10.163718	0.003721	0.5
76	-0.629830	24.741428	10.176094	0.003501	0.6
77	-0.647442	24.989128	10.121285	0.004335	0.5
78	-0.650606	25.974335	9.909008	0.008081	0.5
79	-0.619356	26.974335	9.702460	0.003482	0.6
80	-0.672716	27.974335	9.504347	0.007731	0.5
81	-0.645208	28.974334	9.314163	0.003694	0.5
82	-0.647061	29.974334	9.131440	0.008552	0.5
83	-0.633554	29.918636	9.141429	0.005197	0.6
84	-0.615503	29.867465	9.150624	0.004038	0.5
85	-0.619880	30.867454	8.974203	0.002744	0.6
86	-0.609721	30.815132	8.983265	0.004215	0.6
87	-0.612580	31.708544	8.830999	0.004121	0.6
88	-0.598764	32.348163	8.725119	0.005224	0.6
89	-0.635807	32.292490	8.734234	0.004442	0.6
90	-0.637398	32.236793	8.743372	0.004658	0.6
91	-0.643406	32.181095	8.752529	0.011061	0.6
92	-0.619946	32.135085	8.760108	0.002708	0.5
93	-0.632935	32.079387	8.769300	0.001753	0.5
94	-0.615362	32.024419	8.778391	0.002317	0.5
95	-0.621208	31.976794	8.786282	0.004840	0.6
96	-0.649033	32.023882	8.778480	0.003422	0.5
97	-0.665381	31.968184	8.787711	0.002062	0.5
98	-0.598837	32.965906	8.625243	0.003465	0.6
99	-0.661805	32.911510	8.633946	0.002231	0.6
100	-0.653338	33.169145	8.592882	0.005152	0.5
101	-0.658522	34.168751	8.437187	0.002180	0.5
102	-0.649844	34.113073	8.445711	0.004949	0.5
103	-0.605431	34.058979	8.454008	0.007357	0.5
104	-0.608891	35.058979	8.303203	0.005078	0.5
105	-0.657656	36.058979	8.157683	0.004999	0.5
106	-0.635229	36.011777	8.164437	0.004037	0.6
107	-0.665551	36.601565	8.080841	0.003405	0.6
108	-0.613030	36.545886	8.088659	0.001689	0.6
109	-0.640987	37.474449	7.960213	0.006884	0.6
110	-0.632080	38.189022	7.864112	0.003489	0.6
111	-0.662735	39.189022	7.733455	0.005213	0.6
112	-0.641792	40.185106	7.607555	0.006501	0.6
113	-0.607815	40.136088	7.613655	0.004185	0.5
114	-0.629870	40.080390	7.620598	0.003102	0.6
115	-0.621093	41.064179	7.499802	0.002258	0.6
116	-0.658294	41.008589	7.506526	0.006029	0.6
117	-0.633664	40.952961	7.513266	0.004734	0.5
118	-0.639719	41.952961	7.393919	0.004420	0.5
119	-0.652707	42.952578	7.278347	0.001010	0.5
120	-0.622274	43.138272	7.257275	0.004566	0.5
121	-0.628575	43.103226	7.261243	0.004247	0.5
122	-0.625371	44.103215	7.149709	0.001936	0.5
123	-0.643101	45.103015	7.041571	0.006326	0.6
124	-0.642733	46.098773	6.937073	0.003752	0.5
125	-0.640806	47.098773	6.835205	0.002337	0.5
126	-0.641811	47.043077	6.840800	0.003611	0.6
127	-0.661545	47.315002	6.813570	0.004454	0.5
128	-0.658893	48.053574	6.740695	0.002724	0.5
129	-0.656348	48.039985	6.742022	0.002615	0.5
130	-0.636265	48.028029	6.743189	0.003170	0.5
131	-0.624743	47.976031	6.748273	0.008003	1.0
132	-0.633162	48.976031	6.651836	0.005022	0.6
133	-0.628559	49.973872	6.558316	0.002464	0.6
134	-0.627147	49.936168	6.561802	0.004550	0.6
135	-0.611267	49.880472	6.566958	0.002072	0.5
136	-0.630172	49.826436	6.571968	0.004022	0.6
137	-0.628055	50.767349	6.485806	0.002377	0.6
138	-0.615471	50.711670	6.490841	0.005338	0.6
139	-0.631875	50.655989	6.495885	0.003892	0.5
140	-0.668660	51.655989	6.406479	0.003563	0.6
141	-0.662028	52.655830	6.319514	0.003430	0.5
142	-0.640121	53.655786	6.234869	0.003875	0.5
143	-0.643355	54.552346	6.160882	0.005369	0.5
144	-0.644157	55.552207	6.080413	0.004513	0.5
145	-0.638600	55.502513	6.084363	0.003577	0.5
146	-0.648565	56.502499	6.005859	0.006092	0.5
147	-0.652909	57.502387	5.929362	0.004626	0.5
148	-0.645277	57.446688	5.933572	0.001108	0.5
149	-0.614992	57.391284	5.937766	0.002930	0.6
150	-0.651201	58.059717	5.887563	0.005824	0.5
151	-0.608180	59.028166	5.816316	0.006093	0.6
152	-0.623084	60.028166	5.744534	0.002409	0.6
153	-0.623772	61.028162	5.674503	0.002131	0.6
154	-0.657596	60.973420	5.678293	0.004316	0.6
155	-0.638177	61.598103	5.635348	0.003420	0.8
156	-0.619952	62.560709	5.570430	0.004030	0.6
157	-0.597074	63.074217	5.536407	0.005581	0.6
158	-0.639333	63.018519	5.540077	0.006430	0.5
159	-0.629763	62.962820	5.543752	0.005349	0.5
160	-0.615669	63.962819	5.478503	0.004202	0.6
161	-0.647995	64.962687	5.414780	0.003893	0.6
162	-0.640164	64.906988	5.418291	0.003047	0.6
163	-0.628600	64.851326	5.421804	0.003667	0.6
164	-0.661776	64.795642	5.425323	0.007781	0.5
165	-0.623507	65.795641	5.362816	0.003903	0.6
166	-0.678352	65.739943	5.366260	0.003661	0.6
167	-0.639681	65.684244	5.369708	0.005060	0.6
168	-0.665638	66.684244	5.308469	0.000335	0.6
169	-0.657250	66.641908	5.311033	0.002774	0.6
170	-0.647511	66.634199	5.311500	0.002974	0.5
171	-0.644175	66.578509	5.314878	0.004199	0.6
172	-0.638302	67.574297	5.255126	0.006173	0.5
173	-0.627465	67.522386	5.258207	0.005761	0.6
174	-0.606313	68.522386	5.199471	0.004500	0.6
175	-0.651950	69.378211	5.150236	0.004053	0.6
176	-0.631315	70.376669	5.093960	0.005216	0.5
177	-0.622031	71.376667	5.038816	0.005719	0.5
178	-0.669413	71.320968	5.041856	0.006110	0.6
179	-0.667504	72.303307	4.988774	0.006728	0.6
180	-0.650110	73.303307	4.935872	0.002646	0.5
181	-0.628348	73.248591	4.938738	0.002705	0.6
182	-0.661916	73.192940	4.941656	0.000834	0.7
183	-0.652997	73.657753	4.917390	0.005252	0.6
184	-0.648431	74.417563	4.878233	0.005304	0.6
185	-0.642674	74.361868	4.881082	0.003695	0.6
186	-0.613380	75.361771	4.830433	0.002515	0.6
187	-0.662447	76.358886	4.780961	0.005195	0.5
188	-0.606920	76.303970	4.783660	0.002595	0.6
189	-0.637930	76.248272	4.786399	0.005514	0.6
190	-0.629619	77.248271	4.737682	0.002270	0.5
191	-0.633626	78.244504	4.690124	0.007645	0.5
192	-0.650688	78.641918	4.671418	0.004464	0.5
193	-0.631433	78.586219	4.674031	0.004752	0.5
194	-0.619864	78.530521	4.676647	0.002884	0.6
195	-0.642048	78.474822	4.679265	0.002501	0.6
196	-0.617132	78.419195	4.681883	0.003924	0.6
197	-0.638225	79.308648	4.640368	0.002315	0.6
198	-0.627828	80.308323	4.594579	0.003303	0.6
199	-0.666565	80.252627	4.597106	0.002452	0.6
200	-0.649250	80.540390	4.584078	0.003819	0.6
201	-0.660042	80.486586	4.586508	0.009564	0.6
202	-0.630552	80.819401	4.571516	0.003270	0.6
203	-0.615225	81.819395	4.527055	0.004186	0.7
204	-0.653803	81.765961	4.529409	0.002652	0.6
205	-0.646255	82.764869	4.485806	0.005211	0.6
206	-0.631280	83.764866	4.442988	0.004781	0.6
207	-0.637334	84.764860	4.400980	0.002713	0.7
208	-0.607417	85.764858	4.359759	0.003230	0.6
209	-0.646615	85.709969	4.362002	0.002806	0.6
210	-0.609306	85.674910	4.363435	0.004097	0.5
211	-0.631842	85.708986	4.362042	0.005579	0.6
212	-0.623956	85.653288	4.364320	0.002812	0.6
213	-0.628926	86.204409	4.341884	0.004495	0.6
214	-0.607456	86.188497	4.342528	0.003800	0.5
215	-0.646939	86.132798	4.344786	0.005868	0.5
216	-0.644805	86.134036	4.344736	0.005253	0.6
217	-0.650686	86.078339	4.346996	0.005562	0.6
218	-0.630742	87.077409	4.306812	0.002605	0.6
219	-0.627424	88.005125	4.270158	0.006315	0.7
220	-0.647319	88.220240	4.261747	0.002647	0.6
221	-0.639177	88.164541	4.263922	0.002258	0.6
222	-0.663521	88.115472	4.265839	0.005046	0.5
223	-0.645041	89.115115	4.227113	0.004197	0.5
224	-0.655508	89.117283	4.227030	0.003600	0.6
225	-0.637164	89.483209	4.213030	0.003052	0.5
226	-0.619029	90.462852	4.176002	0.006650	0.5
227	-0.621066	91.462852	4.138870	0.001142	0.6
228	-0.638366	92.264287	4.109584	0.004316	0.6
229	-0.616820	92.212206	4.111474	0.004293	0.5
230	-0.637742	92.156509	4.113498	0.005214	0.5
231	-0.623208	92.100979	4.115518	0.004151	0.6
232	-0.605286	93.100978	4.079449	0.004790	0.7
233	-0.652301	94.100978	4.044006	0.001665	0.6
234	-0.657456	94.264682	4.038263	0.006014	0.6
235	-0.624541	94.208983	4.040215	0.003368	0.5
236	-0.676160	94.153306	4.042169	0.007094	0.6
237	-0.642332	94.110552	4.043670	0.004518	0.6
238	-0.598151	95.093630	4.009428	0.005819	0.5
239	-0.619841	95.037931	4.011353	0.003564	0.5
240	-0.615282	96.033375	3.977234	0.002314	0.7
241	-0.647022	96.939199	3.946687	0.003271	0.6
242	-0.612952	96.962667	3.945902	0.005255	0.6
243	-0.648576	97.676559	3.922165	0.005582	0.6
244	-0.629373	98.126408	3.907354	0.005270	0.6
245	-0.632206	99.126408	3.874827	0.004792	0.6
246	-0.600666	99.070709	3.876625	0.004105	0.5
247	-0.606054	99.015010	3.878424	0.004592	0.6
248	-0.689490	98.959312	3.880225	0.003641	0.6
249	-0.613264	99.715024	3.855933	0.003607	0.6
250	-0.618176	100.715020	3.824253	0.005595	0.5
251	-0.606600	100.659322	3.826004	0.002716	0.5
252	-0.614572	100.606846	3.827655	0.004536	0.6
253	-0.622100	101.606789	3.796438	0.002843	0.7
254	-0.622919	102.578835	3.766576	0.002593	0.6
255	-0.635640	102.523146	3.768274	0.003012	0.8
256	-0.674670	103.438318	3.740561	0.006362	0.6
257	-0.625989	104.432710	3.710907	0.004260	0.5
258	-0.644849	105.425768	3.681758	0.003646	0.5
259	-0.626051	105.370069	3.683381	0.004645	0.5
260	-0.626319	105.314371	3.685005	0.004807	0.6
261	-0.628189	105.328651	3.684588	0.004591	0.6
262	-0.610879	105.272953	3.686214	0.003794	0.6
263	-0.651606	105.531794	3.678673	0.006156	0.6
264	-0.626697	105.476106	3.680293	0.003297	0.6
265	-0.618461	105.420456	3.681913	0.007390	0.5
266	-0.618679	106.214401	3.658934	0.004853	0.5
267	-0.647540	107.214401	3.630396	0.005336	0.5
268	-0.620106	108.214393	3.602300	0.002387	0.5
269	-0.654987	108.160943	3.603791	0.004098	0.5
270	-0.624384	108.105248	3.605346	0.002689	0.5
271	-0.613178	109.104801	3.577647	0.005354	0.5
272	-0.657654	110.104800	3.550359	0.001722	0.5
273	-0.623643	111.104673	3.523487	0.003952	0.5
274	-0.648108	111.050138	3.524942	0.003966	0.5
275	-0.649992	110.994447	3.526429	0.004644	0.5
276	-0.622862	110.938763	3.527918	0.003025	0.5
277	-0.630453	111.937071	3.501424	0.005451	0.6
278	-0.641664	112.533411	3.485787	0.005994	0.6
279	-0.627650	112.477719	3.487242	0.005710	0.6
280	-0.639370	112.422020	3.488698	0.002647	0.5
281	-0.637290	113.421888	3.462748	0.004285	0.5
282	-0.656389	114.421620	3.437184	0.003400	0.5
283	-0.653173	114.365921	3.438599	0.004045	0.7
284	-0.640158	114.310534	3.440006	0.005854	0.6
285	-0.656147	115.310534	3.414770	0.002523	0.6
286	-0.631257	116.290524	3.390395	0.002752	0.6
287	-0.633390	116.271706	3.390860	0.003907	0.6
288	-0.651789	117.271422	3.366343	0.002914	0.5
289	-0.645061	117.220949	3.367573	0.000936	0.6
290	-0.633848	117.335801	3.364777	0.001803	0.6
291	-0.634224	117.302913	3.365577	0.002038	0.5
292	-0.633566	117.261222	3.366592	0.003422	0.5
293	-0.644369	118.257765	3.342500	0.003288	0.5
294	-0.674438	118.840094	3.328581	0.004660	0.5
295	-0.654653	118.784397	3.329907	0.005998	0.6
296	-0.625008	119.784397	3.306255	0.004548	0.6
297	-0.632974	119.728767	3.307562	0.004939	0.6
298	-0.639777	120.728767	3.284224	0.005808	0.5
299	-0.638276	120.673069	3.285516	0.001627	0.5
300	-0.614698	120.617395	3.286807	0.004159	0.5
301	-0.678270	120.561705	3.288100	0.001757	0.8
302	-0.635738	121.491803	3.266638	0.004487	0.8
303	-0.620337	122.207903	3.250303	0.008338	0.6
304	-0.631343	123.207862	3.227765	0.002622	0.5
305	-0.618124	123.152165	3.229012	0.005414	0.7
306	-0.653557	124.141425	3.207004	0.002999	0.6
307	-0.658537	125.141362	3.185060	0.006586	0.6
308	-0.664202	126.137865	3.163489	0.003752	0.5
309	-0.630702	127.137865	3.142134	0.005218	0.6
310	-0.645253	127.082167	3.143316	0.005366	0.6
311	-0.649861	128.082162	3.122232	0.002316	0.8
312	-0.642034	128.026463	3.123399	0.002821	0.6
313	-0.657724	128.142666	3.120965	0.003175	0.6
314	-0.636197	128.087495	3.122120	0.005724	0.6
315	-0.625467	128.031796	3.123287	0.003818	0.6
316	-0.639144	128.455230	3.114438	0.004489	0.6
317	-0.639359	128.399532	3.115599	0.004171	0.6
318	-0.660914	128.343833	3.116761	0.002818	0.7
319	-0.677041	128.474864	3.114029	0.005279	0.6
320	-0.639099	128.419172	3.115190	0.003879	0.5
321	-0.638118	128.363473	3.116351	0.004595	0.8
322	-0.608656	128.307775	3.117514	0.003246	0.7
323	-0.636864	129.305304	3.096824	0.007491	0.6
324	-0.653051	130.266083	3.077154	0.005496	0.6
325	-0.645564	130.210435	3.078287	0.001553	0.6
326	-0.652496	130.154750	3.079421	0.002260	0.5
327	-0.644809	130.904586	3.064220	0.003670	0.6
328	-0.610839	131.201202	3.058248	0.004926	0.6
329	-0.636752	131.197268	3.058327	0.003013	0.7
330	-0.657812	131.141573	3.059447	0.004068	0.6
331	-0.653541	132.141573	3.039469	0.004487	0.6
332	-0.626471	132.085875	3.040575	0.004297	0.6
333	-0.640635	133.085873	3.020842	0.005825	0.5
334	-0.660114	133.030175	3.021934	0.003672	0.5
335	-0.627560	132.974476	3.023027	0.003200	0.5
336	-0.656581	132.918792	3.024121	0.005870	0.5
337	-0.643569	133.918792	3.004600	0.003706	0.5
338	-0.678332	133.863093	3.005681	0.003436	0.5
339	-0.628552	133.808363	3.006744	0.005046	0.5
340	-0.649216	133.752665	3.007826	0.003318	0.5
341	-0.682452	134.752665	2.988514	0.001950	0.5
342	-0.634053	134.733635	2.988880	0.005119	0.5
343	-0.673495	135.732923	2.969823	0.004009	0.5
344	-0.612786	135.677228	2.970879	0.004806	0.6
345	-0.631356	135.621802	2.971930	0.005829	0.6
346	-0.640215	136.621802	2.953075	0.004107	0.7
347	-0.634511	136.566104	2.954119	0.003533	0.6
348	-0.666824	136.930484	2.947304	0.003292	0.5
349	-0.633141	136.874787	2.948343	0.004479	0.6
350	-0.650099	137.874677	2.929788	0.006280	0.6
351	-0.633719	138.831529	2.912248	0.003233	0.6
352	-0.662156	139.829836	2.894171	0.002664	0.5
353	-0.632046	139.774139	2.895174	0.004811	0.5
354	-0.649284	139.765005	2.895338	0.005564	0.6
355	-0.614957	139.723772	2.896081	0.006562	0.5
356	-0.658583	140.723772	2.878173	0.002920	0.5
357	-0.620533	141.723772	2.860486	0.004447	0.7
358	-0.648738	141.668073	2.861465	0.002013	0.5
359	-0.652866	141.796606	2.859206	0.003476	0.5
360	-0.629433	141.742959	2.860149	0.003454	0.5
361	-0.605936	141.689452	2.861089	0.002857	0.5
362	-0.682640	141.852580	2.858224	0.003571	0.5
363	-0.634923	142.848087	2.840858	0.003234	0.5
364	-0.584384	142.792389	2.841824	0.001351	0.5
365	-0.606631	142.736862	2.842787	0.003641	0.5
366	-0.663401	142.716479	2.843141	0.003963	0.6
367	-0.672731	142.660783	2.844109	0.005864	0.6
368	-0.666455	142.605085	2.845077	0.003826	0.6
369	-0.659233	142.551455	2.846010	0.004165	0.8
370	-0.647798	142.495756	2.846980	0.006682	0.7
371	-0.615210	142.440060	2.847950	0.003979	0.6
372	-0.636677	142.384362	2.848921	0.002816	0.6
373	-0.644399	142.328694	2.849892	0.005939	0.6
374	-0.624459	142.272995	2.850864	0.002289	0.6
375	-0.640699	142.607394	2.845037	0.003845	0.6
376	-0.645933	143.604850	2.827797	0.006428	0.6
377	-0.609752	144.604847	2.810721	0.002656	0.5
378	-0.644089	144.549148	2.811667	0.008694	0.6
379	-0.630572	144.493450	2.812613	0.003873	0.5
380	-0.637764	144.437823	2.813559	0.005638	0.5
381	-0.652065	145.437823	2.796654	0.002697	0.5
382	-0.608257	146.429012	2.780098	0.006733	0.5
383	-0.609746	146.373422	2.781021	0.004690	0.5
384	-0.655215	146.328553	2.781767	0.003820	0.6
385	-0.637424	146.272858	2.782693	0.004936	0.5
386	-0.636052	147.272854	2.766157	0.003176	0.5
387	-0.630596	147.887283	2.756093	0.003697	0.5
388	-0.636081	148.887281	2.739870	0.003221	0.6
389	-0.619859	149.861828	2.724243	0.005541	0.6
390	-0.651864	150.849773	2.708581	0.004644	0.6
391	-0.636929	150.794074	2.709459	0.001739	0.6
392	-0.592947	150.739938	2.710313	0.004623	0.6
393	-0.662452	150.684531	2.711188	0.005520	0.6
394	-0.638664	150.628833	2.712068	0.006352	0.6
395	-0.633013	151.628769	2.696359	0.004467	0.5
396	-0.633478	152.418048	2.684087	0.003878	0.5
397	-0.623714	153.397158	2.669018	0.005060	0.5
398	-0.658677	153.349222	2.669751	0.001643	0.6
399	-0.636168	153.340849	2.669880	0.006524	0.5
400	-0.637654	153.285152	2.670733	0.005757	0.5
401	-0.612440	153.229454	2.671587	0.002898	0.5
402	-0.635367	154.229445	2.656341	0.005367	0.5
403	-0.635304	154.173747	2.657185	0.002754	0.5
404	-0.640845	154.118064	2.658030	0.005675	0.5
405	-0.650172	154.062367	2.658876	0.004065	0.6
406	-0.635405	154.043338	2.659165	0.004638	0.5
407	-0.620303	153.987859	2.660008	0.004230	0.5
408	-0.609345	153.932200	2.660854	0.007133	0.5
409	-0.628480	154.931888	2.645735	0.002609	0.5
410	-0.643940	154.876189	2.646572	0.004892	0.5
411	-0.631116	155.876187	2.631610	0.005702	0.6
412	-0.657801	156.876187	2.616815	0.006442	0.6
413	-0.662609	157.876187	2.602186	0.005451	0.6
414	-0.657986	157.820488	2.602996	0.003559	0.7
415	-0.645849	157.764789	2.603807	0.005528	0.5
416	-0.623218	157.709091	2.604619	0.004572	0.6
417	-0.632770	157.653392	2.605431	0.001457	0.5
418	-0.623197	157.615062	2.605990	0.006674	0.5
419	-0.620990	158.612545	2.591518	0.004038	0.6
420	-0.623082	158.556846	2.592321	0.004401	0.5
421	-0.639636	158.501637	2.593119	0.003618	0.5
422	-0.629667	159.493866	2.578864	0.002950	0.6
423	-0.634462	159.438168	2.579660	0.001957	0.5
424	-0.613166	159.402793	2.580166	0.003704	0.5
425	-0.667804	159.369766	2.580638	0.004638	0.6
426	-0.641439	159.314069	2.581435	0.002246	0.5
427	-0.628543	159.267650	2.582100	0.005683	0.6
428	-0.622659	160.027380	2.571263	0.002255	0.5
429	-0.625686	161.027378	2.557138	0.005014	0.6
430	-0.632095	160.971681	2.557920	0.004538	0.5
431	-0.615264	161.929798	2.544523	0.004707	0.5
432	-0.647262	162.929790	2.530689	0.003958	0.5
433	-0.679606	162.874091	2.531455	0.006487	0.7
434	-0.666288	162.822061	2.532172	0.002509	0.6
435	-0.636097	162.766362	2.532939	0.004832	0.6
436	-0.638163	163.766334	2.519231	0.004191	0.6
437	-0.630000	163.710636	2.519991	0.003588	0.6
438	-0.614839	164.710635	2.506421	0.002388	0.6
439	-0.635596	164.655538	2.507165	0.004760	0.6
440	-0.663656	164.599839	2.507917	0.002587	0.6
441	-0.654185	164.544140	2.508670	0.002964	0.6
442	-0.635629	164.492616	2.509367	0.003514	0.5
443	-0.635349	165.492591	2.495912	0.005728	0.5
444	-0.635044	165.878859	2.490753	0.003203	0.5
445	-0.629966	165.823161	2.491496	0.007741	0.5
446	-0.628845	165.767463	2.492239	0.002194	0.5
447	-0.622111	166.766717	2.478975	0.002005	0.5
448	-0.626859	166.719835	2.479595	0.005112	0.5
449	-0.640264	166.664138	2.480330	0.002295	0.6
450	-0.635172	167.180890	2.473519	0.002576	0.5
451	-0.648546	167.409239	2.470521	0.001707	0.5
452	-0.636387	168.132732	2.461071	0.005785	0.5
453	-0.648365	169.128198	2.448185	0.005352	0.6
454	-0.629853	169.072499	2.448903	0.005587	0.5
455	-0.649881	170.072499	2.436086	0.004254	0.5
456	-0.623495	171.072158	2.423407	0.005354	0.7
457	-0.650662	172.041742	2.411235	0.002219	0.6
458	-0.650811	171.986044	2.411931	0.004300	0.6
459	-0.641533	171.932377	2.412602	0.004837	0.6
460	-0.614436	172.932377	2.400162	0.002509	0.5
461	-0.605338	173.079336	2.398344	0.002360	0.7
462	-0.633811	174.065444	2.386220	0.003627	0.5
463	-0.612108	174.010581	2.386891	0.003620	0.6
464	-0.633000	173.954882	2.387573	0.004289	0.6
465	-0.691121	174.937624	2.375598	0.004412	0.6
466	-0.656718	174.881927	2.376274	0.002412	0.5
467	-0.599702	174.853724	2.376616	0.001208	0.5
468	-0.631431	175.247421	2.371848	0.006436	0.5
469	-0.622888	176.245627	2.359845	0.002838	0.6
470	-0.653486	176.189933	2.360511	0.005275	0.5
471	-0.648044	177.189929	2.348601	0.003222	0.6
472	-0.655459	177.134585	2.349257	0.006992	0.6
473	-0.653095	177.078887	2.349918	0.004227	0.5
474	-0.638372	178.078887	2.338114	0.003810	0.5
475	-0.644726	178.023196	2.338768	0.002754	0.5
476	-0.645045	179.015136	2.327169	0.004031	0.5
477	-0.648416	180.012717	2.315620	0.006373	0.6
478	-0.648532	181.012615	2.304158	0.005183	0.7
479	-0.649100	180.956917	2.304794	0.003053	0.7
480	-0.611957	181.950332	2.293512	0.006132	0.6
481	-0.617108	181.993859	2.293020	0.003770	0.6
482	-0.643676	182.993120	2.281788	0.002774	0.6
483	-0.656213	182.938836	2.282395	0.003671	0.6
484	-0.635193	183.924382	2.271419	0.006178	0.6
485	-0.619179	184.924224	2.260390	0.003897	0.6
486	-0.617381	185.924224	2.249466	0.003887	0.6
487	-0.648039	185.868600	2.250071	0.004990	0.5
488	-0.611724	186.868600	2.239247	0.003594	0.5
489	-0.611427	187.074864	2.237027	0.005355	0.5
490	-0.614434	188.074864	2.226327	0.004824	0.6
491	-0.635030	188.019165	2.226921	0.002425	0.5
492	-0.625373	189.019102	2.216318	0.005496	0.5
493	-0.626132	188.963403	2.216906	0.005348	0.5
494	-0.657130	188.907704	2.217494	0.004486	0.5
495	-0.654910	188.852006	2.218083	0.007255	0.5
496	-0.682925	189.852006	2.207563	0.005337	0.5
497	-0.650337	190.852006	2.197143	0.005831	0.5
498	-0.605527	191.852006	2.186820	0.003918	0.5
499	-0.617210	192.852006	2.176594	0.004186	0.6
500	-0.643756	193.851991	2.166464	0.003897	0.7
501	-0.654897	193.796925	2.167019	0.006766	0.7
502	-0.630838	194.796602	2.156981	0.003989	0.6
503	-0.610951	195.796602	2.147031	0.001485	0.6
504	-0.641734	196.441024	2.140668	0.005756	0.5
505	-0.640167	197.182882	2.133390	0.003883	0.5
506	-0.628366	198.151132	2.123964	0.003610	0.5
507	-0.621624	198.097555	2.124483	0.001655	0.6
508	-0.647883	198.044744	2.124995	0.002455	0.6
509	-0.649654	198.016762	2.125267	0.002174	0.5
510	-0.651216	197.985798	2.125567	0.003563	0.5
511	-0.644953	197.930510	2.126104	0.006886	0.6
512	-0.646886	197.874811	2.126645	0.006884	0.5
513	-0.634864	197.819113	2.127187	0.003691	0.6
514	-0.611003	198.819113	2.117510	0.003765	0.6
515	-0.644417	198.788820	2.117801	0.002326	0.5
516	-0.639067	198.733749	2.118332	0.003808	0.5
517	-0.622210	198.678084	2.118869	0.004661	0.5
518	-0.634857	198.622386	2.119406	0.006512	0.5
519	-0.665068	198.566689	2.119944	0.004703	0.5
520	-0.638281	198.510991	2.120482	0.003580	0.5
521	-0.659091	199.510900	2.110867	0.004471	0.5
522	-0.653651	200.425183	2.102151	0.002561	0.5
523	-0.638376	200.632772	2.100182	0.004497	0.8
524	-0.651897	200.578192	2.100699	0.007235	0.6
525	-0.643237	201.578192	2.091261	0.005082	0.6
526	-0.619628	201.522494	2.091784	0.003965	0.6
527	-0.624434	201.474772	2.092233	0.004967	0.6
528	-0.645515	201.419153	2.092756	0.004467	0.5
529	-0.656457	201.798946	2.089189	0.001233	0.5
530	-0.651994	201.766896	2.089489	0.004525	0.5
531	-0.622132	202.759830	2.080217	0.005817	0.6
532	-0.620810	203.759830	2.070962	0.003587	0.6
533	-0.677653	204.739255	2.061977	0.003460	0.5
534	-0.622090	204.683558	2.062486	0.003392	0.5
535	-0.652928	205.275665	2.057089	0.008222	0.7
536	-0.645924	206.268956	2.048098	0.002134	0.7
537	-0.658155	206.213258	2.048600	0.003185	0.5
538	-0.662039	207.200352	2.039739	0.003771	0.6
539	-0.655996	207.737606	2.034948	0.002483	0.6
540	-0.601253	207.682006	2.035442	0.006094	0.5
541	-0.629208	207.702254	2.035262	0.002661	0.5
542	-0.644904	208.685675	2.026548	0.005263	0.5
543	-0.628066	208.629977	2.027040	0.003376	0.5
544	-0.634073	209.629961	2.018251	0.001388	0.7
545	-0.673347	210.601430	2.009785	0.004778	0.6
546	-0.630878	210.593067	2.009858	0.004566	0.6
547	-0.619889	210.537368	2.010341	0.004730	0.6
548	-0.627395	211.533759	2.001727	0.004488	0.6
549	-0.648807	211.478061	2.002206	0.006291	0.6
550	-0.653997	211.434696	2.002580	0.005078	0.5
551	-0.601182	211.378998	2.003060	0.002893	0.6
552	-0.611674	211.323470	2.003539	0.003402	0.6
553	-0.641280	212.322230	1.994962	0.003436	0.6
554	-0.641758	212.974078	1.989404	0.004719	0.6
555	-0.609341	213.706472	1.983197	0.003814	0.6
556	-0.634252	213.650774	1.983667	0.005992	0.7
557	-0.636283	214.643660	1.975309	0.003231	0.7
558	-0.636951	215.643660	1.966962	0.004067	0.6
559	-0.628849	215.835573	1.965368	0.004378	0.5
560	-0.633009	216.835557	1.957105	0.005809	0.6
561	-0.622635	217.835557	1.948910	0.002623	0.6
562	-0.618975	218.834897	1.940790	0.002360	0.6
563	-0.625808	218.779319	1.941239	0.005913	0.6
564	-0.646589	218.724952	1.941680	0.003442	0.6
565	-0.639838	218.669254	1.942131	0.002802	0.6
566	-0.651549	218.631110	1.942440	0.002921	0.5
567	-0.620399	219.534450	1.935145	0.004939	0.5
568	-0.664526	220.534161	1.927136	0.004146	0.5
569	-0.639923	220.483846	1.927537	0.002923	0.5
570	-0.635294	220.443489	1.927859	0.002429	0.5
571	-0.658204	220.387824	1.928304	0.001788	0.5
572	-0.641088	220.492457	1.927468	0.006122	0.5
573	-0.659618	221.059842	1.922950	0.002188	0.6
574	-0.593239	221.004149	1.923393	0.002007	0.6
575	-0.642716	221.233296	1.921573	0.003577	0.6
576	-0.647853	221.764464	1.917369	0.005728	0.6
577	-0.633866	222.715923	1.909884	0.002967	0.6
578	-0.667380	222.660225	1.910320	0.003783	0.6
579	-0.674302	223.562410	1.903273	0.006413	0.6
580	-0.660747	224.561686	1.895528	0.001802	0.6
581	-0.661407	225.560995	1.887846	0.002959	0.6
582	-0.675506	225.505326	1.888272	0.003398	0.6
583	-0.619930	226.236995	1.882684	0.001733	0.6
584	-0.646792	226.183201	1.883093	0.004654	0.6
585	-0.613797	226.994824	1.876931	0.006721	0.7
586	-0.641162	227.994824	1.869393	0.001077	0.6
587	-0.641580	227.942180	1.869788	0.007157	0.6
588	-0.663045	228.935818	1.862354	0.003613	0.6
589	-0.648080	229.935818	1.854933	0.002782	0.5
590	-0.624017	230.684763	1.849413	0.004109	0.6
591	-0.634968	231.581275	1.842849	0.002034	0.5
592	-0.570745	232.371316	1.837102	0.003525	0.5
593	-0.646763	233.362616	1.829943	0.005560	0.6
594	-0.650117	233.721429	1.827365	0.004131	0.5
595	-0.637984	233.665730	1.827765	0.004372	0.5
596	-0.686677	234.665713	1.820616	0.003125	0.5
597	-0.648974	234.610061	1.821012	0.005852	0.5
598	-0.630622	235.609403	1.813921	0.002288	0.5
599	-0.649634	235.772811	1.812766	0.001212	0.6
600	-0.599909	235.809010	1.812511	0.002855	0.6
601	-0.661872	235.753857	1.812900	0.002560	0.6
602	-0.659280	235.703006	1.813259	0.004596	0.7
603	-0.656560	235.647313	1.813653	0.006667	0.6
604	-0.657382	236.647313	1.806613	0.005085	0.6
605	-0.640407	237.647313	1.799628	0.002768	0.6
606	-0.656310	238.647237	1.792698	0.001951	0.6
607	-0.654622	238.627146	1.792837	0.004722	0.6
608	-0.636528	238.571461	1.793221	0.003597	0.6
609	-0.605222	239.571453	1.786339	0.002883	0.5
610	-0.636711	240.562606	1.779570	0.004927	0.6
611	-0.617311	241.562383	1.772794	0.004107	0.6
612	-0.613253	241.506684	1.773170	0.003953	0.5
613	-0.635804	242.451368	1.766812	0.002848	0.6
614	-0.648845	242.395743	1.767185	0.003477	0.6
615	-0.634645	242.529915	1.766286	0.002091	0.5
616	-0.645379	243.356287	1.760764	0.003985	0.6
617	-0.658550	244.336005	1.754263	0.007318	0.6
618	-0.631155	245.336005	1.747676	0.004931	0.5
619	-0.638780	246.336005	1.741139	0.003555	0.6
620	-0.661561	246.280306	1.741502	0.001705	0.5
621	-0.654158	246.568495	1.739626	0.005471	0.5
622	-0.664713	246.514469	1.739977	0.001328	0.6
623	-0.616542	246.540461	1.739808	0.005844	0.6
624	-0.630177	246.485453	1.740166	0.003569	0.6
625	-0.638118	246.429755	1.740528	0.006858	0.6
626	-0.638743	247.429755	1.734044	0.003378	0.6
627	-0.639533	247.932227	1.730804	0.003271	0.6
628	-0.613103	248.925601	1.724435	0.004260	0.5
629	-0.621640	248.870114	1.724789	0.005404	0.5
630	-0.624736	248.816489	1.725132	0.003464	0.7
631	-0.648496	248.762497	1.725477	0.004893	0.7
632	-0.633649	248.726349	1.725709	0.004657	0.5
633	-0.625992	248.670650	1.726065	0.008083	0.5
634	-0.616781	248.632280	1.726311	0.006519	0.5
635	-0.648211	248.576581	1.726667	0.004947	0.7
636	-0.627920	249.547361	1.720472	0.002605	0.6
637	-0.683207	249.504180	1.720746	0.005052	0.7
638	-0.659357	250.503721	1.714411	0.004152	0.7
639	-0.637047	251.480309	1.708267	0.005049	0.6
640	-0.654674	251.424610	1.708616	0.001665	0.6
641	-0.656881	251.369176	1.708964	0.002484	0.6
642	-0.607728	251.324147	1.709246	0.005887	0.6
643	-0.678149	251.270848	1.709581	0.006002	0.6
644	-0.646118	251.225523	1.709866	0.001959	0.5
645	-0.648069	252.224792	1.703612	0.004872	0.6
646	-0.658248	252.626585	1.701111	0.004755	0.6
647	-0.640685	253.626584	1.694916	0.003913	0.6
648	-0.625500	254.626584	1.688767	0.002764	0.6
649	-0.641080	255.626405	1.682663	0.003725	0.6
650	-0.610714	255.628133	1.682653	0.002526	0.6
651	-0.644785	255.689985	1.682277	0.004541	0.6
652	-0.663488	256.689699	1.676220	0.002801	0.5
653	-0.654147	257.685672	1.670230	0.003346	0.6
654	-0.598891	257.634192	1.670538	0.004183	0.5
655	-0.666518	257.581459	1.670854	0.005656	0.6
656	-0.673113	257.527227	1.671180	0.003561	0.6
657	-0.630326	257.471529	1.671514	0.002056	0.5
658	-0.624615	257.416122	1.671847	0.006821	0.6
659	-0.658969	258.416074	1.665864	0.005370	0.5
660	-0.637837	258.360375	1.666196	0.005428	0.5
661	-0.638061	259.360366	1.660253	0.004637	0.5
662	-0.632278	259.304667	1.660583	0.003127	0.5
663	-0.649984	259.248972	1.660913	0.005377	0.5
664	-0.645799	259.193348	1.661242	0.004038	0.6
665	-0.634114	259.138749	1.661566	0.002826	0.6
666	-0.627377	259.100082	1.661796	0.001929	0.5
667	-0.643426	259.044603	1.662125	0.003332	0.5
668	-0.630915	259.889228	1.657127	0.006225	0.6
669	-0.625487	259.833529	1.657455	0.006187	0.6
670	-0.613959	260.833529	1.651575	0.003268	0.6
671	-0.628063	261.833089	1.645738	0.002907	0.6
672	-0.633364	262.832929	1.639940	0.006219	0.6
673	-0.606487	263.832929	1.634183	0.002940	0.6
674	-0.617546	264.832923	1.628466	0.001891	0.6
675	-0.657941	264.780481	1.628764	0.002771	0.6
676	-0.632064	264.913137	1.628009	0.005247	0.6
677	-0.633116	264.857640	1.628325	0.004683	0.6
678	-0.628194	265.857640	1.622648	0.006277	0.6
679	-0.616092	265.801948	1.622963	0.004956	0.6
680	-0.628607	266.251779	1.620422	0.003473	0.5
681	-0.642449	266.196279	1.620735	0.003084	0.5
682	-0.643260	266.140581	1.621049	0.005362	0.5
683	-0.640407	266.085053	1.621363	0.002982	0.5
684	-0.668335	266.036018	1.621640	0.003066	0.6
685	-0.637759	265.980321	1.621955	0.002021	0.7
686	-0.653129	266.279578	1.620265	0.002332	0.6
687	-0.646938	266.938074	1.616560	0.005381	0.6
688	-0.643940	266.882375	1.616872	0.000839	0.7
689	-0.664379	267.769406	1.611906	0.004093	0.5
690	-0.643194	268.079033	1.610179	0.004210	0.6
691	-0.620125	269.079033	1.604628	0.003357	0.6
692	-0.644827	270.078995	1.599116	0.003012	0.6
693	-0.656404	271.067566	1.593703	0.004995	0.6
694	-0.635095	271.011867	1.594007	0.002258	0.7
695	-0.636649	272.006643	1.588596	0.004255	0.6
696	-0.641874	271.950966	1.588898	0.005037	0.6
697	-0.654274	272.950966	1.583492	0.004399	0.7
698	-0.647318	273.950966	1.578124	0.002735	0.6
699	-0.668036	273.896283	1.578416	0.006428	0.6
700	-0.667207	274.864990	1.573248	0.004302	0.6
701	-0.626316	275.864989	1.567949	0.004918	0.5
702	-0.643626	275.809293	1.568243	0.003823	0.7
703	-0.625132	275.753594	1.568537	0.004018	0.5
704	-0.659099	275.701150	1.568815	0.004040	0.5
705	-0.670022	275.645451	1.569109	0.002543	0.5
706	-0.621675	275.607655	1.569309	0.007735	0.5
707	-0.630624	276.607655	1.564036	0.006969	0.5
708	-0.633289	276.551956	1.564329	0.001295	0.6
709	-0.616441	276.546797	1.564356	0.004964	0.6
710	-0.648315	277.541398	1.559144	0.002675	0.5
711	-0.662456	277.485882	1.559434	0.006148	0.5
712	-0.641784	277.430203	1.559725	0.004551	0.5
713	-0.641705	278.430203	1.554516	0.005745	0.5
714	-0.639171	278.374505	1.554805	0.004174	0.6
715	-0.653266	279.374505	1.549629	0.003667	0.6
716	-0.632180	279.318806	1.549916	0.005026	0.7
717	-0.625480	279.263107	1.550204	0.001844	0.6
718	-0.660797	279.207409	1.550492	0.004209	0.6
719	-0.644829	280.206941	1.545346	0.004282	0.5
720	-0.615681	280.151261	1.545632	0.003903	0.6
721	-0.632168	281.151256	1.540517	0.003797	0.5
722	-0.634959	281.095561	1.540801	0.002414	0.5
723	-0.637337	281.039868	1.541085	0.006500	0.6
724	-0.639970	282.039867	1.535999	0.006191	0.5
725	-0.621485	281.984168	1.536282	0.005467	0.5
726	-0.647911	281.928479	1.536564	0.003150	0.5
727	-0.649211	282.928138	1.531510	0.005174	0.6
728	-0.662842	282.872459	1.531791	0.002941	0.6
729	-0.681873	282.816805	1.532072	0.003408	0.5
730	-0.648862	283.770164	1.527279	0.005115	0.5
731	-0.626183	283.714465	1.527558	0.005211	0.5
732	-0.634195	284.714453	1.522562	0.002269	0.5
733	-0.630262	284.659456	1.522836	0.006260	0.6
734	-0.618217	284.604944	1.523107	0.004020	0.5
735	-0.650042	284.638216	1.522941	0.003586	0.6
736	-0.615862	284.595628	1.523154	0.004707	0.5
737	-0.638372	285.406489	1.519123	0.006020	0.6
738	-0.662731	286.406355	1.514182	0.003495	0.7
739	-0.641013	286.350656	1.514456	0.002883	0.7
740	-0.623698	286.967880	1.511421	0.003473	0.9
741	-0.623355	287.967614	1.506530	0.003144	0.6
742	-0.641127	288.878302	1.502103	0.004128	0.6
743	-0.638521	288.822604	1.502373	0.002630	0.6
744	-0.630650	288.779682	1.502581	0.004318	0.6
745	-0.642731	288.833879	1.502318	0.005233	0.6
746	-0.618324	289.833879	1.497485	0.004621	0.6
747	-0.655603	289.778181	1.497753	0.003972	0.6
748	-0.634081	289.738593	1.497944	0.007519	0.5
749	-0.635064	290.720964	1.493224	0.004004	0.6
750	-0.653791	291.720964	1.488449	0.006153	0.5
751	-0.628689	291.665269	1.488714	0.002473	0.6
752	-0.664802	291.609570	1.488979	0.005685	0.6
753	-0.639669	291.572947	1.489153	0.003154	0.6
754	-0.642107	291.517248	1.489419	0.005342	0.5
755	-0.624386	291.687576	1.488608	0.005461	0.5
756	-0.623761	292.687576	1.483862	0.004608	0.5
757	-0.645567	293.687576	1.479147	0.004040	0.5
758	-0.663036	293.632906	1.479404	0.002838	0.5
759	-0.652104	293.682521	1.479170	0.005144	0.8
760	-0.621994	294.570004	1.475011	0.004114	0.6
761	-0.656860	294.514305	1.475271	0.003706	0.6
762	-0.635114	294.458611	1.475531	0.007378	0.6
763	-0.651299	294.487095	1.475398	0.003805	0.6
764	-0.645529	294.693236	1.474435	0.006552	0.5
765	-0.642720	294.642429	1.474672	0.002790	0.6
766	-0.614840	295.642429	1.470015	0.002293	0.5
767	-0.658467	295.624265	1.470099	0.007166	0.6
768	-0.613042	295.569207	1.470355	0.006284	0.6
769	-0.628756	296.562614	1.465755	0.002597	0.5
770	-0.639385	296.506916	1.466012	0.001419	0.6
771	-0.650657	296.452634	1.466263	0.003639	0.6
772	-0.618981	297.089787	1.463326	0.003889	0.5
773	-0.653428	297.071788	1.463409	0.006826	0.6
774	-0.653743	297.935845	1.459444	0.003322	0.5
775	-0.629435	298.935845	1.454883	0.002993	0.5
776	-0.665030	298.880716	1.455133	0.005315	0.5
777	-0.646497	299.880716	1.450598	0.003350	0.5
778	-0.648797	300.880666	1.446092	0.004781	0.5
779	-0.628060	301.880666	1.441613	0.004207	0.5
780	-0.634374	302.880632	1.437162	0.003994	0.5
781	-0.655843	303.720179	1.433447	0.004654	0.6
782	-0.606189	303.665547	1.433688	0.004206	0.6
783	-0.660226	304.665535	1.429286	0.003322	0.6
784	-0.643990	305.633059	1.425052	0.004319	0.6
785	-0.673009	305.587635	1.425250	0.004388	0.6
786	-0.624984	306.587630	1.420899	0.003243	0.6
787	-0.657458	306.532134	1.421140	0.002089	0.5
788	-0.639703	307.135728	1.418526	0.005204	0.7
789	-0.636270	307.080029	1.418767	0.002633	0.5
790	-0.634714	308.052948	1.414572	0.002980	0.6
791	-0.655868	309.051621	1.410292	0.004785	0.5
792	-0.660199	309.789504	1.407146	0.005960	0.6
793	-0.617490	309.733984	1.407382	0.002663	0.5
794	-0.616455	310.691730	1.403318	0.004721	0.6
795	-0.668627	310.636032	1.403554	0.003257	0.5
796	-0.669350	310.904734	1.402418	0.012496	0.6
797	-0.637281	311.904733	1.398205	0.004362	0.5
798	-0.643476	312.904733	1.394018	0.000820	0.5
799	-0.609324	312.941399	1.393865	0.003383	0.5
800	-0.618826	312.892160	1.394070	0.004555	0.5
801	-0.662253	312.836780	1.394301	0.003092	0.5
802	-0.644072	312.867123	1.394175	0.002272	0.5
803	-0.667916	312.811515	1.394407	0.004235	0.6
804	-0.614055	312.755832	1.394640	0.003491	0.6
805	-0.646655	313.755831	1.390473	0.002802	0.6
806	-0.633882	313.700164	1.390705	0.005320	0.6
807	-0.614064	313.722018	1.390614	0.005755	0.6
808	-0.620587	314.722016	1.386472	0.004551	0.5
809	-0.644424	315.721962	1.382354	0.005426	0.6
810	-0.660667	316.721962	1.378261	0.004664	0.5
811	-0.629105	317.721962	1.374192	0.003994	0.5
812	-0.645015	317.666263	1.374418	0.002960	0.5
813	-0.608571	317.610566	1.374644	0.004546	0.5
814	-0.652080	318.601156	1.370635	0.003228	0.5
815	-0.634525	319.544099	1.366839	0.004252	0.5
816	-0.639963	319.488481	1.367063	0.003673	0.5
817	-0.646716	320.465183	1.363152	0.007579	0.5
818	-0.653538	321.465168	1.359172	0.004648	0.5
819	-0.636831	322.465168	1.355215	0.002268	0.5
820	-0.602575	323.461373	1.351295	0.004252	0.5
821	-0.652774	323.405887	1.351513	0.003749	0.5
822	-0.628757	323.350188	1.351732	0.003971	0.5
823	-0.655084	323.863277	1.349721	0.003377	0.5
824	-0.629029	324.857327	1.345841	0.002308	0.5
825	-0.631262	324.885165	1.345733	0.003910	0.6
826	-0.640652	324.836715	1.345922	0.002371	0.6
827	-0.659048	324.801119	1.346060	0.003843	0.7
828	-0.655619	325.791500	1.342216	0.003309	0.6
829	-0.660803	325.735823	1.342431	0.007172	0.5
830	-0.619328	325.680124	1.342647	0.004810	0.5
831	-0.645178	326.680124	1.338785	0.004340	0.6
832	-0.648019	326.624447	1.339000	0.005380	0.6
833	-0.609624	327.473870	1.335736	0.003238	0.5
834	-0.645199	328.162028	1.333103	0.003822	0.6
835	-0.657387	328.611470	1.331390	0.003550	0.5
836	-0.658683	328.555772	1.331602	0.002686	0.6
837	-0.625879	329.554747	1.327807	0.002459	0.5
838	-0.653394	329.548356	1.327831	0.004906	0.6
839	-0.611340	329.494145	1.328037	0.003566	0.5
840	-0.651676	329.438463	1.328248	0.004156	0.5
841	-0.631646	329.383886	1.328455	0.001807	0.5
842	-0.622735	329.338730	1.328626	0.004530	0.6
843	-0.657351	329.547034	1.327836	0.001468	0.6
844	-0.635438	329.495673	1.328031	0.002237	0.5
845	-0.648189	329.440950	1.328238	0.001277	0.5
846	-0.649794	329.392424	1.328422	0.006280	0.5
847	-0.628662	329.338554	1.328626	0.005502	0.5
848	-0.645075	330.338554	1.324845	0.002040	0.5
849	-0.671584	330.282855	1.325055	0.003100	0.6
850	-0.647121	330.227338	1.325264	0.006361	0.6
851	-0.657169	331.227338	1.321502	0.003538	0.6
852	-0.613389	332.224033	1.317773	0.003859	0.6
853	-0.666146	333.223977	1.314053	0.003124	0.5
854	-0.643216	333.168457	1.314259	0.002676	0.5
855	-0.662932	333.482898	1.313093	0.005673	0.6
856	-0.638040	334.482471	1.309401	0.003036	0.6
857	-0.613504	335.482385	1.305728	0.003452	0.6
858	-0.626528	336.418053	1.302310	0.003210	0.5
859	-0.630614	336.669216	1.301395	0.003545	0.6
860	-0.638594	336.613750	1.301597	0.004268	0.7
861	-0.609749	337.585698	1.298069	0.002275	0.5
862	-0.623155	338.279478	1.295563	0.003355	0.5
863	-0.668545	338.223794	1.295763	0.002826	0.5
864	-0.615198	338.168148	1.295964	0.005532	0.6
865	-0.661929	338.112449	1.296165	0.005913	0.5
866	-0.638491	338.056750	1.296366	0.005775	0.5
867	-0.641936	338.001052	1.296567	0.003312	0.5
868	-0.619305	337.945363	1.296769	0.003823	0.6
869	-0.627702	338.929547	1.293223	0.004728	0.5
870	-0.641825	339.807394	1.290076	0.004001	0.5
871	-0.632187	339.756997	1.290257	0.006298	0.6
872	-0.632146	340.756997	1.286690	0.003844	0.7
873	-0.622766	341.756997	1.283143	0.004408	0.6
874	-0.670318	342.589080	1.280206	0.005625	0.5
875	-0.688354	343.589080	1.276695	0.005619	0.6
876	-0.699314	344.589080	1.273203	0.006996	0.5
877	-0.639865	344.576380	1.273247	0.004665	0.6
878	-0.615377	345.574297	1.269781	0.005161	0.6
879	-0.647763	346.574297	1.266326	0.004759	0.6
880	-0.652124	347.574297	1.262891	0.002324	0.6
881	-0.650639	347.519143	1.263080	0.004104	0.6
882	-0.653578	347.463511	1.263270	0.004797	0.5
883	-0.641417	348.461224	1.259859	0.002080	0.5
884	-0.641676	348.734351	1.258928	0.005017	0.5
885	-0.633429	348.678658	1.259118	0.003763	0.5
886	-0.634462	349.678658	1.255721	0.004467	0.5
887	-0.673747	349.622959	1.255910	0.003343	0.5
888	-0.634122	349.567261	1.256099	0.001934	0.5
889	-0.665210	349.511576	1.256288	0.001647	0.5
890	-0.621604	349.489927	1.256361	0.006890	0.7
891	-0.650762	349.434487	1.256549	0.002859	0.5
892	-0.673623	350.423729	1.253202	0.004808	0.6
893	-0.641194	351.423663	1.249838	0.002708	0.6
894	-0.617438	351.367968	1.250024	0.007719	0.6
895	-0.615343	352.342275	1.246762	0.002454	0.6
896	-0.612430	353.340160	1.243439	0.004775	0.6
897	-0.621157	354.339875	1.240127	0.005655	0.5
898	-0.624776	354.284176	1.240311	0.006315	0.7
899	-0.669109	354.228478	1.240495	0.000873	0.5
900	-0.607451	354.179022	1.240659	0.003104	0.6
901	-0.657294	354.133750	1.240808	0.003411	0.7
902	-0.630495	354.166914	1.240699	0.003573	0.6
903	-0.630470	354.111223	1.240883	0.005255	0.6
904	-0.629759	354.914287	1.238232	0.003788	0.6
905	-0.643454	355.903275	1.234983	0.001552	0.6
906	-0.625691	355.967610	1.234772	0.001564	0.5
907	-0.618251	355.934992	1.234879	0.004208	0.6
908	-0.622086	355.879534	1.235061	0.005131	0.6
909	-0.620934	355.823835	1.235243	0.004308	0.6
910	-0.636885	356.823578	1.231975	0.003135	0.6
911	-0.634688	356.767906	1.232156	0.007074	0.6
912	-0.625265	356.713021	1.232335	0.002240	0.5
913	-0.631234	357.681788	1.229183	0.004261	0.5
914	-0.621699	357.944912	1.228329	0.003569	0.7
915	-0.644765	358.242961	1.227364	0.001527	0.6
916	-0.632590	358.472572	1.226621	0.002954	0.6
917	-0.613015	359.230326	1.224177	0.004899	0.7
918	-0.644381	360.228994	1.220970	0.002369	0.6
919	-0.617311	360.173304	1.221148	0.004940	0.6
920	-0.636123	361.172435	1.217956	0.002479	0.6
921	-0.644177	362.172424	1.214777	0.004227	0.6
922	-0.644180	362.116727	1.214954	0.005088	0.6
923	-0.656000	363.116727	1.211791	0.003282	0.6
924	-0.689264	364.114984	1.208650	0.005801	0.6
925	-0.659131	364.184035	1.208433	0.004095	0.8
926	-0.655542	365.184035	1.205304	0.003848	0.6
927	-0.652954	365.128339	1.205478	0.007061	0.6
928	-0.615977	365.072653	1.205651	0.002249	0.6
929	-0.618698	366.021929	1.202694	0.001933	0.6
930	-0.666346	365.969039	1.202859	0.005879	0.6
931	-0.631781	365.913347	1.203032	0.003007	0.6
932	-0.669650	365.858603	1.203202	0.009023	0.5
933	-0.624627	366.858603	1.200100	0.003023	0.7
934	-0.674464	367.858147	1.197015	0.005378	0.6
935	-0.636431	368.857844	1.193946	0.006328	0.6
936	-0.624956	369.785209	1.191112	0.004692	0.6
937	-0.648549	370.783551	1.188077	0.004399	0.6
938	-0.647202	370.728065	1.188245	0.005827	0.6
939	-0.613327	371.728065	1.185220	0.006587	0.6
940	-0.648138	371.672366	1.185388	0.001573	0.6
941	-0.642634	372.671490	1.182379	0.000658	0.5
942	-0.618646	372.636090	1.182486	0.003845	0.6
943	-0.668114	372.730443	1.182202	0.003217	0.6
944	-0.632435	373.730096	1.179208	0.003137	0.6
945	-0.606492	373.674450	1.179375	0.006168	0.7
946	-0.655236	373.618756	1.179541	0.004508	0.6
947	-0.613978	374.618755	1.176560	0.002857	0.7
948	-0.632864	374.563057	1.176725	0.004784	0.7
949	-0.637495	375.563052	1.173758	0.002327	0.6
950	-0.602734	376.339453	1.171465	0.005864	0.6
951	-0.639016	376.767533	1.170204	0.001706	0.6
952	-0.660410	376.711836	1.170368	0.002985	0.6
953	-0.610327	376.662354	1.170513	0.004392	0.5
954	-0.670259	377.509716	1.168024	0.004241	0.5
955	-0.616967	378.494676	1.165145	0.001830	0.6
956	-0.613273	378.439061	1.165307	0.005092	0.6
957	-0.628453	378.985116	1.163716	0.002326	0.6
958	-0.688042	379.985061	1.160814	0.003181	0.6
959	-0.630649	379.997713	1.160777	0.006300	0.6
960	-0.673052	380.997713	1.157890	0.005145	0.6
961	-0.644300	381.997713	1.155017	0.004858	0.6
962	-0.623261	382.997713	1.152158	0.002555	0.6
963	-0.642245	382.942136	1.152316	0.003364	0.6
964	-0.650328	382.886441	1.152475	0.007061	0.5
965	-0.635277	383.886441	1.149629	0.003465	0.5
966	-0.639861	384.876542	1.146824	0.006955	0.6
967	-0.626130	384.820844	1.146982	0.002123	0.6
968	-0.623859	385.048045	1.146340	0.005286	0.5
969	-0.606852	385.041176	1.146359	0.004669	0.6
970	-0.640216	385.477367	1.145129	0.003830	0.6
971	-0.642993	385.880123	1.143996	0.003333	0.6
972	-0.643011	385.848835	1.144084	0.004477	0.8
973	-0.628637	386.807664	1.141394	0.006351	0.6
974	-0.631046	386.751965	1.141550	0.003246	0.6
975	-0.626056	386.696266	1.141706	0.001939	0.7
976	-0.656857	386.739504	1.141584	0.005440	0.6
977	-0.631029	386.683852	1.141740	0.004848	0.6
978	-0.633562	387.548318	1.139324	0.005111	0.6
979	-0.636557	388.548318	1.136543	0.005713	0.6
980	-0.654259	389.548318	1.133774	0.002807	0.6
981	-0.641305	389.506236	1.133890	0.004182	0.6
982	-0.656063	389.450564	1.134044	0.008037	0.6
983	-0.643446	389.394953	1.134198	0.004593	0.6
984	-0.660884	390.352782	1.131557	0.002054	0.6
985	-0.616182	390.303509	1.131692	0.005805	0.6
986	-0.672022	391.303257	1.128948	0.001368	0.7
987	-0.661288	392.301796	1.126221	0.006943	0.7
988	-0.652114	393.239936	1.123670	0.003473	0.6
989	-0.628322	393.184239	1.123821	0.001804	0.6
990	-0.624374	393.144018	1.123930	0.002281	0.6
991	-0.655560	393.090738	1.124075	0.001910	0.6
992	-0.661489	393.125109	1.123982	0.005925	0.7
993	-0.617473	393.069412	1.124133	0.005119	0.6
994	-0.635935	393.013713	1.124284	0.003124	0.6
995	-0.645613	392.958069	1.124435	0.005220	0.8
996	-0.645472	393.958068	1.121726	0.005579	0.6
997	-0.635752	393.902369	1.121876	0.002800	0.6
998	-0.614253	393.846671	1.122027	0.006197	0.6
999	-0.620706	393.790991	1.122177	0.004764	0.6
Time spent in resolution 4 (ITK initialization and iterating): 0.745 s.
Stopping condition: Maximum number of iterations has been reached.
Settings of AdaptiveStochasticGradientDescent in resolution 4:
( SP_a 465.469072 )
( SP_A 20.000000 )
( SP_alpha 1.000000 )
( SigmoidMax 1.000000 )
( SigmoidMin -0.055699 )
( SigmoidScale 0.000001 )


Resolution: 5
WARNING: The parameter "ShowExactMetricValue", requested at entry number 5, does not exist at all.
  The default value "false" is used instead.
WARNING: The parameter "CheckNumberOfSamples", requested at entry number 5, does not exist at all.
  The default value "true" is used instead.
WARNING: The parameter "UseMultiThreadingForMetrics", requested at entry number 5, does not exist at all.
  The default value "true" is used instead.
Setting the fixed masks took: 0 ms.
Setting the moving masks took: 0 ms.
WARNING: The parameter "NumberOfFixedHistogramBins", requested at entry number 5, does not exist at all.
  The default value "32" is used instead.
WARNING: The parameter "NumberOfMovingHistogramBins", requested at entry number 5, does not exist at all.
  The default value "32" is used instead.
WARNING: The parameter "FixedLimitRangeRatio", requested at entry number 5, does not exist at all.
  The default value "0.01" is used instead.
WARNING: The parameter "MovingLimitRangeRatio", requested at entry number 5, does not exist at all.
  The default value "0.01" is used instead.
WARNING: The parameter "FixedKernelBSplineOrder", requested at entry number 5, does not exist at all.
  The default value "0" is used instead.
WARNING: The parameter "MovingKernelBSplineOrder", requested at entry number 5, does not exist at all.
  The default value "3" is used instead.
WARNING: The parameter "UseFastAndLowMemoryVersion", requested at entry number 5, does not exist at all.
  The default value "true" is used instead.
WARNING: The parameter "UseJacobianPreconditioning", requested at entry number 5, does not exist at all.
  The default value "false" is used instead.
WARNING: The parameter "FiniteDifferenceDerivative", requested at entry number 5, does not exist at all.
  The default value "false" is used instead.
WARNING: The parameter "SP_A", requested at entry number 5, does not exist at all.
  The default value "20" is used instead.
WARNING: The parameter "MaximumNumberOfSamplingAttempts", requested at entry number 5, does not exist at all.
  The default value "0" is used instead.
WARNING: The parameter "SigmoidInitialTime", requested at entry number 5, does not exist at all.
  The default value "0" is used instead.
WARNING: The parameter "MaxBandCovSize", requested at entry number 5, does not exist at all.
  The default value "192" is used instead.
WARNING: The parameter "NumberOfBandStructureSamples", requested at entry number 5, does not exist at all.
  The default value "10" is used instead.
WARNING: The parameter "UseAdaptiveStepSizes", requested at entry number 5, does not exist at all.
  The default value "true" is used instead.
WARNING: The parameter "AutomaticParameterEstimation", requested at entry number 5, does not exist at all.
  The default value "true" is used instead.
WARNING: The parameter "UseConstantStep", requested at entry number 5, does not exist at all.
  The default value "false" is used instead.
WARNING: The parameter "MaximumStepLengthRatio", requested at entry number 5, does not exist at all.
  The default value "1" is used instead.
WARNING: The parameter "MaximumStepLength", requested at entry number 5, does not exist at all.
  The default value "1" is used instead.
WARNING: The parameter "NumberOfGradientMeasurements", requested at entry number 5, does not exist at all.
  The default value "0" is used instead.
WARNING: The parameter "NumberOfJacobianMeasurements", requested at entry number 5, does not exist at all.
  The default value "1000" is used instead.
WARNING: The parameter "NumberOfSamplesForExactGradient", requested at entry number 5, does not exist at all.
  The default value "100000" is used instead.
WARNING: The parameter "SigmoidScaleFactor", requested at entry number 5, does not exist at all.
  The default value "0.1" is used instead.
Elastix initialization of all components (for this resolution) took: 1 ms.
  Computing the fixed image extrema took 0 ms.
  Computing the moving image extrema took 0 ms.
Initialization of AdvancedMattesMutualInformation metric took: 1 ms.
Starting automatic parameter estimation for AdaptiveStochasticGradientDescent ...
WARNING: The parameter "ASGDParameterEstimationMethod", requested at entry number 0, does not exist at all.
  The default value "Original" is used instead.
  Computing JacobianTerms ...
  Computing the Jacobian terms took 0.000290s
  NumberOfGradientMeasurements to estimate sigma_i: 9
  Sampling gradients ...
  Sampling the gradients took 0.076111s
Automatic parameter estimation took 0.08s
1:ItNr	2:Metric	3a:Time	3b:StepSize	4:||Gradient||	Time[ms]
0	-0.616804	0.000000	24.596471	0.011048	79.6
1	-0.634816	0.000000	24.596471	0.007225	0.7
2	-0.597283	0.000000	24.596471	0.002357	0.6
3	-0.585498	0.094484	24.486301	0.005955	0.6
4	-0.597249	0.000000	24.596471	0.004188	0.6
5	-0.579463	0.928973	23.554495	0.004521	0.6
6	-0.638752	0.772708	23.723548	0.005386	0.6
7	-0.622401	1.768290	22.686196	0.012190	0.6
8	-0.610684	2.768290	21.731723	0.004788	0.7
9	-0.629602	3.768290	20.854322	0.005383	0.5
10	-0.592184	4.399230	20.336281	0.009042	0.6
11	-0.608999	5.399160	19.565997	0.007383	0.6
12	-0.601088	5.232697	19.690156	0.007079	0.6
13	-0.591273	6.204548	18.986748	0.007297	0.6
14	-0.590693	6.035008	19.105816	0.006960	0.6
15	-0.630036	6.501142	18.781980	0.007964	0.6
16	-0.624443	7.501142	18.122989	0.008349	0.7
17	-0.564654	8.501102	17.508698	0.004813	0.7
18	-0.634134	9.501085	16.934673	0.004898	0.6
19	-0.603704	9.431593	16.973344	0.006758	0.6
20	-0.618366	9.282473	17.056926	0.009523	0.6
21	-0.608502	10.282473	16.511671	0.006316	0.6
22	-0.619168	10.112076	16.602103	0.004035	0.6
23	-0.644064	11.112035	16.085119	0.008634	0.6
24	-0.594704	10.941637	16.170927	0.004744	0.6
25	-0.598466	11.941575	15.680061	0.008576	0.6
26	-0.636368	11.771222	15.761569	0.006560	0.6
27	-0.622313	12.767421	15.296575	0.005584	0.6
28	-0.593455	13.263401	15.075150	0.008100	0.6
29	-0.593684	13.467831	14.985738	0.005509	0.6
30	-0.609051	14.387106	14.596444	0.005637	0.6
31	-0.624477	14.226709	14.662905	0.009683	0.6
32	-0.630169	15.226708	14.258151	0.012109	0.6
33	-0.591532	16.226708	13.875143	0.002037	0.6
34	-0.591360	17.226463	13.512260	0.007914	0.6
35	-0.600160	18.132887	13.199279	0.009678	0.7
36	-0.604176	19.132887	12.870390	0.008377	0.9
37	-0.600017	20.132887	12.557492	0.005597	0.6
38	-0.624520	19.962489	12.609729	0.009535	0.6
39	-0.616419	20.962489	12.309229	0.008409	0.6
40	-0.602763	20.792136	12.359404	0.005660	0.6
41	-0.633057	21.792136	12.070580	0.002201	0.6
42	-0.634129	22.260122	11.940001	0.004832	0.6
43	-0.646908	22.362435	11.911829	0.002903	0.6
44	-0.594216	22.309222	11.926464	0.007229	0.6
45	-0.585345	22.304325	11.927813	0.006981	0.6
46	-0.595200	22.133969	11.974922	0.006311	0.6
47	-0.611502	22.743672	11.808014	0.005753	0.6
48	-0.617626	23.743672	11.544110	0.005623	0.5
49	-0.600446	24.743665	11.291747	0.011173	0.6
50	-0.616055	25.743652	11.050183	0.007383	0.6
51	-0.625211	26.743404	10.818791	0.005206	0.6
52	-0.631578	27.743056	10.596912	0.005548	0.5
53	-0.596073	27.572708	10.634076	0.006708	0.6
54	-0.629916	27.460050	10.658798	0.009406	0.5
55	-0.602253	28.460050	10.443295	0.010280	0.8
56	-0.616242	28.289653	10.479398	0.008544	0.6
57	-0.607723	29.289653	10.271017	0.002692	0.6
58	-0.584899	30.111458	10.105873	0.006365	0.6
59	-0.622121	31.108992	9.912414	0.004017	0.6
60	-0.636914	30.938595	9.944934	0.003362	0.6
61	-0.595610	31.491259	9.840227	0.008233	0.6
62	-0.611767	31.350031	9.866773	0.006188	0.6
63	-0.626611	31.179634	9.898994	0.005614	0.6
64	-0.593167	31.009263	9.931421	0.007043	0.6
65	-0.623672	32.009263	9.744068	0.007037	0.6
66	-0.601303	31.838866	9.775492	0.008699	0.6
67	-0.604223	31.830426	9.777053	0.009292	0.6
68	-0.580482	31.660625	9.808579	0.005303	0.6
69	-0.603347	31.491108	9.840255	0.004850	0.6
70	-0.596265	32.425474	9.668157	0.007524	0.6
71	-0.585767	32.276895	9.695120	0.005911	0.6
72	-0.623467	33.276828	9.516508	0.002001	0.5
73	-0.599584	34.180336	9.360688	0.005346	0.5
74	-0.627399	34.262014	9.346852	0.003427	0.5
75	-0.601307	35.250911	9.182534	0.005797	0.5
76	-0.589334	35.093877	9.208240	0.002830	0.6
77	-0.597589	36.066883	9.051237	0.004822	0.6
78	-0.595529	35.966613	9.067169	0.006689	0.7
79	-0.604853	36.356156	9.005588	0.010194	0.6
80	-0.622999	37.356156	8.851267	0.003625	0.6
81	-0.593248	37.190593	8.876450	0.002660	0.6
82	-0.610993	37.021938	8.902252	0.005669	0.6
83	-0.586227	36.853905	8.928108	0.005336	0.6
84	-0.598335	37.451574	8.836818	0.003529	0.6
85	-0.591334	38.436974	8.690313	0.005121	0.6
86	-0.589925	39.434206	8.546913	0.008137	0.6
87	-0.622393	39.263809	8.571079	0.002877	0.6
88	-0.610290	40.263710	8.431189	0.004813	0.6
89	-0.586275	41.250400	8.297551	0.006184	0.6
90	-0.599369	42.218800	8.170448	0.004701	0.6
91	-0.613031	42.048443	8.192524	0.009883	0.6
92	-0.589196	41.882382	8.214159	0.009748	0.6
93	-0.595242	42.882382	8.085577	0.004446	0.6
94	-0.607239	42.711994	8.107200	0.005174	0.6
95	-0.614370	42.541619	8.128938	0.006061	0.6
96	-0.624575	42.371222	8.150796	0.004109	0.6
97	-0.590549	42.205626	8.172151	0.008536	0.8
98	-0.615028	42.035229	8.194242	0.006329	0.7
99	-0.569301	42.505177	8.133603	0.003377	0.7
100	-0.594742	43.504949	8.007539	0.003757	0.7
101	-0.636070	43.437177	8.015961	0.008843	0.6
102	-0.593828	43.267179	8.037165	0.004931	0.6
103	-0.587418	43.096781	8.058531	0.003378	0.6
104	-0.573087	43.557190	8.001059	0.006624	0.6
105	-0.620982	43.396024	8.021084	0.003706	0.6
106	-0.640441	43.225627	8.042364	0.009523	0.6
107	-0.593553	44.225625	7.919064	0.005514	0.5
108	-0.604711	44.055228	7.939806	0.006003	0.6
109	-0.632595	45.055228	7.819606	0.008307	0.6
110	-0.581827	44.884941	7.839817	0.007763	0.6
111	-0.609960	45.884941	7.722604	0.007151	0.6
112	-0.624233	46.883645	7.608989	0.005533	0.6
113	-0.643349	46.713266	7.628134	0.008615	0.6
114	-0.585323	47.713236	7.517124	0.003040	0.6
115	-0.619414	47.542969	7.535797	0.007400	0.6
116	-0.597744	47.932633	7.493198	0.008158	0.6
117	-0.630342	47.762236	7.511767	0.007102	0.5
118	-0.577417	48.762236	7.404090	0.007430	0.8
119	-0.631883	48.591852	7.422218	0.010107	0.7
120	-0.626936	49.227730	7.355013	0.009121	0.6
121	-0.607410	50.226266	7.251902	0.005374	0.6
122	-0.637831	50.056295	7.269249	0.005564	0.6
123	-0.613642	50.824052	7.191545	0.005139	0.6
124	-0.567249	50.702992	7.203687	0.007548	0.5
125	-0.605849	51.702992	7.104603	0.007295	0.7
126	-0.610860	52.698361	7.008648	0.003105	0.6
127	-0.638370	53.551428	6.928451	0.005005	0.7
128	-0.632169	53.381903	6.944241	0.005482	0.5
129	-0.621534	54.345386	6.855442	0.005947	0.6
130	-0.584652	54.193968	6.869246	0.007127	0.6
131	-0.618676	55.193929	6.779095	0.011905	0.6
132	-0.590222	55.023531	6.794290	0.002063	0.6
133	-0.658966	54.853551	6.809515	0.005956	0.6
134	-0.583072	55.800455	6.725558	0.007051	0.6
135	-0.550149	56.800455	6.639111	0.002361	0.6
136	-0.621703	56.673545	6.649959	0.004737	0.5
137	-0.622447	56.506110	6.664325	0.006420	0.6
138	-0.620426	57.506084	6.579438	0.004765	0.6
139	-0.579671	58.506083	6.496684	0.009632	0.6
140	-0.573030	58.335729	6.510634	0.004969	0.6
141	-0.625415	59.335727	6.429591	0.006087	0.6
142	-0.601069	59.231261	6.437963	0.006138	0.5
143	-0.603678	59.060864	6.451665	0.006507	0.6
144	-0.606715	58.890550	6.465419	0.008291	0.6
145	-0.598055	59.888246	6.385673	0.001815	0.6
146	-0.616751	59.718204	6.399125	0.004501	0.6
147	-0.626508	60.509515	6.337001	0.008195	0.6
148	-0.602032	60.426126	6.343491	0.003513	0.7
149	-0.587432	61.284087	6.277349	0.003929	0.6
150	-0.630776	62.278850	6.202366	0.005129	0.6
151	-0.585179	63.268029	6.129559	0.000974	0.6
152	-0.617523	63.115742	6.140657	0.002418	0.6
153	-0.599599	63.028898	6.147003	0.007411	0.5
154	-0.595614	62.873317	6.158405	0.003858	0.6
155	-0.599546	63.872441	6.085908	0.003361	0.5
156	-0.570717	64.785071	6.021163	0.005612	0.5
157	-0.610732	65.745770	5.954479	0.005070	0.6
158	-0.637806	65.641255	5.961662	0.003155	0.6
159	-0.647568	66.636685	5.893946	0.002851	0.6
160	-0.605771	66.479736	5.904520	0.005955	0.6
161	-0.570596	66.319286	5.915370	0.006493	0.7
162	-0.588601	66.148899	5.926935	0.001849	0.6
163	-0.603779	65.982925	5.938245	0.003478	0.6
164	-0.629499	66.361276	5.912527	0.006381	0.6
165	-0.631621	66.806759	5.882530	0.005058	0.6
166	-0.602452	66.636362	5.893968	0.003032	0.6
167	-0.603807	67.630034	5.827888	0.005194	0.6
168	-0.621834	67.663822	5.825667	0.005155	0.6
169	-0.580533	68.648682	5.761667	0.006648	0.6
170	-0.597334	68.478285	5.772640	0.004338	0.6
171	-0.625755	68.307905	5.783653	0.009620	0.6
172	-0.627798	69.307878	5.719611	0.004409	0.6
173	-0.616817	70.307852	5.656971	0.004179	0.6
174	-0.627177	71.281411	5.597291	0.004000	0.5
175	-0.597450	71.947043	5.557206	0.006555	0.6
176	-0.603683	72.944644	5.498194	0.006457	0.5
177	-0.631122	73.944375	5.440300	0.006050	0.6
178	-0.611225	73.903287	5.442655	0.002765	0.6
179	-0.592761	73.763015	5.450712	0.006882	0.6
180	-0.643186	73.625594	5.458628	0.003523	0.7
181	-0.584689	74.625393	5.401556	0.002274	0.6
182	-0.601327	74.536991	5.406554	0.007163	0.6
183	-0.619515	74.368562	5.416102	0.003649	0.6
184	-0.618806	74.198717	5.425765	0.006891	0.6
185	-0.584506	75.197186	5.369449	0.002828	0.6
186	-0.592510	75.027166	5.378956	0.004638	0.5
187	-0.566352	74.857338	5.388486	0.004891	0.6
188	-0.593651	74.686947	5.398081	0.011818	0.6
189	-0.610950	75.373795	5.359609	0.003358	0.6
190	-0.626248	76.371910	5.304670	0.003585	0.6
191	-0.585441	76.567680	5.294027	0.006993	0.6
192	-0.634300	76.401877	5.303038	0.006563	0.6
193	-0.623708	76.231480	5.312332	0.005532	0.6
194	-0.587027	76.061082	5.321658	0.003260	0.6
195	-0.617734	76.356708	5.305499	0.006793	0.6
196	-0.572980	77.356667	5.251560	0.004882	0.6
197	-0.627764	77.961754	5.219450	0.002352	0.6
198	-0.592488	77.792917	5.228370	0.003679	0.6
199	-0.587320	78.506746	5.190863	0.008520	0.6
200	-0.629008	78.336349	5.199767	0.008298	0.6
201	-0.607827	78.167360	5.208628	0.008403	0.7
202	-0.606277	79.167360	5.156629	0.004742	0.6
203	-0.600542	80.167357	5.105658	0.011116	0.6
204	-0.582013	81.167357	5.055684	0.008840	0.6
205	-0.580449	82.167357	5.006679	0.002871	0.7
206	-0.606204	82.003183	5.014659	0.009700	0.5
207	-0.638601	82.997810	4.966700	0.005166	0.6
208	-0.615756	82.831890	4.974636	0.006240	0.6
209	-0.635474	82.731074	4.979471	0.007187	0.5
210	-0.587687	83.731074	4.931926	0.004654	0.5
211	-0.605328	84.731074	4.885280	0.006195	0.6
212	-0.595039	85.723906	4.839833	0.005872	0.5
213	-0.580722	86.723751	4.794912	0.004466	0.5
214	-0.599073	86.561400	4.802149	0.006513	0.6
215	-0.627190	86.391458	4.809748	0.005606	0.7
216	-0.634596	87.244483	4.771845	0.003617	0.6
217	-0.615713	87.790125	4.747912	0.005541	0.6
218	-0.584569	88.568071	4.714201	0.007622	0.7
219	-0.605216	88.398984	4.721487	0.009338	0.6
220	-0.590949	89.398984	4.678720	0.007546	0.6
221	-0.609892	90.398982	4.636720	0.008503	0.7
222	-0.610306	91.398982	4.595468	0.005639	0.6
223	-0.586494	91.228961	4.602430	0.005682	0.6
224	-0.587334	91.058565	4.609428	0.008746	0.6
225	-0.591044	91.189480	4.604049	0.006078	0.6
226	-0.602716	91.019083	4.611053	0.006346	0.6
227	-0.610232	91.950120	4.573044	0.002566	0.6
228	-0.626733	91.966486	4.572382	0.005385	0.6
229	-0.606693	91.876933	4.576009	0.004273	0.6
230	-0.649606	91.731855	4.581898	0.007134	0.6
231	-0.602677	92.702651	4.542778	0.003150	0.6
232	-0.614756	92.532268	4.549595	0.004260	0.6
233	-0.598879	93.018839	4.530180	0.007454	0.6
234	-0.625531	92.848465	4.536960	0.004073	0.6
235	-0.625513	92.678123	4.543758	0.007041	0.6
236	-0.579352	92.671345	4.544029	0.004806	0.6
237	-0.590224	93.671304	4.504404	0.004134	0.7
238	-0.618051	94.670308	4.465501	0.004780	0.7
239	-0.601853	94.500877	4.472052	0.005886	0.7
240	-0.642645	94.340199	4.478282	0.005195	0.6
241	-0.637632	95.340192	4.439789	0.006062	0.7
242	-0.566549	96.337756	4.402043	0.006585	0.7
243	-0.651980	96.311952	4.403012	0.004791	0.6
244	-0.570403	96.141663	4.409412	0.005645	0.6
245	-0.642202	96.077499	4.411829	0.015067	0.6
246	-0.638834	97.077499	4.374465	0.008120	0.6
247	-0.620781	98.077499	4.337729	0.009103	0.6
248	-0.605712	99.016637	4.303786	0.004853	0.6
249	-0.602219	100.004610	4.268646	0.009269	0.6
250	-0.583512	99.834332	4.274662	0.007189	0.6
251	-0.590983	99.729946	4.278358	0.003925	0.6
252	-0.597330	100.723668	4.243430	0.005713	0.6
253	-0.597325	101.497003	4.216641	0.002560	0.6
254	-0.595963	101.994545	4.199584	0.006400	0.6
255	-0.618851	102.989737	4.165876	0.001892	0.6
256	-0.578622	102.828319	4.171307	0.006602	0.6
257	-0.618087	103.388893	4.152508	0.004467	0.6
258	-0.609066	104.157279	4.127014	0.007932	0.6
259	-0.598305	105.156132	4.094338	0.004982	0.6
260	-0.605359	106.156132	4.062139	0.006799	0.6
261	-0.582973	105.985735	4.067590	0.006771	0.7
262	-0.633090	106.793768	4.041871	0.006591	0.6
263	-0.598156	107.793735	4.010489	0.004006	0.8
264	-0.614859	108.793186	3.979607	0.002998	0.6
265	-0.594590	108.623633	3.984813	0.004895	0.6
266	-0.597274	108.626981	3.984710	0.008096	0.6
267	-0.608158	108.456586	3.989955	0.006840	0.6
268	-0.604367	108.286188	3.995213	0.008322	0.6
269	-0.603958	108.115791	4.000486	0.003138	0.6
270	-0.646534	109.026810	3.972457	0.009280	0.6
271	-0.623467	108.857476	3.977637	0.004754	0.7
272	-0.583247	108.724991	3.981699	0.005358	0.6
273	-0.636338	109.723736	3.951279	0.003760	0.6
274	-0.582423	109.710534	3.951678	0.007806	0.6
275	-0.620142	109.540137	3.956836	0.007528	0.6
276	-0.632298	110.540136	3.926755	0.006541	0.6
277	-0.620422	110.373041	3.931750	0.004650	0.6
278	-0.593994	111.372029	3.902077	0.005383	0.6
279	-0.600150	112.319609	3.874343	0.005497	0.6
280	-0.602264	112.450232	3.870551	0.006041	0.5
281	-0.587106	112.279851	3.875499	0.004425	0.6
282	-0.606115	113.257248	3.847285	0.002430	0.6
283	-0.630995	114.222538	3.819821	0.006695	0.6
284	-0.602771	114.052305	3.824636	0.007612	1.0
285	-0.633238	113.881911	3.829467	0.006643	0.7
286	-0.600703	113.711514	3.834311	0.010271	0.6
287	-0.596792	114.711514	3.806058	0.005503	0.7
288	-0.592103	115.711514	3.778218	0.006922	0.6
289	-0.600453	116.711512	3.750782	0.007625	0.6
290	-0.611799	117.711509	3.723742	0.004963	0.6
291	-0.577843	117.542381	3.728288	0.002392	0.6
292	-0.632860	118.157009	3.711821	0.010058	0.6
293	-0.603725	119.150987	3.685496	0.007115	0.6
294	-0.591754	120.150987	3.659386	0.005427	0.8
295	-0.634260	119.980591	3.663809	0.003457	0.6
296	-0.607843	119.883279	3.666339	0.007330	0.9
297	-0.637661	119.712889	3.670779	0.008908	0.8
298	-0.570687	119.543949	3.675191	0.006219	0.6
299	-0.570763	119.373552	3.679652	0.008756	0.6
300	-0.590426	119.203155	3.684125	0.005055	0.6
301	-0.624580	119.032758	3.688608	0.004070	0.6
302	-0.613411	118.883920	3.692532	0.003477	1.1
303	-0.617285	118.715212	3.696991	0.007281	0.9
304	-0.609537	119.694388	3.671262	0.005035	0.7
305	-0.594774	119.524000	3.675713	0.003751	0.6
306	-0.631580	120.522793	3.649772	0.008706	0.9
307	-0.609291	121.522793	3.624163	0.003203	1.0
308	-0.627599	121.356112	3.628407	0.006159	0.6
309	-0.581826	121.369074	3.628076	0.005276	0.6
310	-0.605329	121.198684	3.632424	0.009665	0.6
311	-0.612314	122.198649	3.607058	0.002088	0.6
312	-0.591784	122.738489	3.593511	0.006803	0.6
313	-0.619438	123.270577	3.580258	0.004080	0.6
314	-0.635831	123.443114	3.575981	0.002479	0.6
315	-0.631823	123.301855	3.579482	0.004990	0.6
316	-0.613229	123.292918	3.579704	0.005767	0.6
317	-0.590201	123.214902	3.581640	0.004597	0.6
318	-0.602514	123.045192	3.585860	0.006846	0.6
319	-0.597339	123.994797	3.562375	0.004465	0.6
320	-0.618532	123.824402	3.566567	0.004475	0.7
321	-0.624344	124.813298	3.542379	0.006330	0.7
322	-0.582735	124.642937	3.546522	0.004683	0.7
323	-0.628484	125.642749	3.522342	0.003683	0.7
324	-0.612290	125.473071	3.526422	0.006725	0.6
325	-0.581627	125.302674	3.530529	0.005615	0.6
326	-0.613054	126.302619	3.506563	0.003808	0.6
327	-0.576541	126.140737	3.510421	0.005312	0.6
328	-0.566756	127.090578	3.487905	0.006115	0.6
329	-0.559562	128.090307	3.464517	0.006161	0.6
330	-0.615879	129.090305	3.441434	0.004558	0.6
331	-0.623792	128.919908	3.445346	0.007898	0.6
332	-0.594879	128.749788	3.449260	0.004036	0.7
333	-0.590008	128.579924	3.453177	0.004020	0.7
334	-0.618875	128.418091	3.456917	0.008509	0.6
335	-0.618532	129.406104	3.434208	0.010517	0.6
336	-0.588525	130.406045	3.411528	0.004305	0.6
337	-0.601605	131.400446	3.389268	0.003344	0.6
338	-0.579012	132.354848	3.368175	0.002456	0.6
339	-0.593668	132.217899	3.371185	0.001829	0.6
340	-0.601200	132.728876	3.359980	0.004809	0.6
341	-0.624192	133.151836	3.350761	0.009895	0.7
342	-0.610403	134.150147	3.329200	0.004049	0.7
343	-0.600381	135.150147	3.307880	0.005488	0.7
344	-0.607714	134.980834	3.311470	0.006443	0.7
345	-0.607125	134.819338	3.314902	0.009207	0.6
346	-0.615459	135.724860	3.295750	0.003786	0.6
347	-0.598622	135.554463	3.299337	0.007958	0.6
348	-0.609087	136.554420	3.278397	0.008115	0.6
349	-0.639695	136.384023	3.281946	0.004379	0.6
350	-0.612232	137.384022	3.261225	0.004690	0.6
351	-0.618938	138.383777	3.240768	0.007419	0.6
352	-0.612250	139.362786	3.220984	0.004005	0.6
353	-0.616903	139.227615	3.223701	0.005215	0.6
354	-0.598692	139.057295	3.227131	0.004927	0.6
355	-0.622905	138.889467	3.230519	0.004678	0.6
356	-0.577248	139.885972	3.210509	0.003091	0.6
357	-0.604626	139.786547	3.212494	0.007606	0.6
358	-0.587496	140.100703	3.206230	0.005857	0.6
359	-0.578054	139.932298	3.209585	0.004165	0.6
360	-0.636111	139.766359	3.212898	0.007068	0.6
361	-0.656005	139.602751	3.216171	0.004827	0.6
362	-0.618835	139.432355	3.219587	0.006067	0.6
363	-0.598552	139.634511	3.215535	0.006963	0.7
364	-0.614839	140.566558	3.196985	0.004449	0.8
365	-0.610480	140.405255	3.200180	0.006237	0.7
366	-0.618336	140.248109	3.203299	0.009029	0.7
367	-0.613707	140.120293	3.205840	0.002912	0.6
368	-0.627019	141.067247	3.187108	0.007642	0.6
369	-0.585919	141.800337	3.172757	0.007149	0.6
370	-0.598244	141.629940	3.176081	0.004580	0.6
371	-0.604572	141.704421	3.174627	0.007541	0.6
372	-0.600041	141.537752	3.177883	0.005872	0.6
373	-0.607223	142.537001	3.158465	0.005290	0.6
374	-0.574796	143.524687	3.139504	0.006328	0.6
375	-0.606798	144.524677	3.120537	0.006127	0.6
376	-0.604353	145.522986	3.101829	0.002408	0.6
377	-0.604965	146.461349	3.084448	0.005319	0.6
378	-0.631618	146.532470	3.083139	0.004552	0.6
379	-0.623389	146.365146	3.086221	0.007442	0.6
380	-0.621808	146.194749	3.089367	0.004638	0.5
381	-0.638818	146.025213	3.092503	0.005861	0.6
382	-0.610708	145.858863	3.095586	0.006675	0.6
383	-0.601003	146.857634	3.077167	0.006995	0.6
384	-0.625730	147.857632	3.058943	0.005686	0.6
385	-0.563936	147.687235	3.062033	0.004098	0.6
386	-0.609240	147.870413	3.058712	0.005316	0.6
387	-0.627622	147.705169	3.061708	0.006974	0.6
388	-0.626053	147.534781	3.064803	0.003518	0.6
389	-0.572591	147.366830	3.067860	0.004305	0.6
390	-0.605840	147.196776	3.070962	0.004278	0.6
391	-0.613202	148.106689	3.054438	0.001326	0.6
392	-0.611293	147.990444	3.056539	0.004170	0.6
393	-0.599706	147.836519	3.059326	0.006030	0.6
394	-0.649986	148.706738	3.043638	0.005405	0.6
395	-0.584165	148.536341	3.046697	0.008192	0.5
396	-0.563967	149.533054	3.028890	0.006719	0.5
397	-0.594444	149.362823	3.031917	0.007701	0.6
398	-0.598222	150.362823	3.014224	0.007542	0.6
399	-0.602557	151.311017	2.997637	0.005055	0.6
400	-0.623917	151.141789	3.000584	0.002297	0.6
401	-0.603259	152.121566	2.983602	0.004868	0.6
402	-0.615474	152.322671	2.980140	0.008748	0.6
403	-0.603041	152.152276	2.983073	0.006372	0.7
404	-0.596604	151.981879	2.986012	0.005389	0.7
405	-0.621568	152.895989	2.970315	0.005820	0.7
406	-0.605840	153.893454	2.953375	0.010453	0.6
407	-0.607339	154.890856	2.936627	0.005611	0.6
408	-0.592311	155.109919	2.932974	0.006799	0.6
409	-0.626547	154.939524	2.935815	0.003575	0.6
410	-0.587443	155.939505	2.919223	0.002371	0.6
411	-0.604807	155.778534	2.921881	0.002167	0.6
412	-0.598185	155.749382	2.922363	0.008994	0.6
413	-0.586345	155.585822	2.925070	0.004290	0.6
414	-0.603832	155.962879	2.918838	0.003747	0.6
415	-0.622531	156.502304	2.909967	0.009034	0.6
416	-0.609524	156.895976	2.903528	0.008535	0.6
417	-0.601694	157.895852	2.887299	0.002490	0.6
418	-0.572316	157.893390	2.887339	0.008619	0.5
419	-0.574090	158.819541	2.872468	0.006607	0.6
420	-0.597300	158.649144	2.875193	0.003579	0.5
421	-0.601492	158.482099	2.877869	0.004811	0.5
422	-0.626158	158.312231	2.880595	0.006532	0.6
423	-0.570585	158.244218	2.881688	0.003141	0.5
424	-0.641999	158.074635	2.884417	0.007084	0.6
425	-0.623896	158.032974	2.885088	0.009196	0.6
426	-0.598939	157.863621	2.887820	0.004862	0.6
427	-0.616402	158.863621	2.871764	0.007958	0.6
428	-0.590674	158.693226	2.874487	0.006099	0.6
429	-0.614755	158.522829	2.877216	0.004805	0.5
430	-0.614131	158.352432	2.879949	0.010735	0.6
431	-0.598491	158.182035	2.882688	0.004714	0.6
432	-0.573137	159.182035	2.866689	0.006742	0.6
433	-0.614843	160.179246	2.850911	0.006519	0.6
434	-0.600125	160.008848	2.853595	0.002939	0.6
435	-0.626754	160.913644	2.839402	0.002491	0.6
436	-0.610004	161.419882	2.831522	0.007514	0.5
437	-0.571804	161.508221	2.830151	0.004882	0.5
438	-0.599763	162.493063	2.814961	0.006552	0.6
439	-0.613614	162.403165	2.816341	0.004949	0.6
440	-0.599203	162.233904	2.818943	0.003544	0.6
441	-0.571835	162.063599	2.821565	0.003599	0.6
442	-0.591171	161.895692	2.824156	0.005908	0.5
443	-0.617273	162.895171	2.808806	0.008719	0.6
444	-0.624288	163.895149	2.793615	0.004693	0.6
445	-0.604084	163.724881	2.796190	0.009544	0.6
446	-0.573709	163.554483	2.798772	0.004089	0.7
447	-0.632699	164.551316	2.783736	0.003794	0.6
448	-0.629950	164.394933	2.786084	0.005946	0.7
449	-0.611892	164.229422	2.788574	0.005579	0.6
450	-0.639487	165.229410	2.773600	0.008501	0.6
451	-0.617172	165.059743	2.776129	0.006158	0.6
452	-0.614469	164.889346	2.778674	0.005184	0.5
453	-0.617864	165.889344	2.763806	0.006141	0.6
454	-0.600832	165.718967	2.766328	0.005238	0.7
455	-0.631415	165.548570	2.768855	0.007496	0.6
456	-0.567749	166.548503	2.754092	0.004043	0.6
457	-0.596191	166.378106	2.756597	0.005742	0.6
458	-0.586916	167.336645	2.742567	0.005371	0.6
459	-0.626151	167.175465	2.744916	0.007271	0.6
460	-0.587280	167.090759	2.746152	0.005829	0.6
461	-0.602802	166.929223	2.748513	0.005689	0.6
462	-0.589155	166.758826	2.751007	0.003704	0.6
463	-0.586542	167.703074	2.737242	0.006543	0.6
464	-0.585480	168.165271	2.730553	0.007566	0.6
465	-0.636216	167.994873	2.733015	0.008141	0.6
466	-0.621960	168.920779	2.719691	0.007662	0.6
467	-0.614735	168.750382	2.722134	0.012492	0.6
468	-0.621993	169.750382	2.707863	0.004064	0.6
469	-0.650175	169.579987	2.710284	0.007132	0.6
470	-0.583814	170.579954	2.696137	0.012421	0.7
471	-0.593282	170.409557	2.698538	0.004116	0.6
472	-0.594388	170.468357	2.697709	0.005023	0.5
473	-0.579637	170.298091	2.700110	0.002297	0.6
474	-0.619457	170.137555	2.702378	0.005583	0.6
475	-0.624604	169.970780	2.704738	0.004015	0.5
476	-0.593756	170.970690	2.690650	0.008909	0.7
477	-0.624238	170.800292	2.693040	0.004002	0.6
478	-0.583396	170.630226	2.695430	0.005805	0.7
479	-0.594675	171.629030	2.681454	0.005601	0.6
480	-0.572599	172.619725	2.667734	0.005045	0.6
481	-0.581401	172.450154	2.670072	0.006305	0.6
482	-0.622803	173.439087	2.656492	0.008133	0.7
483	-0.581936	174.391358	2.643545	0.003449	0.6
484	-0.572875	175.390914	2.630091	0.005973	0.6
485	-0.631438	176.383833	2.616860	0.004535	0.6
486	-0.589017	177.382489	2.603687	0.005274	0.6
487	-0.602698	178.358743	2.590937	0.007580	0.6
488	-0.605340	179.358332	2.578011	0.004544	0.6
489	-0.616934	180.358332	2.565207	0.004052	0.6
490	-0.625083	180.187969	2.567380	0.009277	0.6
491	-0.589497	181.187961	2.554682	0.004580	0.5
492	-0.626235	181.017564	2.556837	0.006683	0.6
493	-0.595048	181.972733	2.544804	0.003402	0.6
494	-0.614205	182.793981	2.534549	0.005505	0.6
495	-0.608922	182.625870	2.536642	0.003770	0.6
496	-0.585326	183.625647	2.524248	0.006845	0.6
497	-0.606445	183.481907	2.526022	0.003790	0.6
498	-0.602029	184.453490	2.514077	0.008789	0.7
499	-0.627376	184.283095	2.516164	0.004555	0.6
500	-0.568737	185.283042	2.503967	0.008762	0.6
501	-0.655209	185.112645	2.506037	0.009524	0.6
502	-0.569294	186.109695	2.493973	0.005323	0.6
503	-0.600922	187.109558	2.481990	0.008775	0.6
504	-0.615114	186.939183	2.484024	0.004227	0.6
505	-0.575005	187.093402	2.482183	0.005512	0.6
506	-0.595033	186.923007	2.484217	0.004050	0.6
507	-0.595109	186.765134	2.486105	0.004748	0.7
508	-0.629595	187.758831	2.474271	0.005516	0.6
509	-0.588260	188.431433	2.466325	0.005569	0.6
510	-0.601682	189.431414	2.454604	0.007443	0.7
511	-0.603947	189.274851	2.456432	0.006391	0.5
512	-0.605848	190.274851	2.444805	0.008569	0.6
513	-0.587580	190.125781	2.446532	0.007618	0.6
514	-0.621794	191.125781	2.434998	0.005941	0.6
515	-0.618769	190.955384	2.436956	0.007287	0.6
516	-0.568401	191.955384	2.425512	0.004438	0.6
517	-0.625611	191.787869	2.427422	0.006526	0.6
518	-0.606426	191.619198	2.429347	0.002482	0.6
519	-0.612632	191.818205	2.427076	0.004700	0.6
520	-0.588521	192.679462	2.417293	0.007828	0.7
521	-0.570962	193.202813	2.411387	0.007784	0.7
522	-0.556547	193.935923	2.403162	0.006791	0.7
523	-0.592642	193.767663	2.405045	0.010580	0.7
524	-0.652258	193.597307	2.406954	0.007368	0.6
525	-0.600196	194.597305	2.395790	0.004054	0.6
526	-0.565683	195.596014	2.384743	0.008468	0.6
527	-0.646533	195.447078	2.386384	0.006219	0.6
528	-0.589561	196.447077	2.375410	0.005022	0.7
529	-0.588710	196.429252	2.375604	0.004778	0.6
530	-0.606533	197.424512	2.364780	0.007191	0.6
531	-0.640620	197.254117	2.366626	0.005163	0.6
532	-0.626193	197.083780	2.368475	0.008308	0.6
533	-0.617213	196.913382	2.370327	0.003477	0.6
534	-0.608262	197.913358	2.359499	0.008237	0.6
535	-0.588953	198.635705	2.351739	0.006377	0.6
536	-0.621984	199.616643	2.341283	0.003794	0.5
537	-0.600375	200.613441	2.330752	0.006962	0.6
538	-0.605598	201.611140	2.320306	0.004590	0.5
539	-0.638262	201.450894	2.321977	0.007362	0.6
540	-0.566568	202.450887	2.311586	0.005916	0.6
541	-0.570189	202.280493	2.313350	0.005995	0.6
542	-0.604168	203.252740	2.303320	0.003440	0.7
543	-0.629539	204.251167	2.293111	0.006871	0.7
544	-0.580359	204.085452	2.294799	0.002654	0.7
545	-0.616894	204.397071	2.291626	0.002881	0.6
546	-0.609423	204.249219	2.293131	0.004572	0.6
547	-0.604707	205.230806	2.283181	0.005536	0.6
548	-0.629591	206.175923	2.273682	0.006054	0.6
549	-0.580475	206.049899	2.274944	0.010044	0.6
550	-0.638964	205.879502	2.276653	0.004640	0.6
551	-0.598329	206.725075	2.268199	0.009941	0.6
552	-0.575945	206.554720	2.269898	0.002860	0.6
553	-0.625607	206.384323	2.271599	0.008152	0.6
554	-0.649589	207.384087	2.261654	0.010187	0.6
555	-0.588267	207.213689	2.263343	0.006806	0.6
556	-0.611883	208.213689	2.253469	0.004188	0.6
557	-0.603994	209.213670	2.243680	0.008130	0.6
558	-0.587008	210.202017	2.234089	0.005084	0.6
559	-0.611434	211.202016	2.224468	0.005062	0.6
560	-0.621426	211.038609	2.226034	0.008445	0.6
561	-0.631825	212.038608	2.216482	0.006900	0.6
562	-0.620128	213.038608	2.207011	0.006386	0.6
563	-0.603369	212.868662	2.208615	0.006405	0.6
564	-0.563818	212.698279	2.210225	0.006904	0.7
565	-0.605703	212.531819	2.211801	0.004905	0.7
566	-0.585438	212.406399	2.212989	0.003733	0.8
567	-0.583439	212.960204	2.207751	0.005646	0.6
568	-0.619001	213.940007	2.198544	0.011713	0.6
569	-0.569319	213.769609	2.200140	0.008138	0.6
570	-0.599580	213.610339	2.201633	0.004046	0.6
571	-0.598783	213.440068	2.203232	0.006897	0.6
572	-0.606143	213.269700	2.204834	0.005992	0.6
573	-0.588932	214.269699	2.195463	0.003342	0.6
574	-0.605684	215.260494	2.186256	0.007903	0.6
575	-0.614051	216.260485	2.177041	0.007591	0.6
576	-0.601356	217.178819	2.168647	0.006760	0.6
577	-0.612938	218.178819	2.159580	0.004568	0.6
578	-0.629556	218.016331	2.161049	0.006986	0.6
579	-0.608989	217.846131	2.162588	0.005529	0.6
580	-0.598680	217.675733	2.164132	0.005648	0.6
581	-0.592620	217.505376	2.165678	0.005955	0.6
582	-0.606894	218.505363	2.156636	0.007248	0.5
583	-0.584480	218.651843	2.155318	0.009661	0.6
584	-0.601364	219.651836	2.146362	0.007211	0.5
585	-0.618964	219.481438	2.147883	0.006208	0.6
586	-0.591421	220.476450	2.139032	0.007138	0.7
587	-0.599325	220.306053	2.140543	0.006794	0.6
588	-0.595532	221.154550	2.133042	0.004474	0.7
589	-0.599027	220.984172	2.134544	0.007551	0.6
590	-0.603878	221.075817	2.133736	0.004492	0.8
591	-0.605472	220.905475	2.135239	0.004307	0.6
592	-0.587863	220.741790	2.136684	0.001413	0.6
593	-0.606156	220.747920	2.136630	0.006997	0.6
594	-0.585392	221.591708	2.129198	0.003794	0.6
595	-0.584899	221.421311	2.130695	0.004147	0.6
596	-0.619145	221.898142	2.126512	0.006013	0.6
597	-0.638997	221.830904	2.127101	0.006719	0.6
598	-0.584864	222.160642	2.124217	0.006587	0.6
599	-0.583728	223.159019	2.115531	0.004726	0.6
600	-0.608429	224.158941	2.106902	0.004930	0.6
601	-0.604854	223.988964	2.108364	0.001363	0.6
602	-0.632516	224.272433	2.105927	0.007413	0.6
603	-0.611760	225.174499	2.098210	0.005904	0.5
604	-0.600678	225.004102	2.099664	0.005326	0.6
605	-0.621368	224.854338	2.100943	0.005047	0.6
606	-0.584611	225.854321	2.092432	0.009262	0.5
607	-0.634091	225.686288	2.093857	0.005421	0.6
608	-0.592170	225.515891	2.095305	0.007432	0.7
609	-0.622734	226.496495	2.087003	0.007845	0.7
610	-0.617873	226.713833	2.085172	0.005875	0.7
611	-0.613108	226.543436	2.086607	0.005495	0.9
612	-0.630838	226.373052	2.088044	0.002857	0.7
613	-0.609833	226.217749	2.089356	0.002203	0.6
614	-0.596467	226.630206	2.085876	0.007725	0.6
615	-0.599033	226.469363	2.087232	0.005221	0.6
616	-0.608206	226.298966	2.088670	0.009658	0.6
617	-0.615985	226.129104	2.090105	0.009266	0.6
618	-0.597892	226.706349	2.085235	0.003704	0.6
619	-0.607757	226.535969	2.086670	0.006829	0.7
620	-0.609572	227.535965	2.078274	0.007797	0.6
621	-0.592157	227.365567	2.079700	0.006479	0.6
622	-0.591347	228.364765	2.071367	0.005740	0.6
623	-0.635068	228.226058	2.072520	0.005049	0.6
624	-0.576438	228.056334	2.073932	0.005210	0.6
625	-0.624038	227.902486	2.075214	0.007509	0.5
626	-0.619147	228.760558	2.068084	0.007766	0.5
627	-0.584333	228.590161	2.069496	0.004944	0.6
628	-0.594753	228.419798	2.070910	0.004130	0.6
629	-0.613712	228.421479	2.070896	0.007436	0.8
630	-0.605272	229.322153	2.063445	0.005832	0.7
631	-0.628926	229.151755	2.064850	0.009275	0.7
632	-0.618567	230.151755	2.056629	0.003557	0.6
633	-0.579725	229.981369	2.058025	0.003834	0.6
634	-0.670853	230.291900	2.055482	0.006788	0.6
635	-0.606066	231.291726	2.047336	0.001763	0.6
636	-0.587703	231.130919	2.048642	0.006211	0.6
637	-0.624130	231.964356	2.041892	0.009763	0.6
638	-0.609230	232.964356	2.033852	0.007759	0.6
639	-0.608956	233.332452	2.030908	0.002545	0.6
640	-0.604843	233.903403	2.026359	0.005520	0.6
641	-0.624307	233.736940	2.027684	0.006289	0.6
642	-0.600796	233.566543	2.029041	0.005417	0.6
643	-0.642037	233.750008	2.027579	0.004666	0.5
644	-0.593962	233.579610	2.028937	0.006950	0.6
645	-0.590583	233.409248	2.030295	0.007759	0.6
646	-0.595542	234.341407	2.022883	0.004675	0.5
647	-0.616702	235.339307	2.015009	0.006319	0.6
648	-0.595088	235.513105	2.013643	0.006966	0.6
649	-0.636519	236.482609	2.006061	0.003368	0.5
650	-0.579005	236.312216	2.007390	0.006239	0.7
651	-0.628667	236.143819	2.008704	0.007377	0.6
652	-0.621967	235.973421	2.010036	0.005108	0.7
653	-0.566872	236.950963	2.002419	0.010232	0.6
654	-0.589033	236.960781	2.002343	0.006829	0.6
655	-0.630840	237.960781	1.994610	0.006497	0.6
656	-0.589572	237.823658	1.995667	0.005959	0.6
657	-0.603960	238.719180	1.988786	0.004606	0.6
658	-0.615084	238.566869	1.989953	0.006370	0.6
659	-0.588926	238.396475	1.991260	0.004359	0.6
660	-0.612714	239.396232	1.983615	0.003136	0.6
661	-0.604707	239.225998	1.984913	0.009916	0.6
662	-0.601101	239.202474	1.985092	0.004942	0.6
663	-0.588980	240.200546	1.977507	0.005390	0.6
664	-0.579082	240.069796	1.978497	0.004148	0.6
665	-0.615002	241.037055	1.971194	0.006347	0.6
666	-0.620342	242.019879	1.963828	0.003745	0.6
667	-0.597737	242.750350	1.958389	0.003253	0.6
668	-0.614814	243.328346	1.954107	0.006679	0.7
669	-0.600938	244.326722	1.946754	0.008925	0.6
670	-0.631476	244.314977	1.946840	0.004409	0.6
671	-0.612389	244.144580	1.948091	0.008558	0.6
672	-0.593228	245.134942	1.940842	0.007571	0.8
673	-0.588429	246.134941	1.933577	0.003410	0.7
674	-0.608521	246.263310	1.932648	0.001578	0.7
675	-0.623348	246.237538	1.932834	0.005386	0.9
676	-0.601257	246.087764	1.933918	0.006587	0.7
677	-0.619910	247.087763	1.926704	0.004507	0.6
678	-0.613789	248.084456	1.919568	0.005400	0.6
679	-0.630164	247.914089	1.920784	0.002654	0.6
680	-0.608694	247.823185	1.921434	0.005814	0.6
681	-0.634502	248.429985	1.917106	0.011434	0.6
682	-0.608985	249.271692	1.911136	0.009850	0.6
683	-0.638739	250.271692	1.904091	0.006964	0.6
684	-0.614885	250.107931	1.905241	0.003142	0.7
685	-0.611029	251.082228	1.898418	0.005645	0.6
686	-0.599278	250.912382	1.899604	0.003344	0.6
687	-0.605264	250.771999	1.900585	0.005039	0.6
688	-0.601094	250.602583	1.901771	0.004537	0.6
689	-0.624729	250.432189	1.902965	0.006918	0.6
690	-0.595961	251.250593	1.897244	0.005808	0.7
691	-0.634243	251.102536	1.898277	0.006819	0.7
692	-0.604398	251.190873	1.897661	0.005746	0.9
693	-0.602836	252.190872	1.890714	0.001504	0.6
694	-0.619223	252.519014	1.888446	0.008402	0.6
695	-0.641194	252.514205	1.888479	0.005545	0.6
696	-0.610845	252.343808	1.889656	0.004547	0.6
697	-0.607358	252.177674	1.890806	0.004347	0.6
698	-0.615429	253.174141	1.883934	0.006760	0.6
699	-0.641105	253.081604	1.884570	0.007532	0.6
700	-0.608299	254.081601	1.877719	0.009165	0.6
701	-0.604562	253.911204	1.878883	0.010180	0.6
702	-0.611349	253.740807	1.880048	0.009361	0.6
703	-0.594532	254.587981	1.874269	0.005684	0.6
704	-0.642980	254.486632	1.874958	0.008839	0.5
705	-0.632808	255.486632	1.868177	0.006774	0.6
706	-0.649199	255.317839	1.869318	0.004297	0.6
707	-0.608761	255.150284	1.870452	0.005580	0.7
708	-0.590023	254.980793	1.871601	0.006853	0.7
709	-0.616212	254.810405	1.872757	0.008702	0.6
710	-0.625774	254.640008	1.873915	0.002803	0.7
711	-0.597908	255.639776	1.867143	0.004863	0.7
712	-0.598454	256.423325	1.861869	0.008423	0.7
713	-0.620439	257.416797	1.855225	0.006992	0.7
714	-0.617713	258.416797	1.848586	0.007243	0.6
715	-0.567608	258.993901	1.844776	0.009344	0.6
716	-0.589789	259.993901	1.838210	0.008984	0.6
717	-0.635827	259.823504	1.839326	0.005543	0.6
718	-0.608576	260.823504	1.832799	0.007777	0.6
719	-0.612068	261.823412	1.826319	0.005812	0.6
720	-0.575629	262.823412	1.819885	0.010816	0.6
721	-0.595147	262.653030	1.820978	0.001573	0.6
722	-0.622314	263.649807	1.814601	0.003915	0.6
723	-0.583787	263.504610	1.815527	0.002976	0.6
724	-0.589324	264.477624	1.809339	0.006141	0.6
725	-0.635206	265.451998	1.803185	0.003688	0.6
726	-0.611655	265.482344	1.802994	0.010432	0.7
727	-0.598572	265.311946	1.804067	0.008569	0.6
728	-0.569891	266.311946	1.797788	0.006659	0.6
729	-0.639734	267.311944	1.791552	0.004977	0.7
730	-0.603598	267.143490	1.792600	0.006709	0.7
731	-0.601690	266.973422	1.793658	0.003657	0.6
732	-0.626855	266.803153	1.794719	0.003149	0.6
733	-0.595358	267.765050	1.788741	0.006294	0.6
734	-0.585364	267.650295	1.789452	0.004741	0.6
735	-0.616968	268.013419	1.787204	0.005591	0.6
736	-0.636115	269.013399	1.781041	0.003686	0.6
737	-0.575845	269.986111	1.775088	0.005594	0.6
738	-0.643689	269.815915	1.776127	0.002308	0.6
739	-0.612539	269.646400	1.777163	0.010448	0.6
740	-0.587497	269.497886	1.778071	0.005224	0.6
741	-0.602630	270.497886	1.771971	0.004621	0.6
742	-0.603248	270.329241	1.772997	0.004520	0.6
743	-0.628149	271.307402	1.767064	0.002941	0.6
744	-0.634929	272.259911	1.761325	0.006252	0.6
745	-0.609249	272.093394	1.762325	0.007226	0.5
746	-0.573536	272.933384	1.757289	0.005120	0.6
747	-0.600644	273.932796	1.751334	0.007605	0.6
748	-0.629913	274.932755	1.745416	0.009656	0.6
749	-0.626786	274.762358	1.746422	0.003342	0.8
750	-0.561416	275.760267	1.740549	0.006132	0.7
751	-0.628189	276.569262	1.735817	0.006167	0.7
752	-0.585313	277.569168	1.730004	0.006768	0.7
753	-0.601291	277.523739	1.730267	0.002964	0.6
754	-0.606714	278.523503	1.724492	0.005690	0.6
755	-0.579651	278.354084	1.725468	0.006694	0.6
756	-0.615601	278.284053	1.725872	0.005631	0.7
757	-0.574330	278.115132	1.726846	0.004411	0.6
758	-0.600070	277.958079	1.727754	0.003471	0.6
759	-0.614615	277.788129	1.728736	0.004107	0.6
760	-0.622696	277.633952	1.729629	0.008527	0.6
761	-0.622650	277.624060	1.729686	0.006321	0.6
762	-0.592446	277.500634	1.730401	0.006010	0.6
763	-0.630488	278.500633	1.724624	0.008074	0.6
764	-0.587727	278.330235	1.725605	0.007337	0.6
765	-0.620001	278.159838	1.726588	0.005339	0.6
766	-0.621331	279.159744	1.720837	0.007923	0.6
767	-0.568879	279.004558	1.721727	0.002917	0.6
768	-0.601980	278.834166	1.722705	0.008274	0.6
769	-0.610133	278.667189	1.723665	0.006739	0.6
770	-0.594784	279.667189	1.717932	0.005767	0.6
771	-0.595310	279.860493	1.716829	0.009199	0.6
772	-0.624177	280.860479	1.711141	0.006843	0.7
773	-0.612644	281.860475	1.705491	0.005851	0.6
774	-0.624123	281.796989	1.705849	0.005895	0.6
775	-0.621619	282.775854	1.700352	0.004152	0.6
776	-0.583414	282.646361	1.701077	0.007480	0.6
777	-0.598481	283.642382	1.695516	0.003607	0.6
778	-0.578617	284.632340	1.690024	0.009120	0.5
779	-0.594257	285.631473	1.684517	0.001836	0.6
780	-0.622048	285.463131	1.685442	0.004425	0.6
781	-0.609520	285.832180	1.683415	0.001910	0.6
782	-0.610315	286.658014	1.678896	0.006300	0.7
783	-0.591040	286.504532	1.679734	0.006021	0.6
784	-0.589720	286.346548	1.680598	0.007348	0.6
785	-0.617622	286.176151	1.681530	0.007198	0.6
786	-0.632079	286.005929	1.682462	0.004084	0.6
787	-0.603102	287.005911	1.677000	0.004617	0.6
788	-0.586860	286.856197	1.677815	0.006898	0.6
789	-0.603942	287.854118	1.672394	0.007468	0.6
790	-0.624281	288.565954	1.668549	0.002740	0.6
791	-0.624881	289.047373	1.665958	0.005003	0.6
792	-0.599555	289.985402	1.660933	0.007379	0.6
793	-0.633309	289.815041	1.661843	0.009386	0.6
794	-0.593241	289.645026	1.662753	0.005616	0.6
795	-0.641519	290.643601	1.657425	0.008386	0.6
796	-0.588497	290.484838	1.658270	0.008008	0.6
797	-0.607109	290.314703	1.659176	0.003331	0.6
798	-0.593416	290.654908	1.657365	0.007284	0.6
799	-0.580615	291.654885	1.652064	0.005511	0.7
800	-0.575946	291.484882	1.652963	0.006475	0.5
801	-0.596204	292.484881	1.647690	0.002815	0.6
802	-0.633099	292.316406	1.648576	0.007190	0.6
803	-0.611215	293.315909	1.643334	0.005713	0.7
804	-0.592529	293.145739	1.644224	0.005128	0.6
805	-0.579830	294.145737	1.639006	0.006941	0.6
806	-0.600611	293.975395	1.639893	0.010286	0.6
807	-0.617450	293.804998	1.640780	0.004888	0.6
808	-0.610747	293.634600	1.641669	0.002684	0.6
809	-0.619433	294.361691	1.637884	0.009661	0.7
810	-0.574347	295.347594	1.632780	0.002763	0.6
811	-0.596255	295.301501	1.633018	0.004481	0.6
812	-0.597620	295.164444	1.633725	0.007167	0.6
813	-0.582599	294.994092	1.634606	0.005111	0.6
814	-0.615637	295.993756	1.629451	0.003942	0.6
815	-0.614917	295.826688	1.630311	0.008277	0.6
816	-0.608729	296.814072	1.625246	0.004506	0.6
817	-0.595483	297.814067	1.620148	0.008606	0.6
818	-0.610935	297.643670	1.621014	0.007927	0.6
819	-0.602004	297.473273	1.621881	0.004126	0.5
820	-0.597637	297.375026	1.622382	0.004791	0.5
821	-0.599729	298.160898	1.618387	0.006545	0.6
822	-0.585089	297.990501	1.619252	0.004690	0.6
823	-0.648220	298.065061	1.618873	0.003136	0.6
824	-0.627592	297.902766	1.619697	0.003639	0.7
825	-0.624826	298.060595	1.618896	0.005558	0.7
826	-0.639116	297.890307	1.619760	0.004807	0.7
827	-0.594693	298.789619	1.615205	0.005869	0.7
828	-0.612435	298.641150	1.615956	0.002049	0.7
829	-0.603408	298.471640	1.616813	0.006176	0.7
830	-0.598847	299.251313	1.612877	0.006563	0.6
831	-0.612044	299.156714	1.613353	0.005889	0.6
832	-0.583738	298.986355	1.614212	0.006291	0.6
833	-0.556745	298.824759	1.615028	0.006037	0.6
834	-0.656882	298.666368	1.615828	0.006352	0.6
835	-0.651540	299.666101	1.610790	0.004320	0.6
836	-0.586101	299.495707	1.611647	0.010482	0.6
837	-0.618062	299.438507	1.611935	0.007700	0.6
838	-0.633992	299.268342	1.612791	0.006201	0.6
839	-0.603315	299.097955	1.613649	0.006512	0.6
840	-0.625565	299.630499	1.610969	0.005410	0.6
841	-0.570543	299.460778	1.611822	0.007677	0.6
842	-0.601750	300.354235	1.607341	0.006121	0.6
843	-0.621959	300.183898	1.608194	0.009405	0.6
844	-0.627277	300.013500	1.609047	0.007850	0.6
845	-0.593097	301.013500	1.604050	0.005455	0.6
846	-0.605481	302.013490	1.599085	0.007463	0.7
847	-0.559774	301.843563	1.599926	0.008325	0.7
848	-0.598502	301.673166	1.600771	0.008332	0.6
849	-0.592080	301.502768	1.601617	0.003797	0.6
850	-0.622189	301.408167	1.602087	0.008569	0.6
851	-0.603368	302.328133	1.597528	0.005732	0.7
852	-0.573032	303.328133	1.592603	0.004267	0.6
853	-0.614412	304.327811	1.587709	0.005013	0.6
854	-0.593344	304.971068	1.584576	0.007355	0.7
855	-0.622076	304.800928	1.585403	0.007571	0.6
856	-0.600575	304.637263	1.586200	0.003618	0.7
857	-0.577846	305.456315	1.582221	0.007386	0.6
858	-0.602342	305.285932	1.583047	0.002771	0.6
859	-0.604989	305.199082	1.583468	0.006413	0.6
860	-0.605100	306.138964	1.578919	0.001930	0.6
861	-0.580505	307.106151	1.574265	0.005157	0.6
862	-0.601823	307.855844	1.570676	0.005479	0.6
863	-0.618137	307.685447	1.571490	0.003518	0.6
864	-0.619787	307.939201	1.570278	0.008247	0.6
865	-0.583529	308.939183	1.565518	0.008807	0.6
866	-0.593650	309.652249	1.562142	0.005036	0.7
867	-0.613061	310.641390	1.557483	0.008906	0.6
868	-0.621712	311.641365	1.552801	0.004016	0.7
869	-0.603030	312.641365	1.548147	0.006297	0.6
870	-0.598292	312.470984	1.548938	0.006480	0.7
871	-0.598267	312.300616	1.549730	0.006560	0.7
872	-0.611073	312.131090	1.550518	0.012194	0.7
873	-0.650129	311.997185	1.551142	0.006179	0.7
874	-0.620853	311.826787	1.551936	0.002556	0.6
875	-0.605327	312.289294	1.549782	0.004793	0.6
876	-0.614585	312.943664	1.546746	0.002654	0.6
877	-0.635548	313.849972	1.542559	0.004550	0.6
878	-0.623617	313.788213	1.542844	0.003694	0.6
879	-0.624953	314.776810	1.538301	0.008796	0.6
880	-0.594939	315.775380	1.533740	0.005757	0.6
881	-0.639115	316.645351	1.529788	0.007142	0.6
882	-0.626937	316.648679	1.529773	0.006971	0.6
883	-0.586302	316.482506	1.530526	0.003564	0.6
884	-0.619374	316.319987	1.531264	0.000864	0.5
885	-0.610273	316.526143	1.530329	0.007057	0.6
886	-0.596933	316.689938	1.529586	0.004861	0.6
887	-0.597973	316.519541	1.530358	0.006610	0.6
888	-0.633326	316.349145	1.531131	0.005146	0.6
889	-0.605548	317.347322	1.526614	0.004307	0.6
890	-0.605134	317.501556	1.525919	0.012207	0.5
891	-0.579344	317.331158	1.526687	0.006061	0.6
892	-0.614190	318.264920	1.522485	0.009291	0.6
893	-0.588183	318.094523	1.523250	0.004739	0.6
894	-0.606485	317.924695	1.524014	0.002840	0.7
895	-0.602009	318.910693	1.519593	0.004827	0.6
896	-0.631867	318.745947	1.520330	0.001684	0.6
897	-0.614719	319.010142	1.519148	0.003159	0.6
898	-0.599433	318.851829	1.519856	0.003670	0.6
899	-0.584389	319.581358	1.516601	0.004739	0.6
900	-0.584751	320.557954	1.512264	0.009638	0.6
901	-0.622213	320.423859	1.512858	0.008423	0.6
902	-0.581046	320.253832	1.513612	0.003976	0.6
903	-0.610552	320.083492	1.514368	0.005112	0.6
904	-0.605564	321.068226	1.510008	0.009934	0.6
905	-0.593659	322.066890	1.505613	0.005456	0.6
906	-0.603072	321.896493	1.506361	0.008800	0.6
907	-0.633281	321.726096	1.507110	0.006044	0.6
908	-0.653358	321.555699	1.507860	0.005881	0.5
909	-0.582425	321.385311	1.508610	0.003585	0.6
910	-0.617527	322.316143	1.504520	0.005329	0.7
911	-0.612706	323.308465	1.500184	0.006584	0.6
912	-0.616569	324.308441	1.495839	0.005519	0.7
913	-0.587543	324.151642	1.496519	0.009303	0.6
914	-0.627979	323.981244	1.497258	0.005275	0.6
915	-0.606201	324.975300	1.492956	0.008698	0.6
916	-0.588040	325.975300	1.488653	0.007018	0.6
917	-0.604145	326.975300	1.484375	0.009642	0.6
918	-0.612753	327.975300	1.480122	0.006507	0.5
919	-0.593703	328.313048	1.478691	0.007361	0.6
920	-0.553640	328.142651	1.479412	0.001905	0.6
921	-0.631598	327.972432	1.480134	0.001227	0.6
922	-0.573452	327.872132	1.480559	0.007135	0.6
923	-0.605746	327.708836	1.481253	0.003439	0.6
924	-0.600514	328.708831	1.477017	0.007945	0.6
925	-0.602632	329.697324	1.472854	0.003192	0.7
926	-0.616719	329.528228	1.473564	0.003669	0.6
927	-0.615695	329.520369	1.473597	0.002006	0.5
928	-0.598170	330.360595	1.470073	0.004016	0.6
929	-0.607956	330.349021	1.470122	0.004065	0.6
930	-0.602862	330.206627	1.470718	0.001919	0.6
931	-0.576981	330.242128	1.470569	0.005181	0.6
932	-0.572252	330.851248	1.468023	0.003452	0.7
933	-0.634937	331.108640	1.466950	0.002928	0.7
934	-0.599439	331.342489	1.465977	0.006268	0.7
935	-0.557963	331.662157	1.464648	0.004655	0.6
936	-0.590173	332.658323	1.460522	0.011126	0.6
937	-0.631847	333.658082	1.456405	0.005737	0.6
938	-0.594997	333.487684	1.457105	0.006037	0.6
939	-0.585932	333.317289	1.457806	0.008423	0.6
940	-0.603356	333.146892	1.458507	0.002481	0.6
941	-0.609130	334.110315	1.454551	0.011467	0.6
942	-0.589170	333.941111	1.455244	0.008407	0.6
943	-0.593040	334.932580	1.451190	0.005218	0.6
944	-0.605627	335.932579	1.447125	0.012048	0.6
945	-0.622952	336.932579	1.443082	0.008826	0.6
946	-0.637235	336.762182	1.443769	0.008093	0.6
947	-0.593594	337.762182	1.439745	0.001471	0.6
948	-0.632468	338.724010	1.435895	0.007577	0.6
949	-0.579976	338.846750	1.435405	0.007797	0.6
950	-0.593038	338.677372	1.436081	0.005512	0.6
951	-0.607564	339.631579	1.432281	0.005882	0.6
952	-0.606915	339.461183	1.432958	0.003577	0.6
953	-0.590895	340.460531	1.428997	0.006786	0.7
954	-0.603974	340.437264	1.429089	0.004037	0.7
955	-0.591315	340.371850	1.429347	0.009800	0.6
956	-0.594188	340.201453	1.430022	0.002640	0.6
957	-0.582740	340.697668	1.428060	0.006576	0.6
958	-0.590144	340.527331	1.428733	0.005538	0.6
959	-0.619679	340.454538	1.429020	0.006683	0.6
960	-0.594106	341.373665	1.425396	0.009640	0.7
961	-0.622358	342.365444	1.421505	0.006815	0.6
962	-0.612234	343.365444	1.417604	0.005331	0.6
963	-0.616818	343.195409	1.418266	0.008534	0.6
964	-0.617043	343.025011	1.418930	0.004759	0.6
965	-0.596823	342.954646	1.419204	0.005132	0.6
966	-0.621761	343.615975	1.416630	0.007199	0.6
967	-0.590377	343.445578	1.417292	0.004751	0.6
968	-0.629692	344.445570	1.413414	0.004655	0.6
969	-0.594917	344.276538	1.414068	0.003517	0.6
970	-0.618287	344.106640	1.414726	0.005418	0.6
971	-0.625232	344.099743	1.414753	0.005875	0.6
972	-0.620599	345.048125	1.411087	0.008937	0.6
973	-0.620075	344.877802	1.411744	0.004154	0.6
974	-0.608919	344.707404	1.412402	0.003779	0.6
975	-0.568132	345.657915	1.408741	0.005782	0.7
976	-0.636034	346.653547	1.404926	0.006412	0.6
977	-0.630560	346.483155	1.405577	0.005335	0.6
978	-0.615423	347.448122	1.401896	0.004962	0.6
979	-0.620614	348.061775	1.399565	0.002808	0.6
980	-0.598600	349.002186	1.396008	0.004126	0.6
981	-0.641839	348.901869	1.396386	0.007988	0.6
982	-0.631120	349.901550	1.392623	0.007262	0.6
983	-0.607164	350.064189	1.392012	0.004425	0.6
984	-0.608235	349.893952	1.392651	0.005211	0.6
985	-0.608119	349.787087	1.393053	0.009155	0.6
986	-0.616614	349.877556	1.392713	0.007650	0.6
987	-0.618047	350.877556	1.388968	0.005860	0.6
988	-0.605376	351.877556	1.385243	0.007808	0.6
989	-0.623641	351.707159	1.385876	0.004944	0.6
990	-0.649981	351.536766	1.386510	0.004590	0.6
991	-0.589492	352.536708	1.382798	0.006232	0.6
992	-0.606291	353.536485	1.379107	0.007107	0.6
993	-0.589764	354.529167	1.375461	0.006751	0.7
994	-0.603036	354.752117	1.374645	0.006358	0.6
995	-0.599210	354.581980	1.375268	0.004256	0.6
996	-0.600161	354.411855	1.375891	0.006645	0.6
997	-0.633676	354.241757	1.376515	0.002776	0.7
998	-0.599174	355.218400	1.372942	0.008908	0.7
999	-0.595020	356.218375	1.369302	0.006459	0.6
Time spent in resolution 5 (ITK initialization and iterating): 0.843 s.
Stopping condition: Maximum number of iterations has been reached.
Settings of AdaptiveStochasticGradientDescent in resolution 5:
( SP_a 516.525891 )
( SP_A 20.000000 )
( SP_alpha 1.000000 )
( SigmoidMax 1.000000 )
( SigmoidMin -0.170397 )
( SigmoidScale 0.000002 )


Resolution: 6
WARNING: The parameter "ShowExactMetricValue", requested at entry number 6, does not exist at all.
  The default value "false" is used instead.
WARNING: The parameter "CheckNumberOfSamples", requested at entry number 6, does not exist at all.
  The default value "true" is used instead.
WARNING: The parameter "UseMultiThreadingForMetrics", requested at entry number 6, does not exist at all.
  The default value "true" is used instead.
Setting the fixed masks took: 0 ms.
Setting the moving masks took: 0 ms.
WARNING: The parameter "NumberOfFixedHistogramBins", requested at entry number 6, does not exist at all.
  The default value "32" is used instead.
WARNING: The parameter "NumberOfMovingHistogramBins", requested at entry number 6, does not exist at all.
  The default value "32" is used instead.
WARNING: The parameter "FixedLimitRangeRatio", requested at entry number 6, does not exist at all.
  The default value "0.01" is used instead.
WARNING: The parameter "MovingLimitRangeRatio", requested at entry number 6, does not exist at all.
  The default value "0.01" is used instead.
WARNING: The parameter "FixedKernelBSplineOrder", requested at entry number 6, does not exist at all.
  The default value "0" is used instead.
WARNING: The parameter "MovingKernelBSplineOrder", requested at entry number 6, does not exist at all.
  The default value "3" is used instead.
WARNING: The parameter "UseFastAndLowMemoryVersion", requested at entry number 6, does not exist at all.
  The default value "true" is used instead.
WARNING: The parameter "UseJacobianPreconditioning", requested at entry number 6, does not exist at all.
  The default value "false" is used instead.
WARNING: The parameter "FiniteDifferenceDerivative", requested at entry number 6, does not exist at all.
  The default value "false" is used instead.
WARNING: The parameter "SP_A", requested at entry number 6, does not exist at all.
  The default value "20" is used instead.
WARNING: The parameter "MaximumNumberOfSamplingAttempts", requested at entry number 6, does not exist at all.
  The default value "0" is used instead.
WARNING: The parameter "SigmoidInitialTime", requested at entry number 6, does not exist at all.
  The default value "0" is used instead.
WARNING: The parameter "MaxBandCovSize", requested at entry number 6, does not exist at all.
  The default value "192" is used instead.
WARNING: The parameter "NumberOfBandStructureSamples", requested at entry number 6, does not exist at all.
  The default value "10" is used instead.
WARNING: The parameter "UseAdaptiveStepSizes", requested at entry number 6, does not exist at all.
  The default value "true" is used instead.
WARNING: The parameter "AutomaticParameterEstimation", requested at entry number 6, does not exist at all.
  The default value "true" is used instead.
WARNING: The parameter "UseConstantStep", requested at entry number 6, does not exist at all.
  The default value "false" is used instead.
WARNING: The parameter "MaximumStepLengthRatio", requested at entry number 6, does not exist at all.
  The default value "1" is used instead.
WARNING: The parameter "MaximumStepLength", requested at entry number 6, does not exist at all.
  The default value "1" is used instead.
WARNING: The parameter "NumberOfGradientMeasurements", requested at entry number 6, does not exist at all.
  The default value "0" is used instead.
WARNING: The parameter "NumberOfJacobianMeasurements", requested at entry number 6, does not exist at all.
  The default value "1000" is used instead.
WARNING: The parameter "NumberOfSamplesForExactGradient", requested at entry number 6, does not exist at all.
  The default value "100000" is used instead.
WARNING: The parameter "SigmoidScaleFactor", requested at entry number 6, does not exist at all.
  The default value "0.1" is used instead.
Elastix initialization of all components (for this resolution) took: 1 ms.
  Computing the fixed image extrema took 0 ms.
  Computing the moving image extrema took 0 ms.
Initialization of AdvancedMattesMutualInformation metric took: 5 ms.
Starting automatic parameter estimation for AdaptiveStochasticGradientDescent ...
WARNING: The parameter "ASGDParameterEstimationMethod", requested at entry number 0, does not exist at all.
  The default value "Original" is used instead.
  Computing JacobianTerms ...
  Computing the Jacobian terms took 0.000306s
  NumberOfGradientMeasurements to estimate sigma_i: 9
  Sampling gradients ...
  Sampling the gradients took 0.072423s
Automatic parameter estimation took 0.07s
1:ItNr	2:Metric	3a:Time	3b:StepSize	4:||Gradient||	Time[ms]
0	-0.533596	0.000000	19.839289	0.009751	79.3
1	-0.545481	0.000000	19.839289	0.008446	0.7
2	-0.514151	1.000000	18.937503	0.004273	0.6
3	-0.539541	0.481807	19.394321	0.011028	0.6
4	-0.531690	0.063449	19.779527	0.008287	0.6
5	-0.517985	0.000000	19.839289	0.016148	0.6
6	-0.557636	0.999575	18.937869	0.007155	0.6
7	-0.539617	1.999573	18.114469	0.007337	0.6
8	-0.543308	2.993948	17.363756	0.008037	0.6
9	-0.565538	3.977360	16.680108	0.015547	0.9
10	-0.558104	3.441413	17.045866	0.009662	0.7
11	-0.526491	4.441413	16.375862	0.013278	0.6
12	-0.541697	3.905468	16.728257	0.007789	0.6
13	-0.533713	4.598735	16.275221	0.003553	0.6
14	-0.529243	4.276648	16.482607	0.007237	0.6
15	-0.495670	4.637301	16.250738	0.008856	0.6
16	-0.524061	4.251713	16.498883	0.006272	0.7
17	-0.517527	4.564181	16.297219	0.007760	0.7
18	-0.548349	5.385190	15.790110	0.013734	0.6
19	-0.549374	6.247802	15.290227	0.007468	0.6
20	-0.516721	7.247720	14.748980	0.005075	0.6
21	-0.526295	6.713632	15.033218	0.010102	0.7
22	-0.539671	7.712943	14.510009	0.005873	0.7
23	-0.566099	7.189474	14.779455	0.004692	0.7
24	-0.542997	8.125517	14.304469	0.010801	0.6
25	-0.537318	7.589862	14.572476	0.002250	0.6
26	-0.529942	7.436172	14.651236	0.013856	0.6
27	-0.529209	6.938374	14.912288	0.007095	0.6
28	-0.539574	7.913856	14.409184	0.011608	0.7
29	-0.548584	7.378379	14.681073	0.012062	0.6
30	-0.514663	6.844900	14.962347	0.010924	0.6
31	-0.539610	7.844900	14.443630	0.008614	0.6
32	-0.529885	8.844897	13.959675	0.008928	0.6
33	-0.513541	9.844895	13.507099	0.009590	0.6
34	-0.530181	9.308974	13.745931	0.017995	0.6
35	-0.497797	10.308974	13.306890	0.009496	0.6
36	-0.564876	11.308956	12.895033	0.009510	0.6
37	-0.518944	12.308536	12.508057	0.013779	0.6
38	-0.524342	13.308536	12.143481	0.013386	0.6
39	-0.537202	12.772588	12.336190	0.012194	0.6
40	-0.510079	12.236644	12.535112	0.011100	0.6
41	-0.537067	13.236644	12.168981	0.011655	0.6
42	-0.514219	14.236642	11.823631	0.004275	0.7
43	-0.547284	13.825145	11.963340	0.006251	0.7
44	-0.535684	14.362336	11.781605	0.005255	0.6
45	-0.531179	13.859229	11.951643	0.006816	0.6
46	-0.535485	14.322176	11.795000	0.010768	0.6
47	-0.559764	13.786236	11.976722	0.011311	0.6
48	-0.536283	14.786236	11.642048	0.007687	0.7
49	-0.551686	14.860943	11.617794	0.012774	0.7
50	-0.495842	14.324995	11.794059	0.012666	0.6
51	-0.518983	15.324995	11.469377	0.006612	0.6
52	-0.544732	14.789056	11.641130	0.004572	0.6
53	-0.493528	14.255543	11.817292	0.005719	0.6
54	-0.551191	15.092699	11.543195	0.010697	0.6
55	-0.531218	15.920938	11.284249	0.005787	0.6
56	-0.546482	16.860355	11.004257	0.006802	0.6
57	-0.520567	16.382086	11.145046	0.011835	0.6
58	-0.531920	15.859909	11.302933	0.011350	0.6
59	-0.525595	16.859810	11.004415	0.005321	0.6
60	-0.554398	16.613683	11.076423	0.011131	0.6
61	-0.541779	17.613430	10.789641	0.010800	0.6
62	-0.528826	18.613430	10.517268	0.010919	0.6
63	-0.530672	18.152187	10.641170	0.006568	0.7
64	-0.543290	17.632139	10.784416	0.003734	0.7
65	-0.532098	17.832665	10.728727	0.002834	0.7
66	-0.528742	18.170281	10.636254	0.010971	0.6
67	-0.572147	19.089522	10.392368	0.005646	0.6
68	-0.546702	20.088859	10.139611	0.012677	0.7
69	-0.572571	19.552912	10.273616	0.012143	0.6
70	-0.555920	19.064762	10.398790	0.005446	0.6
71	-0.540740	20.055242	10.147914	0.010832	0.6
72	-0.526144	19.524081	10.280926	0.005050	0.6
73	-0.545020	18.988177	10.418706	0.006960	0.6
74	-0.556527	18.894312	10.443220	0.010219	0.6
75	-0.479994	18.373950	10.581236	0.004830	0.6
76	-0.555227	17.840641	10.726524	0.007312	0.6
77	-0.521689	17.371492	10.857672	0.007387	0.6
78	-0.531125	18.344785	10.589080	0.009968	0.6
79	-0.530094	19.344754	10.326623	0.006934	0.6
80	-0.536619	18.837800	10.458034	0.003919	0.6
81	-0.526679	18.496864	10.548307	0.009594	0.7
82	-0.531648	17.987121	10.686223	0.011018	0.6
83	-0.507144	18.986713	10.419087	0.009009	0.7
84	-0.518259	19.985596	10.165158	0.014083	0.7
85	-0.556131	20.487393	10.042209	0.011144	0.7
86	-0.529971	19.951445	10.173635	0.008391	0.7
87	-0.524248	20.951444	9.931126	0.009299	0.7
88	-0.525144	21.950426	9.700138	0.009890	0.6
89	-0.549854	21.414915	9.822608	0.012527	0.7
90	-0.510120	22.414915	9.596358	0.006558	0.6
91	-0.541938	23.414889	9.380302	0.007854	0.6
92	-0.538487	23.493125	9.363808	0.009820	0.6
93	-0.547103	24.459303	9.164792	0.006174	0.6
94	-0.509302	23.954729	9.267658	0.008964	0.6
95	-0.541702	24.951314	9.066663	0.008899	0.7
96	-0.538615	24.427633	9.171181	0.008349	0.6
97	-0.528781	25.415218	8.976045	0.005290	0.6
98	-0.551284	26.392798	8.790894	0.007183	0.6
99	-0.547148	27.318848	8.622413	0.010694	0.6
100	-0.510189	28.316655	8.447959	0.014118	0.7
101	-0.548553	27.783808	8.540233	0.007650	0.6
102	-0.554503	28.773860	8.370359	0.006329	0.6
103	-0.544732	28.326231	8.446319	0.011130	0.6
104	-0.532533	29.252724	8.290597	0.004990	0.7
105	-0.493319	30.202788	8.136765	0.004337	0.7
106	-0.511458	29.868019	8.190314	0.006497	0.7
107	-0.539542	29.826723	8.196969	0.009075	0.7
108	-0.549877	30.625590	8.070127	0.009318	0.6
109	-0.524839	31.024520	8.008244	0.007019	0.6
110	-0.519530	30.488603	8.091598	0.005532	0.6
111	-0.524282	30.059514	8.159597	0.012129	0.7
112	-0.511997	29.558265	8.240494	0.005149	0.6
113	-0.565636	29.790677	8.202786	0.007816	0.6
114	-0.538946	29.827602	8.196827	0.006976	0.6
115	-0.528311	30.827523	8.038684	0.008200	0.6
116	-0.509009	31.825891	7.886759	0.007330	0.6
117	-0.550685	31.289990	7.967587	0.010494	0.6
118	-0.523847	30.754076	8.050092	0.012570	0.7
119	-0.531641	31.754076	7.897495	0.011595	0.7
120	-0.553886	32.752501	7.750803	0.006305	0.7
121	-0.539937	33.752459	7.609248	0.009419	0.6
122	-0.520446	34.344473	7.527853	0.002551	0.6
123	-0.526960	34.767361	7.470769	0.003830	0.6
124	-0.539983	35.374391	7.390325	0.015426	0.7
125	-0.523002	34.859074	7.458503	0.006808	0.8
126	-0.539921	35.859074	7.327328	0.006422	0.6
127	-0.513582	36.842802	7.202712	0.010121	0.7
128	-0.537807	37.842530	7.080339	0.005410	0.6
129	-0.547092	37.309286	7.145089	0.008827	0.6
130	-0.540853	37.677515	7.100251	0.004970	0.6
131	-0.535911	38.566419	6.994294	0.005196	0.6
132	-0.533334	38.141497	7.044547	0.007184	0.7
133	-0.527490	39.101787	6.931991	0.009947	0.6
134	-0.505072	38.568268	6.994077	0.006620	0.6
135	-0.536769	39.568152	6.878616	0.006356	0.6
136	-0.538745	40.541542	6.769818	0.002862	0.6
137	-0.529581	40.476513	6.776979	0.007995	0.7
138	-0.495088	40.994299	6.720377	0.006310	0.6
139	-0.523165	40.465541	6.778189	0.008057	0.6
140	-0.557074	39.929776	6.837791	0.015316	0.6
141	-0.515623	39.393828	6.898471	0.009698	0.6
142	-0.484065	38.857881	6.960237	0.004471	0.6
143	-0.519988	39.855783	6.846105	0.007102	0.6
144	-0.529085	39.991031	6.830923	0.007979	0.6
145	-0.508282	39.512776	6.884911	0.008195	0.6
146	-0.530010	40.512769	6.772985	0.013598	0.8
147	-0.519672	40.175179	6.810361	0.011948	0.7
148	-0.545601	39.639231	6.870553	0.006905	0.8
149	-0.557422	39.199197	6.920774	0.006821	0.6
150	-0.561784	40.188232	6.808908	0.011202	0.6
151	-0.578129	39.665420	6.867587	0.010246	0.8
152	-0.545489	39.339229	6.904713	0.005085	0.6
153	-0.515090	39.240758	6.916000	0.008375	0.6
154	-0.545849	38.708162	6.977690	0.006330	0.6
155	-0.526418	38.611823	6.988967	0.003896	0.7
156	-0.521373	39.526024	6.883404	0.009899	0.7
157	-0.542120	39.006931	6.942949	0.004889	0.6
158	-0.554023	38.837179	6.962646	0.007992	0.6
159	-0.550547	38.304415	7.025195	0.008314	0.6
160	-0.513368	39.296778	6.909574	0.008056	0.6
161	-0.529116	40.247465	6.802323	0.008748	0.6
162	-0.545437	39.802964	6.852052	0.006945	0.7
163	-0.549700	40.772988	6.744454	0.013605	0.6
164	-0.534502	40.273905	6.799388	0.009481	0.6
165	-0.561721	39.738070	6.859373	0.012386	0.6
166	-0.522907	40.738070	6.748268	0.007685	0.9
167	-0.506961	40.248572	6.802200	0.007299	0.7
168	-0.530999	39.733097	6.859934	0.007673	0.6
169	-0.519587	39.197258	6.920997	0.013644	0.6
170	-0.547960	38.661315	6.983169	0.011873	0.6
171	-0.546534	38.125367	7.046469	0.004374	0.6
172	-0.546950	38.162254	7.042076	0.010357	0.6
173	-0.550640	39.037797	6.939380	0.014363	0.6
174	-0.532210	38.501862	7.001883	0.008330	0.6
175	-0.547806	39.361604	6.902154	0.007918	0.6
176	-0.512968	38.825862	6.963963	0.006975	0.6
177	-0.497012	38.290550	7.026838	0.010209	0.6
178	-0.535491	38.019460	7.059113	0.009791	0.6
179	-0.507258	39.019086	6.941543	0.006941	0.6
180	-0.518845	40.015829	6.828147	0.007626	0.6
181	-0.556935	39.533919	6.882506	0.008311	0.6
182	-0.514803	38.998853	6.943884	0.009443	0.6
183	-0.538792	38.477574	7.004742	0.008989	0.6
184	-0.518425	39.470392	6.889736	0.003111	0.6
185	-0.518917	40.344951	6.791514	0.005887	0.6
186	-0.542320	39.894880	6.841709	0.008493	0.7
187	-0.499722	39.367908	6.901433	0.010857	0.8
188	-0.513936	40.283500	6.798324	0.013319	0.8
189	-0.527078	41.283500	6.689172	0.010184	0.7
190	-0.495227	40.747553	6.747232	0.007665	0.7
191	-0.516275	41.746720	6.639790	0.005811	0.6
192	-0.490690	41.211543	6.696909	0.007110	0.6
193	-0.523957	42.208110	6.591323	0.008174	0.6
194	-0.553897	43.208063	6.488672	0.012311	0.6
195	-0.538490	42.675692	6.542922	0.009289	0.7
196	-0.527996	43.675692	6.441757	0.009474	0.6
197	-0.517893	43.139745	6.495583	0.006866	0.6
198	-0.502308	44.038778	6.405795	0.009388	0.6
199	-0.528420	45.035724	6.309086	0.007056	0.6
200	-0.561770	44.508767	6.359837	0.009635	0.6
201	-0.521915	45.370856	6.277229	0.010362	0.6
202	-0.539651	46.370752	6.184064	0.009246	0.6
203	-0.504354	47.370649	6.093625	0.009374	0.7
204	-0.540368	48.370559	6.005791	0.016687	0.7
205	-0.512382	47.836256	6.052407	0.010809	0.9
206	-0.518497	48.836256	5.965742	0.003849	0.7
207	-0.528042	48.312036	6.010862	0.012049	0.7
208	-0.487963	47.781131	6.057258	0.013389	0.6
209	-0.561810	48.780835	5.970480	0.014599	0.6
210	-0.524913	49.780835	5.886128	0.006765	0.6
211	-0.498851	49.244977	5.931030	0.005457	0.7
212	-0.571250	48.710406	5.976512	0.011483	0.6
213	-0.543832	48.175801	6.022700	0.009737	0.6
214	-0.546634	49.175796	5.936877	0.009529	0.7
215	-0.526148	48.639848	5.982567	0.005074	0.7
216	-0.511748	48.106833	6.028710	0.010241	0.6
217	-0.521755	48.428676	6.000763	0.008973	0.6
218	-0.543052	49.423269	5.916014	0.008751	0.6
219	-0.539316	48.888303	5.961299	0.009716	0.6
220	-0.506341	48.362662	6.006474	0.002636	0.6
221	-0.561204	48.320553	6.010123	0.006230	0.6
222	-0.549815	47.905158	6.046355	0.011491	0.6
223	-0.568960	47.370245	6.093661	0.006113	0.6
224	-0.536709	46.840463	6.141247	0.018593	0.7
225	-0.522890	46.304606	6.190142	0.009392	0.7
226	-0.561573	45.769143	6.239784	0.006729	0.7
227	-0.530886	46.768632	6.147757	0.003028	0.7
228	-0.540811	46.844750	6.140859	0.010208	0.7
229	-0.563131	46.310502	6.189600	0.011596	0.7
230	-0.578936	45.774588	6.239276	0.011021	0.6
231	-0.521391	46.774587	6.147217	0.009960	0.6
232	-0.542318	47.774587	6.057834	0.011377	0.6
233	-0.563352	48.004956	6.037611	0.013452	0.6
234	-0.502988	47.778480	6.057492	0.009097	0.6
235	-0.545211	47.242533	6.105064	0.011972	0.7
236	-0.545281	48.242384	6.016908	0.012156	0.6
237	-0.548627	49.242377	5.931249	0.013591	0.6
238	-0.543270	48.706445	5.976851	0.007152	0.6
239	-0.524274	49.419506	5.916330	0.005049	0.6
240	-0.506991	50.396212	5.835394	0.017103	0.6
241	-0.528712	49.860265	5.879530	0.008718	0.7
242	-0.493029	49.324345	5.924336	0.007128	0.6
243	-0.549320	48.816278	5.967449	0.007717	0.8
244	-0.525386	48.298193	6.012062	0.015187	0.7
245	-0.526429	49.298038	5.926553	0.004909	0.7
246	-0.546807	48.762108	5.972082	0.007946	0.7
247	-0.539760	49.447376	5.913990	0.009566	0.6
248	-0.530375	50.391504	5.835779	0.011009	0.6
249	-0.545305	49.855773	5.879903	0.007662	0.7
250	-0.538995	49.451180	5.913670	0.008354	0.7
251	-0.531838	49.021821	5.949932	0.009855	0.7
252	-0.527432	50.021819	5.866156	0.008565	0.7
253	-0.550226	50.998800	5.786556	0.006738	0.7
254	-0.534655	51.798057	5.723025	0.008025	0.7
255	-0.562746	51.262434	5.765445	0.008495	0.6
256	-0.528262	51.372614	5.756667	0.009630	0.6
257	-0.522547	52.364333	5.678850	0.011931	0.6
258	-0.514625	52.842576	5.642071	0.003329	0.6
259	-0.545231	53.567434	5.587225	0.005257	0.6
260	-0.544671	54.118901	5.546208	0.004766	0.6
261	-0.549958	53.727798	5.575235	0.009291	0.6
262	-0.546052	53.446298	5.596317	0.011444	0.7
263	-0.548698	52.910393	5.636894	0.005901	0.7
264	-0.509913	52.380432	5.677604	0.010213	0.8
265	-0.520286	52.451200	5.672134	0.005697	0.8
266	-0.518851	51.915264	5.713825	0.007409	0.6
267	-0.513607	52.732736	5.650476	0.008747	0.8
268	-0.505464	52.201644	5.691471	0.005854	0.6
269	-0.524659	53.177702	5.616581	0.007897	0.7
270	-0.530855	52.688376	5.653878	0.010807	0.7
271	-0.515326	53.686876	5.578290	0.017302	0.7
272	-0.542703	53.207289	5.614341	0.004730	0.7
273	-0.514198	54.207151	5.539700	0.007852	0.7
274	-0.533830	53.824066	5.568062	0.009290	0.7
275	-0.508904	54.823760	5.494651	0.006351	0.7
276	-0.537260	55.804945	5.424456	0.008764	0.6
277	-0.495880	55.269208	5.462559	0.009037	0.7
278	-0.528424	55.944021	5.414652	0.005586	0.6
279	-0.518917	55.418102	5.451916	0.009507	0.7
280	-0.544427	56.401547	5.382645	0.008930	0.7
281	-0.547343	57.396880	5.314307	0.007728	0.8
282	-0.511623	58.382024	5.248355	0.010875	0.7
283	-0.516896	59.215152	5.193845	0.013221	0.7
284	-0.583798	60.214914	5.129908	0.011699	0.7
285	-0.538849	59.678967	5.163986	0.012478	0.7
286	-0.529845	59.722582	5.161196	0.008810	0.6
287	-0.573071	60.665906	5.101579	0.009581	0.6
288	-0.493192	61.665738	5.039876	0.007587	0.6
289	-0.538169	61.165742	5.070545	0.007287	0.7
290	-0.547692	60.639336	5.103239	0.017795	0.8
291	-0.549910	60.170120	5.132739	0.007986	0.7
292	-0.487280	61.170120	5.070274	0.010534	0.7
293	-0.546885	62.170096	5.009313	0.005766	0.6
294	-0.572421	63.076107	4.955332	0.004168	0.6
295	-0.539978	62.827403	4.970034	0.007732	0.7
296	-0.548876	63.287655	4.942895	0.005839	0.6
297	-0.497058	62.870847	4.967460	0.009032	0.6
298	-0.552018	63.852601	4.909986	0.004383	0.6
299	-0.546573	63.325809	4.940659	0.011300	0.6
300	-0.539321	64.320194	4.883077	0.010239	0.8
301	-0.533741	65.320141	4.826510	0.005582	0.9
302	-0.503555	66.309677	4.771809	0.006209	0.7
303	-0.529137	66.697890	4.750685	0.008549	0.6
304	-0.567247	67.694089	4.697326	0.012553	0.6
305	-0.519617	68.252762	4.667923	0.010780	0.7
306	-0.523879	67.716819	4.696123	0.013760	0.8
307	-0.547176	67.180875	4.724665	0.008369	0.7
308	-0.542033	68.180875	4.671686	0.006754	0.8
309	-0.525134	69.157527	4.621079	0.005861	0.9
310	-0.559910	68.710007	4.644131	0.004600	0.8
311	-0.522645	69.335008	4.612000	0.007255	0.8
312	-0.510041	68.803353	4.639304	0.005213	0.6
313	-0.568013	69.737057	4.591565	0.007416	0.8
314	-0.537724	69.215572	4.618106	0.014217	0.7
315	-0.540363	69.085806	4.624758	0.007093	0.7
316	-0.542238	70.085740	4.573988	0.003533	0.8
317	-0.564308	70.993635	4.528847	0.013160	0.7
318	-0.488927	71.933013	4.483068	0.006026	0.6
319	-0.517077	72.933010	4.435342	0.005533	0.8
320	-0.525558	72.980847	4.433085	0.006599	0.7
321	-0.538343	72.514222	4.455205	0.009765	0.6
322	-0.515581	71.979009	4.480851	0.006114	0.6
323	-0.549658	71.486935	4.504691	0.007793	0.7
324	-0.541483	71.131185	4.522085	0.013333	0.7
325	-0.542789	70.595240	4.548545	0.010559	0.6
326	-0.577921	71.595240	4.499422	0.010888	0.6
327	-0.532511	72.523361	4.454770	0.007853	0.6
328	-0.521021	71.987416	4.480446	0.011661	0.7
329	-0.545158	71.459308	4.506037	0.010107	0.7
330	-0.505897	70.926591	4.532150	0.007346	0.7
331	-0.543452	71.926380	4.483388	0.007976	0.6
332	-0.560651	72.912341	4.436319	0.006898	0.7
333	-0.533629	72.450854	4.458226	0.012995	0.6
334	-0.520771	71.918361	4.483775	0.008867	0.6
335	-0.490725	72.918318	4.436036	0.004206	0.7
336	-0.512550	72.878734	4.437907	0.008683	0.7
337	-0.538643	73.621764	4.403057	0.007916	0.6
338	-0.556272	74.621492	4.357023	0.006609	0.6
339	-0.532585	74.089231	4.381412	0.014748	0.6
340	-0.521436	73.553301	4.406246	0.009280	0.6
341	-0.546368	73.017367	4.431363	0.011604	0.7
342	-0.513883	74.017366	4.384725	0.015321	0.6
343	-0.525934	75.017366	4.339059	0.004450	0.6
344	-0.533961	75.828740	4.302700	0.009712	0.6
345	-0.557125	75.299240	4.326359	0.011503	0.7
346	-0.550756	76.298901	4.281909	0.012552	0.6
347	-0.557908	77.298901	4.238349	0.005051	0.6
348	-0.504906	76.763363	4.261566	0.007377	0.6
349	-0.546924	77.705380	4.220895	0.005463	0.7
350	-0.560876	78.227916	4.198668	0.008425	0.7
351	-0.517495	77.692414	4.221450	0.015642	0.7
352	-0.538543	78.654444	4.180697	0.005333	0.6
353	-0.526889	78.183995	4.200527	0.007118	0.6
354	-0.532807	79.140103	4.160422	0.006562	0.6
355	-0.547519	80.122341	4.120010	0.008482	0.6
356	-0.539373	79.587214	4.141929	0.006979	0.6
357	-0.550113	79.062839	4.163634	0.007818	0.7
358	-0.550750	80.062337	4.122456	0.010428	0.6
359	-0.543834	79.526391	4.144435	0.009710	0.7
360	-0.503532	78.990444	4.166649	0.005680	0.7
361	-0.542945	78.616493	4.182290	0.003998	0.6
362	-0.524679	78.414554	4.190785	0.006405	0.6
363	-0.520907	79.369553	4.150911	0.005998	0.6
364	-0.489965	80.065766	4.122316	0.007383	0.6
365	-0.541623	81.062917	4.082041	0.006914	0.6
366	-0.532775	82.028161	4.043798	0.002183	0.6
367	-0.511675	81.639175	4.059123	0.010693	0.6
368	-0.560123	81.986063	4.045451	0.010394	0.6
369	-0.512262	81.450141	4.066613	0.010959	0.6
370	-0.517865	82.404358	4.029086	0.005890	0.6
371	-0.503667	83.399536	3.990679	0.007827	0.6
372	-0.534390	83.876973	3.972512	0.005186	0.7
373	-0.558498	83.478918	3.987647	0.008952	0.7
374	-0.538979	84.477590	3.949892	0.013557	0.7
375	-0.509094	83.979748	3.968623	0.005039	0.8
376	-0.535558	84.979501	3.931185	0.006858	0.7
377	-0.513021	85.971826	3.894718	0.009039	0.6
378	-0.534930	85.436244	3.914316	0.007315	0.7
379	-0.540570	86.435026	3.877926	0.014438	0.6
380	-0.551104	85.899078	3.897368	0.011777	0.6
381	-0.518427	86.899071	3.861248	0.008017	0.6
382	-0.508592	87.899070	3.825791	0.003334	0.6
383	-0.521616	88.283308	3.812339	0.008055	0.6
384	-0.560666	87.766279	3.830462	0.017930	0.6
385	-0.555839	87.230331	3.849430	0.006755	0.6
386	-0.529220	88.230331	3.814188	0.008898	0.6
387	-0.545953	87.806336	3.829051	0.012258	0.6
388	-0.526557	88.806336	3.794181	0.007984	0.6
389	-0.510609	89.806334	3.759939	0.014473	0.6
390	-0.518510	89.270390	3.778213	0.009360	0.6
391	-0.540089	88.734444	3.796666	0.006693	0.6
392	-0.542992	88.786014	3.794883	0.006806	0.6
393	-0.562495	88.565256	3.802529	0.006998	0.6
394	-0.542750	88.033119	3.821087	0.015009	0.6
395	-0.513370	89.032878	3.786369	0.004135	0.6
396	-0.527837	90.032255	3.752289	0.008633	0.6
397	-0.524165	91.028413	3.718923	0.003026	0.6
398	-0.542553	90.500998	3.736514	0.012099	0.6
399	-0.550412	91.402232	3.706555	0.017257	0.6
400	-0.526304	92.401575	3.673891	0.013919	0.6
401	-0.526563	92.002456	3.686867	0.007022	0.6
402	-0.556019	91.467343	3.704409	0.007709	0.6
403	-0.550428	90.933565	3.722074	0.009807	0.6
404	-0.537589	91.913623	3.689768	0.010898	0.6
405	-0.516172	92.893591	3.658020	0.011245	0.6
406	-0.558385	93.029833	3.653650	0.003742	0.6
407	-0.547505	93.000714	3.654583	0.006273	0.7
408	-0.537073	93.649837	3.633891	0.005424	0.6
409	-0.547685	94.050551	3.621235	0.007993	0.6
410	-0.513388	93.515822	3.638144	0.004776	0.6
411	-0.522164	93.565911	3.636553	0.015432	0.6
412	-0.526137	93.151768	3.649747	0.008292	0.5
413	-0.515316	94.151600	3.618057	0.010506	0.7
414	-0.554808	93.615713	3.634973	0.003017	0.7
415	-0.514939	93.082879	3.651951	0.011241	0.6
416	-0.545342	92.552386	3.669012	0.005896	0.6
417	-0.547937	93.552248	3.636987	0.006481	0.7
418	-0.516513	93.024468	3.653822	0.003488	0.6
419	-0.564128	93.959906	3.624090	0.007048	0.6
420	-0.539522	94.918664	3.594115	0.012728	0.6
421	-0.526524	94.383474	3.610786	0.009087	0.6
422	-0.519153	94.988489	3.591952	0.004949	0.6
423	-0.530967	95.988076	3.561261	0.008346	0.6
424	-0.543509	96.308965	3.551519	0.013270	0.6
425	-0.512359	96.921914	3.533059	0.011922	0.6
426	-0.532283	96.385987	3.549189	0.010318	0.6
427	-0.526021	97.383475	3.519284	0.005656	0.6
428	-0.524654	96.847563	3.535288	0.008186	0.6
429	-0.508210	97.840190	3.505759	0.012558	0.6
430	-0.525951	98.840189	3.476505	0.011169	0.6
431	-0.511860	99.840181	3.447736	0.009354	0.6
432	-0.516515	100.839760	3.419451	0.015824	0.6
433	-0.529103	101.839708	3.391616	0.009156	0.6
434	-0.539055	101.306979	3.406388	0.007310	0.6
435	-0.534811	102.304835	3.378822	0.010263	0.6
436	-0.547168	103.303474	3.351677	0.007596	0.6
437	-0.503552	104.297842	3.325078	0.006366	0.7
438	-0.528940	105.267662	3.299539	0.009192	0.7
439	-0.566949	106.256441	3.273902	0.015334	0.6
440	-0.523835	107.256441	3.248375	0.014328	0.6
441	-0.514624	108.256441	3.223244	0.011969	0.6
442	-0.531256	107.720533	3.236664	0.005470	0.6
443	-0.510929	108.720522	3.211713	0.008578	0.6
444	-0.528205	109.718953	3.187182	0.003409	0.6
445	-0.537965	110.481751	3.168691	0.005078	0.6
446	-0.519903	110.076685	3.178483	0.008163	0.6
447	-0.522964	110.334895	3.172234	0.010262	0.6
448	-0.517273	111.326372	3.148466	0.011164	0.6
449	-0.511440	110.790433	3.161269	0.005548	0.6
450	-0.518255	110.325335	3.172465	0.013034	0.6
451	-0.564230	111.325264	3.148492	0.007145	0.6
452	-0.520535	110.789523	3.161291	0.005408	0.6
453	-0.521304	110.255692	3.174149	0.003096	0.6
454	-0.518714	110.564435	3.166700	0.007810	0.6
455	-0.535184	110.036868	3.179449	0.007939	0.6
456	-0.508621	111.029405	3.155548	0.004302	0.6
457	-0.530204	111.479179	3.144834	0.003646	0.6
458	-0.544718	111.518275	3.143906	0.007134	0.7
459	-0.546203	110.993196	3.156413	0.011511	0.7
460	-0.528104	110.457250	3.169282	0.006739	0.7
461	-0.517806	111.457198	3.145356	0.007686	0.6
462	-0.526432	112.456898	3.121795	0.007112	0.7
463	-0.480711	113.443054	3.098896	0.004013	0.6
464	-0.529883	112.994413	3.109272	0.009212	0.6
465	-0.539925	112.496724	3.120864	0.006766	0.6
466	-0.507818	111.961063	3.133437	0.009869	0.6
467	-0.535741	111.429458	3.146015	0.006747	0.6
468	-0.549121	110.911900	3.158358	0.012750	0.6
469	-0.502901	111.911854	3.134597	0.014956	0.6
470	-0.527341	111.375952	3.147287	0.013506	0.6
471	-0.551992	110.840004	3.160081	0.013522	0.6
472	-0.573205	111.831840	3.136485	0.004487	0.6
473	-0.528213	112.578410	3.118955	0.005556	0.6
474	-0.521067	113.547263	3.096496	0.009358	0.6
475	-0.517126	113.612650	3.094992	0.011123	0.6
476	-0.538385	114.584176	3.072815	0.013633	0.6
477	-0.508474	115.584176	3.050317	0.011821	0.7
478	-0.529691	116.584176	3.028147	0.005366	0.7
479	-0.508816	117.583407	3.006313	0.011120	0.7
480	-0.545864	117.064770	3.017606	0.008153	0.6
481	-0.520747	117.764247	3.002395	0.009594	0.6
482	-0.540598	118.764244	2.980913	0.007681	0.6
483	-0.512992	119.742293	2.960198	0.006163	0.6
484	-0.556180	120.737384	2.939415	0.006077	0.6
485	-0.533670	120.224223	2.950096	0.006700	0.6
486	-0.488629	120.557319	2.943155	0.010287	0.6
487	-0.548103	121.424871	2.925227	0.005379	0.6
488	-0.536523	121.149310	2.930898	0.003596	0.6
489	-0.540231	121.125165	2.931395	0.012993	0.6
490	-0.514074	120.591625	2.942441	0.008090	0.6
491	-0.551924	121.591625	2.921806	0.010470	0.6
492	-0.507067	121.112373	2.931659	0.012753	0.6
493	-0.546374	122.112351	2.911175	0.005832	0.6
494	-0.575409	121.576415	2.922118	0.005655	0.6
495	-0.558584	121.397041	2.925799	0.008299	0.6
496	-0.538640	120.861524	2.936843	0.008276	0.6
497	-0.540732	120.325626	2.947980	0.008795	0.6
498	-0.514480	119.965163	2.955518	0.007553	0.7
499	-0.528534	119.429232	2.966797	0.006454	0.7
500	-0.552949	118.893581	2.978157	0.009167	0.7
501	-0.548603	118.358019	2.989602	0.013544	0.9
502	-0.537948	117.822071	3.001144	0.008306	0.6
503	-0.540676	117.286950	3.012758	0.010291	0.6
504	-0.496239	118.284512	2.991180	0.008374	0.6
505	-0.524950	118.988336	2.976141	0.002583	0.6
506	-0.536924	119.277204	2.970013	0.008963	0.6
507	-0.557157	120.226928	2.950040	0.004664	0.6
508	-0.495920	119.763302	2.959756	0.011374	0.6
509	-0.512345	119.503617	2.965227	0.013042	0.6
510	-0.512628	119.347627	2.968522	0.008109	0.6
511	-0.510192	118.811679	2.979902	0.004321	0.6
512	-0.535625	119.739297	2.960261	0.005299	0.7
513	-0.563295	119.232475	2.970960	0.008030	0.6
514	-0.512358	120.118217	2.952312	0.011950	0.6
515	-0.508538	121.117960	2.931544	0.012709	0.6
516	-0.534511	122.117960	2.911061	0.006308	0.6
517	-0.539046	121.691440	2.919762	0.006018	0.6
518	-0.519821	121.309356	2.927601	0.009428	0.7
519	-0.522820	120.795346	2.938214	0.010325	0.7
520	-0.501112	120.278075	2.948972	0.005186	0.7
521	-0.494645	119.743795	2.960166	0.002992	0.7
522	-0.527913	120.103363	2.952623	0.012575	0.7
523	-0.550479	120.887856	2.936298	0.007322	0.6
524	-0.536197	120.351911	2.947431	0.011040	0.7
525	-0.532491	121.351751	2.926729	0.014529	0.6
526	-0.564169	120.815803	2.937790	0.006429	0.6
527	-0.548279	120.285301	2.948821	0.002856	0.6
528	-0.539812	119.776489	2.959479	0.003993	0.6
529	-0.480139	119.422515	2.966939	0.006085	0.6
530	-0.568982	120.307693	2.948354	0.011205	0.6
531	-0.539627	119.771814	2.959577	0.009909	0.6
532	-0.498516	120.771813	2.938702	0.012829	0.6
533	-0.511226	121.760025	2.918359	0.010237	0.6
534	-0.518093	122.358363	2.906179	0.002515	0.6
535	-0.528389	121.941970	2.914645	0.006581	0.6
536	-0.499259	121.830971	2.916910	0.008289	0.6
537	-0.528212	121.295137	2.927894	0.008966	0.7
538	-0.544089	120.759197	2.938963	0.011061	0.7
539	-0.555423	121.745284	2.918661	0.011595	0.7
540	-0.541949	122.745277	2.898357	0.008196	0.6
541	-0.541157	123.745125	2.878336	0.006493	0.6
542	-0.535151	123.210909	2.888998	0.005903	0.6
543	-0.543089	124.141265	2.870480	0.014049	0.6
544	-0.545217	123.620815	2.880810	0.017206	0.6
545	-0.541529	123.084867	2.891525	0.007637	0.6
546	-0.538975	122.558451	2.902128	0.012168	0.6
547	-0.526450	122.136266	2.910688	0.009157	0.6
548	-0.532651	123.103164	2.891158	0.004186	0.6
549	-0.530508	122.815780	2.896936	0.005836	0.6
550	-0.540469	123.631871	2.880590	0.007011	0.6
551	-0.519311	124.617255	2.861097	0.009432	0.6
552	-0.529660	125.616962	2.841588	0.014730	0.6
553	-0.522034	126.616962	2.822339	0.006834	0.6
554	-0.501525	126.136416	2.831556	0.007599	0.6
555	-0.517478	125.628694	2.841361	0.009626	0.6
556	-0.519710	125.093108	2.851778	0.008131	0.6
557	-0.522660	124.557175	2.862278	0.005308	0.6
558	-0.540910	124.341804	2.866519	0.004246	0.8
559	-0.522393	125.108135	2.851484	0.006547	0.7
560	-0.541751	125.744855	2.839112	0.002818	0.7
561	-0.552823	126.392808	2.826631	0.012250	0.6
562	-0.544156	127.328069	2.808808	0.010602	0.6
563	-0.535009	128.327916	2.790001	0.004486	0.6
564	-0.549272	129.325985	2.771477	0.008863	0.6
565	-0.503763	129.982371	2.759429	0.017535	0.7
566	-0.545123	129.446424	2.769259	0.016529	0.6
567	-0.574705	130.446424	2.750973	0.010318	0.6
568	-0.525008	131.446424	2.732928	0.006318	0.6
569	-0.536125	132.220984	2.719112	0.002762	0.6
570	-0.517729	131.784774	2.726876	0.007375	0.6
571	-0.552710	132.697070	2.710690	0.009437	0.6
572	-0.521788	133.657579	2.693855	0.008346	0.6
573	-0.530819	133.121635	2.703222	0.008948	0.6
574	-0.544066	134.119176	2.685839	0.007866	0.6
575	-0.533632	135.117020	2.668672	0.004607	0.6
576	-0.530691	135.667042	2.659303	0.013704	0.6
577	-0.576286	136.663042	2.642503	0.007700	0.6
578	-0.527634	137.662974	2.625849	0.004516	0.7
579	-0.522309	137.802616	2.623540	0.012388	0.7
580	-0.533840	137.344429	2.631132	0.012135	0.6
581	-0.543397	138.344429	2.614620	0.008908	0.6
582	-0.509989	137.808482	2.623443	0.013287	0.6
583	-0.545314	138.291735	2.615484	0.005542	0.6
584	-0.541739	137.942751	2.621227	0.015993	0.6
585	-0.533098	137.414903	2.629961	0.007914	0.6
586	-0.515281	137.846205	2.622820	0.007833	0.7
587	-0.552766	137.311605	2.631677	0.011918	0.8
588	-0.534911	138.223365	2.616608	0.009126	0.7
589	-0.550204	137.687679	2.625441	0.011871	0.7
590	-0.505838	137.151732	2.634338	0.003817	0.6
591	-0.508189	136.619512	2.643233	0.012748	0.6
592	-0.518653	137.372023	2.630673	0.003489	0.6
593	-0.551852	136.878715	2.638893	0.010542	0.6
594	-0.513183	136.461487	2.645885	0.005219	0.6
595	-0.531610	136.469754	2.645747	0.007612	0.6
596	-0.528618	136.975006	2.637285	0.010031	0.6
597	-0.545016	137.965827	2.620847	0.003186	0.6
598	-0.523290	137.433817	2.629647	0.004888	0.9
599	-0.549857	137.225956	2.633102	0.009523	0.7
600	-0.531915	138.215832	2.616731	0.012028	0.6
601	-0.533194	137.801427	2.623560	0.010235	0.6
602	-0.533312	138.793313	2.607275	0.005125	0.6
603	-0.536014	138.257492	2.616047	0.004960	0.7
604	-0.526400	137.807965	2.623452	0.007699	0.6
605	-0.555757	138.792315	2.607291	0.003652	0.6
606	-0.557348	138.700086	2.608797	0.015804	0.6
607	-0.551984	139.698532	2.592588	0.010053	0.7
608	-0.540093	140.698531	2.576554	0.007059	0.7
609	-0.512938	140.162625	2.585122	0.002149	0.7
610	-0.522039	139.686079	2.592789	0.007667	0.7
611	-0.527056	139.371048	2.597882	0.010949	0.6
612	-0.520930	140.371011	2.581784	0.008503	0.6
613	-0.552877	139.835072	2.590387	0.013828	0.6
614	-0.535478	139.299130	2.599048	0.007512	0.6
615	-0.517499	140.265662	2.583470	0.004190	0.6
616	-0.545236	140.800824	2.574925	0.004381	0.7
617	-0.533194	140.610226	2.577962	0.014478	0.7
618	-0.543313	141.607858	2.562146	0.007294	0.7
619	-0.546251	141.495895	2.563911	0.009419	0.6
620	-0.515907	142.495863	2.548230	0.007022	0.6
621	-0.550894	143.491322	2.532809	0.004706	0.6
622	-0.532832	143.542911	2.532015	0.011644	0.6
623	-0.556210	143.008309	2.540268	0.008295	0.6
624	-0.505164	142.476473	2.548532	0.004808	0.6
625	-0.523039	142.061088	2.555024	0.012334	0.6
626	-0.518138	141.537963	2.563248	0.010701	0.6
627	-0.545853	142.537960	2.547574	0.003764	0.6
628	-0.522254	142.199979	2.552850	0.007619	0.7
629	-0.524574	141.714990	2.560459	0.007923	0.6
630	-0.535020	142.684065	2.545300	0.008200	0.7
631	-0.495917	142.148121	2.553661	0.001799	0.6
632	-0.536811	142.681006	2.545348	0.009154	0.6
633	-0.511884	142.197344	2.552891	0.003581	0.6
634	-0.518796	141.892208	2.557673	0.005290	0.6
635	-0.542484	142.618612	2.546318	0.010836	0.6
636	-0.527497	142.107664	2.554295	0.007897	0.7
637	-0.529692	141.572084	2.562710	0.008342	0.7
638	-0.521247	141.036150	2.571186	0.008937	0.6
639	-0.534711	140.500211	2.579718	0.004257	0.6
640	-0.532516	140.150980	2.585309	0.007490	0.6
641	-0.500771	141.060910	2.570793	0.016031	0.6
642	-0.568029	142.060910	2.555027	0.009290	0.6
643	-0.522906	141.524963	2.563453	0.006873	0.6
644	-0.547108	141.350539	2.566207	0.006840	0.6
645	-0.526614	142.346225	2.550564	0.008814	0.6
646	-0.568513	143.344739	2.535068	0.007873	0.6
647	-0.559294	144.343443	2.519756	0.007081	0.6
648	-0.515178	145.304159	2.505199	0.008170	0.6
649	-0.526515	144.782477	2.513083	0.008409	0.5
650	-0.514006	144.246931	2.521227	0.006017	0.6
651	-0.522842	145.246747	2.506064	0.007374	0.6
652	-0.544544	145.690013	2.499400	0.009716	0.8
653	-0.545085	145.165415	2.507291	0.011945	0.7
654	-0.557091	144.629467	2.515404	0.004701	0.6
655	-0.533122	144.256927	2.521075	0.006043	0.8
656	-0.540576	145.183603	2.507017	0.014452	0.6
657	-0.532699	144.664847	2.514867	0.008852	0.7
658	-0.540924	144.128915	2.523029	0.010094	0.6
659	-0.549185	145.128780	2.507844	0.010025	0.6
660	-0.514445	146.128767	2.492839	0.006944	0.6
661	-0.532809	147.128561	2.478015	0.009049	0.6
662	-0.541931	146.717459	2.484089	0.009758	0.6
663	-0.525539	146.192419	2.491890	0.011642	0.6
664	-0.511814	147.192419	2.477074	0.001791	0.6
665	-0.531625	147.214852	2.476744	0.004238	0.6
666	-0.538512	147.061151	2.479009	0.007657	0.6
667	-0.575028	146.531737	2.486843	0.011348	0.6
668	-0.528732	147.531666	2.472088	0.010035	0.6
669	-0.530384	147.589327	2.471242	0.012850	0.6
670	-0.514274	147.053398	2.479123	0.004030	0.6
671	-0.535759	146.521527	2.486994	0.011220	0.6
672	-0.520261	147.309891	2.475345	0.009060	0.6
673	-0.534716	146.774270	2.483248	0.009859	0.6
674	-0.526582	146.238357	2.491205	0.009834	0.7
675	-0.524484	147.238355	2.476398	0.003569	0.7
676	-0.571089	146.814322	2.482655	0.009257	0.6
677	-0.527271	146.367592	2.489282	0.012204	0.7
678	-0.522759	147.367592	2.474497	0.007158	0.7
679	-0.516434	148.359230	2.460008	0.008812	0.7
680	-0.487643	149.240314	2.447276	0.008528	0.7
681	-0.536527	148.705376	2.454990	0.007263	0.6
682	-0.542166	148.663602	2.455595	0.003146	0.7
683	-0.541300	148.220291	2.462028	0.006555	0.7
684	-0.531678	149.102354	2.449261	0.011711	0.6
685	-0.564346	150.095858	2.435039	0.009942	0.6
686	-0.539846	150.059202	2.435561	0.006672	0.6
687	-0.541497	149.552898	2.442791	0.007281	0.6
688	-0.525911	150.545872	2.428651	0.006396	0.6
689	-0.500814	151.510982	2.415064	0.004819	0.6
690	-0.525801	152.480693	2.401564	0.008276	0.6
691	-0.503545	152.573874	2.400275	0.009773	0.6
692	-0.528449	152.051804	2.407516	0.013134	0.6
693	-0.542396	152.897904	2.395803	0.011208	0.7
694	-0.553431	152.361957	2.403209	0.006264	0.7
695	-0.543355	153.361853	2.389428	0.012823	0.7
696	-0.522181	153.090350	2.393154	0.008917	0.8
697	-0.553368	152.562671	2.400430	0.006168	0.7
698	-0.575000	152.034050	2.407763	0.010205	0.8
699	-0.554461	151.498220	2.415243	0.013643	0.6
700	-0.531458	150.962273	2.422770	0.005426	0.6
701	-0.507912	151.962169	2.408764	0.008096	0.6
702	-0.527793	152.810214	2.397011	0.007406	0.6
703	-0.517418	153.809142	2.383314	0.009134	0.6
704	-0.519071	153.680609	2.385068	0.009340	0.6
705	-0.524505	153.146936	2.392377	0.004002	0.6
706	-0.523588	153.644537	2.385560	0.006664	0.6
707	-0.538063	154.055203	2.379964	0.011156	0.6
708	-0.545897	153.590444	2.386299	0.002218	0.6
709	-0.527116	154.242965	2.377414	0.007316	0.6
710	-0.560873	154.806065	2.369799	0.006775	0.6
711	-0.541714	154.270357	2.377042	0.006961	0.6
712	-0.537585	154.451328	2.374591	0.006148	0.7
713	-0.549532	153.920956	2.381790	0.011682	0.6
714	-0.552381	154.307980	2.376532	0.010345	0.6
715	-0.513306	153.772032	2.383820	0.008802	0.7
716	-0.541630	154.545732	2.373314	0.008193	0.8
717	-0.526695	154.009819	2.380581	0.013002	0.6
718	-0.519871	155.009819	2.367056	0.008300	0.6
719	-0.528138	156.006843	2.353723	0.012600	0.6
720	-0.539885	155.471012	2.360870	0.012940	0.6
721	-0.554544	156.470767	2.347570	0.005401	0.6
722	-0.536149	157.394894	2.335409	0.008684	0.6
723	-0.513660	157.601139	2.332712	0.013178	0.6
724	-0.555776	157.065348	2.339731	0.005947	0.6
725	-0.527149	158.062467	2.326702	0.011871	0.6
726	-0.534227	157.671340	2.331796	0.008135	0.6
727	-0.523158	158.323519	2.323315	0.002988	0.6
728	-0.522535	157.849453	2.329474	0.006843	0.6
729	-0.523733	157.489346	2.334173	0.010777	0.6
730	-0.542812	157.217498	2.337734	0.009397	0.6
731	-0.542403	158.217494	2.324690	0.006281	0.6
732	-0.499269	157.909443	2.328692	0.007865	0.6
733	-0.546287	157.457687	2.334587	0.003725	0.6
734	-0.516376	156.946623	2.341292	0.006591	0.6
735	-0.540380	157.690409	2.331547	0.010335	0.6
736	-0.549989	157.157667	2.338519	0.009095	0.7
737	-0.507618	158.117768	2.325984	0.011325	0.7
738	-0.521325	157.581845	2.332964	0.012530	0.7
739	-0.513228	157.045899	2.339987	0.011600	0.8
740	-0.520949	158.045893	2.326918	0.007436	0.6
741	-0.544228	159.036539	2.314114	0.004749	0.6
742	-0.512667	159.824383	2.304031	0.007516	0.6
743	-0.519505	159.313195	2.310563	0.012767	0.6
744	-0.520704	158.801626	2.317137	0.011442	0.6
745	-0.540688	159.784950	2.304534	0.015834	0.6
746	-0.530950	160.783213	2.291879	0.007394	0.6
747	-0.533254	161.783204	2.279340	0.007546	0.6
748	-0.542434	162.783017	2.266940	0.004658	0.6
749	-0.554893	162.249128	2.273545	0.008116	0.6
750	-0.556835	162.862612	2.265959	0.005889	0.6
751	-0.533659	162.548507	2.269836	0.008888	0.6
752	-0.525276	163.544678	2.257584	0.007432	0.6
753	-0.528107	163.368364	2.259743	0.006246	0.6
754	-0.572878	162.833606	2.266316	0.011081	0.6
755	-0.507747	163.833570	2.254055	0.016847	0.6
756	-0.523803	164.828291	2.241989	0.004351	0.7
757	-0.498617	164.474007	2.246272	0.007696	0.7
758	-0.543904	165.417889	2.234899	0.009668	0.6
759	-0.521475	164.881942	2.241342	0.009138	0.6
760	-0.521203	164.370009	2.247532	0.006477	0.6
761	-0.543688	163.891177	2.253353	0.007436	0.6
762	-0.539719	163.361351	2.259829	0.009631	0.6
763	-0.493977	164.358885	2.247667	0.003653	0.6
764	-0.544622	164.343619	2.247852	0.009622	0.6
765	-0.536797	163.826145	2.254146	0.010093	0.6
766	-0.507531	163.290198	2.260701	0.006361	0.6
767	-0.539317	162.754696	2.267289	0.006790	0.6
768	-0.530953	163.318099	2.260359	0.013044	0.6
769	-0.544881	164.318057	2.248162	0.007935	0.6
770	-0.537381	165.267133	2.236707	0.010111	0.6
771	-0.525333	164.731203	2.243161	0.009177	0.6
772	-0.554428	165.727486	2.231193	0.007860	0.6
773	-0.554992	165.831280	2.229953	0.013006	0.6
774	-0.532922	166.783198	2.218649	0.008923	0.6
775	-0.527281	166.247250	2.225000	0.004521	0.6
776	-0.539777	165.809282	2.230216	0.008940	0.7
777	-0.530902	165.366828	2.235511	0.007390	0.6
778	-0.492152	165.667772	2.231907	0.007422	0.7
779	-0.520572	166.373815	2.223497	0.011684	0.7
780	-0.539615	167.373780	2.211693	0.011409	0.8
781	-0.518399	166.837832	2.218004	0.010828	0.6
782	-0.530741	166.329209	2.224026	0.004125	0.6
783	-0.524419	165.793777	2.230401	0.006738	0.6
784	-0.544740	166.714696	2.219459	0.007192	0.6
785	-0.550861	166.178804	2.225813	0.005758	0.6
786	-0.555501	165.669461	2.231887	0.011524	0.6
787	-0.546081	166.494488	2.222066	0.008205	0.6
788	-0.518262	167.344602	2.212036	0.005320	0.6
789	-0.555570	166.814979	2.218274	0.005649	0.6
790	-0.534327	166.441074	2.222699	0.005505	0.6
791	-0.512405	165.926296	2.228820	0.008989	0.6
792	-0.539611	166.924286	2.216984	0.008119	0.7
793	-0.549119	166.390212	2.223302	0.008425	0.6
794	-0.490634	167.028159	2.215759	0.010934	0.6
795	-0.528557	166.492214	2.222093	0.010848	0.6
796	-0.507227	166.009322	2.227830	0.011105	0.7
797	-0.543561	165.473374	2.234234	0.005100	0.7
798	-0.535820	166.407712	2.223095	0.008944	0.7
799	-0.517921	166.944879	2.216741	0.004836	0.6
800	-0.556879	166.410137	2.223066	0.013570	0.6
801	-0.504088	166.077520	2.227018	0.008455	0.6
802	-0.519017	167.077518	2.215177	0.010918	0.6
803	-0.536043	168.077517	2.203462	0.015545	0.7
804	-0.528188	167.541569	2.209725	0.012481	0.6
805	-0.551649	167.677029	2.208139	0.004775	0.6
806	-0.532403	168.676974	2.196498	0.006644	0.6
807	-0.528928	168.239562	2.201575	0.011299	0.6
808	-0.494410	168.288399	2.201007	0.007260	0.6
809	-0.556363	168.767333	2.195452	0.007668	0.6
810	-0.527875	169.766796	2.183950	0.002622	0.6
811	-0.582156	170.194548	2.179064	0.013963	0.6
812	-0.541218	169.688700	2.184844	0.008414	0.6
813	-0.525247	170.688667	2.173447	0.007773	0.6
814	-0.522479	170.152761	2.179540	0.004990	0.7
815	-0.544736	171.150126	2.168227	0.012063	0.6
816	-0.532288	170.682426	2.173517	0.012787	0.7
817	-0.539397	171.682420	2.162237	0.008684	0.7
818	-0.563888	171.146492	2.168268	0.011146	0.7
819	-0.561483	172.142606	2.157085	0.010716	0.6
820	-0.546843	171.606687	2.163087	0.008671	0.6
821	-0.501506	171.832198	2.160558	0.011835	0.6
822	-0.554406	171.296349	2.166578	0.012505	0.7
823	-0.537223	170.760401	2.172633	0.005036	0.7
824	-0.533994	171.484291	2.164463	0.010899	0.6
825	-0.536946	170.948686	2.170502	0.009973	0.6
826	-0.537364	170.437115	2.176302	0.007812	0.6
827	-0.546592	171.437102	2.164993	0.009945	0.6
828	-0.515162	170.901389	2.171037	0.013592	0.6
829	-0.547005	171.548992	2.163735	0.007827	0.6
830	-0.515478	171.071914	2.169110	0.014790	0.6
831	-0.520553	170.535967	2.175179	0.004987	0.6
832	-0.540169	171.484997	2.164455	0.011227	0.7
833	-0.577416	172.483090	2.153289	0.013342	0.6
834	-0.545459	172.406672	2.154140	0.007101	0.6
835	-0.552800	172.019581	2.158460	0.011305	0.6
836	-0.540178	173.014382	2.147393	0.003519	0.7
837	-0.550738	173.999162	2.136548	0.011525	0.7
838	-0.543567	173.473558	2.142322	0.003323	0.7
839	-0.515602	172.950996	2.148094	0.006893	0.6
840	-0.528008	173.909906	2.137526	0.007640	0.6
841	-0.505040	173.375458	2.143404	0.005359	0.6
842	-0.530541	172.932385	2.148301	0.003890	0.6
843	-0.516523	172.950082	2.148105	0.010303	0.6
844	-0.534810	172.430741	2.153872	0.006778	0.7
845	-0.526044	171.894809	2.159856	0.015894	0.7
846	-0.562972	171.358862	2.165874	0.008357	0.7
847	-0.534269	172.358862	2.154673	0.005583	0.6
848	-0.511631	172.363523	2.154621	0.005781	0.6
849	-0.519170	173.277522	2.144484	0.005150	0.6
850	-0.543160	172.981603	2.147756	0.006681	0.6
851	-0.529354	172.452672	2.153628	0.007854	0.6
852	-0.537411	171.916756	2.159611	0.012480	0.6
853	-0.535567	171.500189	2.164284	0.001998	0.6
854	-0.473786	171.028117	2.169604	0.011019	0.6
855	-0.534062	171.510721	2.164166	0.007875	0.6
856	-0.535673	171.570353	2.163495	0.006482	0.7
857	-0.521545	171.522467	2.164033	0.008529	0.7
858	-0.521288	172.522307	2.152853	0.015462	0.7
859	-0.514338	171.986359	2.158832	0.007041	0.7
860	-0.546681	172.793944	2.149835	0.006209	0.6
861	-0.521899	172.355619	2.154709	0.006627	0.7
862	-0.546788	172.441652	2.153751	0.009512	0.6
863	-0.524648	173.223110	2.145085	0.002702	0.6
864	-0.582123	173.294600	2.144296	0.006882	0.6
865	-0.580278	172.806351	2.149698	0.007600	0.7
866	-0.520650	172.271625	2.155645	0.005454	0.6
867	-0.559566	173.270543	2.144561	0.014696	0.6
868	-0.508372	173.833641	2.138363	0.010274	0.6
869	-0.510733	174.772658	2.128106	0.009946	0.6
870	-0.543819	175.772047	2.117298	0.009516	0.6
871	-0.555611	175.236099	2.123081	0.009366	0.6
872	-0.516546	176.236098	2.112316	0.013802	0.6
873	-0.522351	177.236098	2.101661	0.014960	0.6
874	-0.522722	178.236098	2.091112	0.004996	0.6
875	-0.551182	177.700543	2.096748	0.006968	0.6
876	-0.509718	178.619134	2.087100	0.008742	0.7
877	-0.569052	178.083193	2.092718	0.011222	0.7
878	-0.519968	179.082985	2.082261	0.006575	0.7
879	-0.508741	178.547050	2.087854	0.009527	0.7
880	-0.534363	178.011220	2.093475	0.011696	0.7
881	-0.561642	177.909937	2.094541	0.007854	0.6
882	-0.508504	177.942613	2.094197	0.011527	0.6
883	-0.528016	178.942601	2.083723	0.014857	0.6
884	-0.509135	179.942592	2.073354	0.000568	0.6
885	-0.513211	180.265675	2.070025	0.008753	0.8
886	-0.555061	180.257628	2.070108	0.009999	0.7
887	-0.519713	179.721684	2.075636	0.009108	0.7
888	-0.519050	180.053579	2.072209	0.008018	0.6
889	-0.509949	181.053563	2.061954	0.011139	0.6
890	-0.506342	182.053006	2.051804	0.012189	0.6
891	-0.568668	181.530606	2.057097	0.008851	0.6
892	-0.527653	180.994659	2.062555	0.008873	0.6
893	-0.570478	180.459775	2.068031	0.009854	0.6
894	-0.520673	180.581620	2.066781	0.006418	0.6
895	-0.520695	181.579515	2.056600	0.007382	0.7
896	-0.546066	181.065193	2.061835	0.004588	0.7
897	-0.523110	182.016965	2.052169	0.004844	0.7
898	-0.509379	182.228154	2.050036	0.007891	0.8
899	-0.540177	183.059582	2.041683	0.010368	0.7
900	-0.512036	182.531075	2.046985	0.007957	0.6
901	-0.555184	181.996639	2.052374	0.010675	0.6
902	-0.506020	182.769581	2.044589	0.011123	0.6
903	-0.505699	183.715830	2.035138	0.009089	0.7
904	-0.522476	183.179884	2.040480	0.010670	0.6
905	-0.530491	183.897808	2.033331	0.004340	0.6
906	-0.508689	184.649702	2.025897	0.006134	0.6
907	-0.508403	185.202308	2.020468	0.005910	0.6
908	-0.535372	186.035720	2.012334	0.007909	0.6
909	-0.535299	185.637055	2.016217	0.008554	0.6
910	-0.557283	185.955480	2.013114	0.007519	0.6
911	-0.556006	186.947406	2.003512	0.009491	0.6
912	-0.527466	187.946970	1.993927	0.009602	0.6
913	-0.532336	188.939498	1.984501	0.004542	0.6
914	-0.535418	188.403975	1.989576	0.007564	0.6
915	-0.532464	189.361615	1.980518	0.007822	0.7
916	-0.533488	188.826381	1.985570	0.007588	0.7
917	-0.536659	188.301287	1.990552	0.012717	0.6
918	-0.554027	189.301287	1.981087	0.010236	0.6
919	-0.545258	188.765379	1.986148	0.012816	0.6
920	-0.530359	189.765378	1.976724	0.014318	0.6
921	-0.540316	189.229431	1.981764	0.008454	0.6
922	-0.557557	190.222860	1.972443	0.012819	0.6
923	-0.541233	189.686944	1.977460	0.009527	0.6
924	-0.543260	190.594390	1.968980	0.014443	0.6
925	-0.539629	191.594389	1.959718	0.006613	0.6
926	-0.523533	192.594126	1.950546	0.011121	0.6
927	-0.521474	193.594069	1.941457	0.004372	0.6
928	-0.541394	194.579011	1.932586	0.007061	0.7
929	-0.538113	194.066725	1.937190	0.014384	0.7
930	-0.523665	193.580095	1.941583	0.004633	0.6
931	-0.544994	193.337897	1.943777	0.009193	0.6
932	-0.551674	194.329178	1.934829	0.007117	0.6
933	-0.516558	193.814231	1.939467	0.010694	0.6
934	-0.531846	193.278493	1.944316	0.012802	0.7
935	-0.553111	192.867842	1.948049	0.008637	0.7
936	-0.546208	193.594468	1.941453	0.008796	0.6
937	-0.540445	193.067248	1.946234	0.009172	0.6
938	-0.516200	192.532561	1.951108	0.007296	0.6
939	-0.521913	191.996630	1.956017	0.009718	0.6
940	-0.533506	191.492155	1.960661	0.012454	0.6
941	-0.494739	190.961963	1.965565	0.007981	0.6
942	-0.524631	190.427506	1.970534	0.013523	0.6
943	-0.488395	191.427505	1.961258	0.011477	0.6
944	-0.516612	190.891749	1.966217	0.003564	0.6
945	-0.516239	190.848698	1.966616	0.004492	0.6
946	-0.522179	191.122393	1.964079	0.010397	0.6
947	-0.542350	191.849174	1.957372	0.006856	0.6
948	-0.530691	191.676602	1.958961	0.015084	0.6
949	-0.523047	192.676460	1.949794	0.010293	0.7
950	-0.505564	193.676169	1.940714	0.008158	0.7
951	-0.515526	194.675974	1.931718	0.010727	0.7
952	-0.512543	194.207360	1.935924	0.005577	0.6
953	-0.542001	194.071077	1.937151	0.014094	0.6
954	-0.548701	195.067025	1.928221	0.007550	0.6
955	-0.549799	194.531671	1.933011	0.008033	0.6
956	-0.523163	195.530624	1.924093	0.010770	0.6
957	-0.519066	196.530624	1.915248	0.006167	0.6
958	-0.557421	195.994682	1.919978	0.010177	0.6
959	-0.538693	195.469670	1.924635	0.009117	0.6
960	-0.546984	195.048481	1.928387	0.012991	0.6
961	-0.549306	194.512533	1.933183	0.006247	0.6
962	-0.527773	195.512533	1.924254	0.008869	0.6
963	-0.527725	195.675096	1.922810	0.005566	0.6
964	-0.504619	196.201040	1.918154	0.003858	0.6
965	-0.551434	196.926425	1.911769	0.008345	0.6
966	-0.516342	197.881645	1.903426	0.011465	0.6
967	-0.516232	197.345851	1.908097	0.010742	0.6
968	-0.499565	196.809903	1.912792	0.007833	0.6
969	-0.513823	197.809853	1.904051	0.003588	0.6
970	-0.563950	197.427826	1.907381	0.011688	0.6
971	-0.530775	198.369396	1.899194	0.007187	0.7
972	-0.550917	197.842453	1.903767	0.012283	0.7
973	-0.532657	197.309599	1.908414	0.004855	0.6
974	-0.541461	198.305710	1.899746	0.012071	0.7
975	-0.527963	197.773460	1.904367	0.004700	0.6
976	-0.545029	197.795365	1.904177	0.015242	0.6
977	-0.540181	197.259421	1.908853	0.006549	0.6
978	-0.564973	198.259420	1.900147	0.005749	0.6
979	-0.518687	198.067638	1.901810	0.004388	0.6
980	-0.533534	198.753579	1.895874	0.006027	0.6
981	-0.550401	199.549795	1.889029	0.010574	0.6
982	-0.535788	199.016407	1.893609	0.003488	0.6
983	-0.535674	199.968741	1.885448	0.005078	0.6
984	-0.519686	199.582182	1.888752	0.009855	0.6
985	-0.542813	200.503087	1.880900	0.007534	0.6
986	-0.543322	200.008141	1.885112	0.009656	0.6
987	-0.523511	200.997878	1.876707	0.011969	0.6
988	-0.513247	201.997871	1.868292	0.004710	0.6
989	-0.545862	202.239545	1.866269	0.012689	0.6
990	-0.515853	201.703607	1.870760	0.007330	0.6
991	-0.523498	201.167667	1.875273	0.009238	0.6
992	-0.531158	200.665212	1.879524	0.009004	0.6
993	-0.513295	200.129463	1.884078	0.011379	0.7
994	-0.554119	201.129408	1.875596	0.011350	0.6
995	-0.564427	202.129408	1.867190	0.008099	0.6
996	-0.528834	201.672846	1.871019	0.009027	0.7
997	-0.530712	201.308194	1.874088	0.013381	0.6
998	-0.546910	200.772248	1.878617	0.009063	0.6
999	-0.536230	201.772244	1.870184	0.012033	0.6
Time spent in resolution 6 (ITK initialization and iterating): 0.867 s.
Stopping condition: Maximum number of iterations has been reached.
Settings of AdaptiveStochasticGradientDescent in resolution 6:
( SP_a 416.625063 )
( SP_A 20.000000 )
( SP_alpha 1.000000 )
( SigmoidMax 1.000000 )
( SigmoidMin -0.535948 )
( SigmoidScale 0.000005 )


Resolution: 7
WARNING: The parameter "ShowExactMetricValue", requested at entry number 7, does not exist at all.
  The default value "false" is used instead.
WARNING: The parameter "CheckNumberOfSamples", requested at entry number 7, does not exist at all.
  The default value "true" is used instead.
WARNING: The parameter "UseMultiThreadingForMetrics", requested at entry number 7, does not exist at all.
  The default value "true" is used instead.
Setting the fixed masks took: 0 ms.
Setting the moving masks took: 0 ms.
WARNING: The parameter "NumberOfFixedHistogramBins", requested at entry number 7, does not exist at all.
  The default value "32" is used instead.
WARNING: The parameter "NumberOfMovingHistogramBins", requested at entry number 7, does not exist at all.
  The default value "32" is used instead.
WARNING: The parameter "FixedLimitRangeRatio", requested at entry number 7, does not exist at all.
  The default value "0.01" is used instead.
WARNING: The parameter "MovingLimitRangeRatio", requested at entry number 7, does not exist at all.
  The default value "0.01" is used instead.
WARNING: The parameter "FixedKernelBSplineOrder", requested at entry number 7, does not exist at all.
  The default value "0" is used instead.
WARNING: The parameter "MovingKernelBSplineOrder", requested at entry number 7, does not exist at all.
  The default value "3" is used instead.
WARNING: The parameter "UseFastAndLowMemoryVersion", requested at entry number 7, does not exist at all.
  The default value "true" is used instead.
WARNING: The parameter "UseJacobianPreconditioning", requested at entry number 7, does not exist at all.
  The default value "false" is used instead.
WARNING: The parameter "FiniteDifferenceDerivative", requested at entry number 7, does not exist at all.
  The default value "false" is used instead.
WARNING: The parameter "SP_A", requested at entry number 7, does not exist at all.
  The default value "20" is used instead.
WARNING: The parameter "MaximumNumberOfSamplingAttempts", requested at entry number 7, does not exist at all.
  The default value "0" is used instead.
WARNING: The parameter "SigmoidInitialTime", requested at entry number 7, does not exist at all.
  The default value "0" is used instead.
WARNING: The parameter "MaxBandCovSize", requested at entry number 7, does not exist at all.
  The default value "192" is used instead.
WARNING: The parameter "NumberOfBandStructureSamples", requested at entry number 7, does not exist at all.
  The default value "10" is used instead.
WARNING: The parameter "UseAdaptiveStepSizes", requested at entry number 7, does not exist at all.
  The default value "true" is used instead.
WARNING: The parameter "AutomaticParameterEstimation", requested at entry number 7, does not exist at all.
  The default value "true" is used instead.
WARNING: The parameter "UseConstantStep", requested at entry number 7, does not exist at all.
  The default value "false" is used instead.
WARNING: The parameter "MaximumStepLengthRatio", requested at entry number 7, does not exist at all.
  The default value "1" is used instead.
WARNING: The parameter "MaximumStepLength", requested at entry number 7, does not exist at all.
  The default value "1" is used instead.
WARNING: The parameter "NumberOfGradientMeasurements", requested at entry number 7, does not exist at all.
  The default value "0" is used instead.
WARNING: The parameter "NumberOfJacobianMeasurements", requested at entry number 7, does not exist at all.
  The default value "1000" is used instead.
WARNING: The parameter "NumberOfSamplesForExactGradient", requested at entry number 7, does not exist at all.
  The default value "100000" is used instead.
WARNING: The parameter "SigmoidScaleFactor", requested at entry number 7, does not exist at all.
  The default value "0.1" is used instead.
Elastix initialization of all components (for this resolution) took: 1 ms.
  Computing the fixed image extrema took 1 ms.
  Computing the moving image extrema took 0 ms.
Initialization of AdvancedMattesMutualInformation metric took: 24 ms.
Starting automatic parameter estimation for AdaptiveStochasticGradientDescent ...
WARNING: The parameter "ASGDParameterEstimationMethod", requested at entry number 0, does not exist at all.
  The default value "Original" is used instead.
  Computing JacobianTerms ...
  Computing the Jacobian terms took 0.000312s
  NumberOfGradientMeasurements to estimate sigma_i: 9
  Sampling gradients ...
  Sampling the gradients took 0.051425s
Automatic parameter estimation took 0.05s
1:ItNr	2:Metric	3a:Time	3b:StepSize	4:||Gradient||	Time[ms]
0	-0.271524	0.000000	3.921365	0.016804	77.3
1	-0.285151	0.000000	3.921365	0.029287	0.7
2	-0.280420	0.999947	3.743131	0.032392	0.7
3	-0.281164	1.999315	3.580484	0.036534	0.6
4	-0.275083	2.999315	3.431293	0.021176	0.6
5	-0.275980	3.874702	3.310539	0.011798	0.6
6	-0.257180	4.859829	3.184425	0.009118	0.7
7	-0.266151	4.561541	3.221585	0.028491	0.6
8	-0.270394	3.854879	3.313180	0.019958	0.6
9	-0.253168	2.934023	3.440653	0.030046	0.6
10	-0.243608	3.844984	3.314499	0.017414	0.6
11	-0.284292	4.839521	3.186927	0.009288	0.6
12	-0.294596	3.956448	3.299695	0.012615	0.6
13	-0.292239	4.082829	3.283070	0.016337	0.6
14	-0.259243	4.817474	3.189649	0.012750	0.7
15	-0.257107	3.925878	3.303742	0.021372	0.7
16	-0.283876	4.919946	3.177039	0.033601	0.7
17	-0.258177	4.115121	3.278848	0.016541	0.7
18	-0.256901	5.100936	3.155009	0.012428	0.7
19	-0.275883	4.323844	3.251824	0.021400	0.7
20	-0.267049	3.773322	3.324087	0.025220	0.6
21	-0.280034	4.773319	3.195113	0.016955	0.8
22	-0.257573	5.624870	3.092923	0.029362	0.6
23	-0.251094	6.469543	2.997817	0.030514	0.6
24	-0.261621	7.469487	2.892524	0.009165	0.6
25	-0.281434	8.465237	2.794774	0.022046	0.6
26	-0.281701	9.455277	2.703921	0.021939	0.6
27	-0.274658	10.004534	2.656020	0.023828	0.6
28	-0.285378	11.004533	2.573032	0.028429	0.7
29	-0.281069	10.260488	2.634273	0.014696	0.7
30	-0.260447	11.256761	2.552912	0.032521	0.7
31	-0.243916	10.335881	2.627936	0.022052	0.7
32	-0.270856	11.335872	2.546666	0.021661	0.7
33	-0.283245	10.601254	2.605867	0.012129	0.6
34	-0.254006	10.130067	2.645310	0.005237	0.7
35	-0.284413	9.795624	2.674038	0.026495	0.7
36	-0.281796	8.932260	2.751168	0.013202	0.8
37	-0.272140	8.022943	2.837365	0.014106	0.6
38	-0.264287	7.161885	2.924118	0.013756	0.6
39	-0.247897	8.107842	2.829089	0.022294	0.7
40	-0.273868	9.077530	2.737880	0.020480	0.6
41	-0.294982	8.309609	2.809614	0.017481	0.7
42	-0.265888	7.415995	2.897969	0.016823	0.6
43	-0.256640	8.394770	2.801474	0.019951	0.7
44	-0.297141	7.757841	2.863521	0.014778	0.6
45	-0.246847	6.846859	2.957198	0.012249	0.6
46	-0.239772	6.249201	3.022058	0.023644	0.6
47	-0.264076	6.270911	3.019653	0.032177	1.0
48	-0.271272	5.350000	3.125187	0.015807	0.7
49	-0.259515	4.431760	3.238025	0.014856	0.6
50	-0.272986	3.795354	3.321133	0.014589	0.6
51	-0.277721	3.654898	3.340053	0.029924	0.6
52	-0.257948	2.818711	3.457310	0.025116	0.6
53	-0.253426	3.818711	3.318008	0.021908	0.7
54	-0.262067	2.899555	3.445615	0.032460	0.7
55	-0.281852	3.857316	3.312855	0.022219	0.8
56	-0.283190	4.857180	3.184751	0.026710	0.6
57	-0.290754	3.936256	3.302367	0.010383	0.7
58	-0.269297	3.553342	3.353868	0.010501	0.8
59	-0.272573	2.748282	3.467563	0.016722	0.6
60	-0.276837	2.573129	3.493328	0.040078	0.7
61	-0.266463	1.653164	3.635195	0.013530	0.8
62	-0.279466	0.734728	3.788806	0.024258	0.6
63	-0.259964	1.318388	3.689723	0.033682	0.6
64	-0.275673	0.401955	3.847718	0.034695	0.7
65	-0.285529	1.401955	3.675959	0.019034	0.6
66	-0.246914	2.136908	3.559191	0.022010	0.6
67	-0.267499	1.216679	3.706615	0.039727	0.6
68	-0.297117	2.216679	3.546962	0.027733	0.6
69	-0.261784	3.216677	3.400494	0.040074	0.6
70	-0.262669	4.216677	3.265643	0.030350	0.6
71	-0.268511	5.216508	3.141100	0.025154	0.6
72	-0.264424	6.216506	3.025689	0.010489	0.7
73	-0.273802	5.393187	3.120073	0.030671	0.8
74	-0.250625	4.473678	3.232697	0.033236	0.7
75	-0.281068	5.025313	3.164176	0.018500	0.7
76	-0.253700	4.122867	3.277837	0.012590	0.7
77	-0.282238	4.165727	3.272255	0.027481	0.7
78	-0.276779	5.100574	3.155052	0.016817	0.7
79	-0.282411	6.100506	3.038640	0.017772	0.7
80	-0.285816	5.521272	3.105005	0.024411	0.6
81	-0.282011	4.603012	3.216367	0.014123	0.7
82	-0.253498	5.602077	3.095573	0.025049	0.7
83	-0.284645	6.601590	2.983476	0.021970	0.6
84	-0.286568	5.682198	3.086278	0.016715	0.6
85	-0.284512	6.166184	3.031293	0.018693	0.7
86	-0.259366	5.937640	3.057011	0.016234	0.8
87	-0.253874	5.020472	3.164765	0.011437	0.6
88	-0.270167	5.297807	3.131389	0.009964	0.6
89	-0.272015	5.392114	3.120200	0.045091	0.6
90	-0.252909	6.366014	3.009159	0.010523	0.6
91	-0.291772	7.363817	2.903300	0.017807	0.7
92	-0.266420	7.776831	2.861631	0.032448	0.7
93	-0.279336	8.776828	2.765529	0.017778	0.7
94	-0.265391	9.768998	2.676352	0.039479	0.6
95	-0.281048	10.768997	2.592108	0.027070	0.6
96	-0.260478	10.412768	2.621503	0.027706	0.6
97	-0.262809	11.410942	2.540768	0.011675	0.6
98	-0.262494	11.220080	2.555818	0.020292	0.6
99	-0.275420	10.366135	2.625401	0.040099	0.8
100	-0.268838	9.454230	2.704014	0.034227	0.6
101	-0.282139	10.454230	2.618048	0.035880	0.6
102	-0.274977	11.454230	2.537379	0.038103	0.6
103	-0.265902	12.454230	2.461533	0.024595	0.6
104	-0.276366	11.534088	2.531151	0.026682	0.6
105	-0.256327	12.534084	2.455671	0.015462	0.6
106	-0.270065	13.530441	2.384814	0.025523	0.6
107	-0.250763	14.322145	2.331361	0.025062	0.6
108	-0.271820	13.404726	2.393528	0.028229	0.6
109	-0.276676	12.560741	2.453720	0.018857	0.7
110	-0.257675	12.630126	2.448658	0.023417	0.8
111	-0.279331	13.458641	2.389783	0.027323	0.7
112	-0.263637	14.458639	2.322387	0.013193	0.6
113	-0.283616	15.449791	2.259236	0.021797	0.6
114	-0.260619	14.532224	2.317577	0.031184	0.6
115	-0.280551	15.530902	2.254220	0.030722	0.6
116	-0.266758	14.609978	2.312517	0.021522	0.6
117	-0.265426	15.608579	2.249437	0.018924	0.6
118	-0.252285	16.608485	2.189630	0.043296	0.6
119	-0.269004	17.608484	2.132917	0.021409	0.6
120	-0.269261	18.608484	2.079067	0.034860	0.7
121	-0.278388	17.687561	2.128557	0.017623	0.7
122	-0.249427	17.964137	2.113448	0.018106	0.8
123	-0.280665	17.161859	2.157879	0.026530	0.7
124	-0.277742	16.240945	2.211240	0.030213	0.7
125	-0.264560	17.240945	2.153416	0.019120	0.6
126	-0.271475	16.445356	2.199169	0.021753	0.7
127	-0.282998	17.324182	2.148739	0.026069	0.7
128	-0.285079	16.403387	2.201637	0.019572	0.7
129	-0.300222	17.403125	2.144322	0.025180	0.7
130	-0.281384	16.642454	2.187654	0.025477	0.6
131	-0.271379	17.240604	2.153436	0.016207	0.6
132	-0.306811	16.442655	2.199328	0.034513	0.7
133	-0.271317	17.442580	2.142121	0.018906	0.6
134	-0.266696	17.019625	2.165952	0.028305	0.6
135	-0.265212	18.019560	2.110446	0.011823	0.6
136	-0.281728	17.120034	2.160247	0.017776	0.7
137	-0.271225	16.224144	2.212238	0.008471	0.6
138	-0.266175	17.122323	2.160117	0.022934	0.7
139	-0.288922	16.586426	2.190915	0.027947	0.7
140	-0.271767	15.665725	2.245931	0.032407	0.6
141	-0.255297	16.658127	2.186744	0.012811	0.6
142	-0.284422	17.630587	2.131696	0.020168	0.7
143	-0.257581	16.764738	2.180571	0.029365	0.7
144	-0.251084	17.764735	2.124319	0.028334	0.6
145	-0.267177	18.754829	2.071413	0.029055	0.6
146	-0.283636	19.732495	2.021695	0.027729	0.7
147	-0.265711	19.186792	2.049148	0.015405	0.7
148	-0.243515	20.133928	2.001965	0.032473	0.7
149	-0.251885	20.746478	1.972590	0.012972	0.7
150	-0.283959	21.745090	1.926506	0.026707	0.7
151	-0.261125	20.831010	1.968604	0.015026	0.7
152	-0.271958	20.953125	1.962873	0.010485	0.6
153	-0.268487	20.248348	1.996411	0.027294	0.6
154	-0.283070	19.803056	2.018199	0.019657	0.6
155	-0.289769	20.802753	1.969934	0.038945	0.6
156	-0.296857	21.802744	1.923911	0.024142	0.6
157	-0.278018	22.797866	1.880198	0.016537	0.7
158	-0.259196	21.892264	1.919896	0.036492	0.8
159	-0.245914	22.892235	1.876156	0.014352	0.7
160	-0.265003	23.891650	1.834387	0.025284	0.7
161	-0.268302	22.973078	1.872707	0.025589	0.7
162	-0.274302	23.911830	1.833563	0.018877	0.7
163	-0.276835	24.901964	1.794012	0.016013	0.7
164	-0.276949	24.950584	1.792114	0.019953	0.6
165	-0.269900	24.032436	1.828652	0.021295	0.7
166	-0.292615	25.032251	1.788934	0.029010	0.7
167	-0.260195	24.111326	1.825455	0.016767	0.7
168	-0.286338	23.370863	1.855918	0.018871	0.6
169	-0.307432	24.369735	1.815057	0.010307	0.6
170	-0.270090	24.077813	1.826812	0.016708	0.6
171	-0.256124	24.318782	1.817098	0.018112	0.6
172	-0.280833	23.756967	1.839907	0.004727	0.7
173	-0.279385	24.490978	1.810220	0.016833	0.6
174	-0.244186	24.891601	1.794417	0.021112	0.6
175	-0.264077	25.881901	1.756513	0.020386	0.6
176	-0.274896	26.881192	1.719854	0.025870	0.6
177	-0.298607	26.245513	1.742995	0.034552	0.7
178	-0.297201	25.324589	1.777645	0.023521	0.6
179	-0.278329	26.324417	1.740089	0.030327	0.6
180	-0.290320	25.432036	1.773531	0.028327	0.7
181	-0.278721	26.413717	1.736811	0.024312	0.7
182	-0.269758	25.492792	1.771214	0.023781	0.7
183	-0.257336	24.571880	1.807006	0.018573	0.7
184	-0.266529	25.571493	1.768221	0.010114	0.8
185	-0.272517	26.490709	1.733995	0.021583	0.7
186	-0.300580	27.464608	1.699151	0.024292	0.7
187	-0.261212	28.078246	1.677906	0.022841	0.6
188	-0.265058	28.158453	1.675168	0.020042	0.6
189	-0.285990	29.158438	1.641771	0.011532	0.6
190	-0.278055	28.845817	1.652068	0.027112	0.6
191	-0.282394	29.841467	1.619715	0.018005	0.8
192	-0.268536	30.841459	1.588471	0.018705	0.6
193	-0.274487	30.317146	1.604701	0.031229	0.6
194	-0.283367	29.676107	1.625000	0.026600	0.6
195	-0.282731	30.676107	1.593554	0.016208	0.6
196	-0.309724	31.243581	1.576245	0.027238	0.6
197	-0.257165	32.059764	1.551999	0.015933	0.6
198	-0.276875	32.458235	1.540430	0.025675	0.6
199	-0.300074	33.458191	1.512145	0.025023	0.6
200	-0.272319	32.537267	1.538156	0.008976	0.6
201	-0.293264	33.534419	1.510031	0.033338	0.7
202	-0.294870	32.623200	1.535691	0.028581	0.6
203	-0.273414	31.841872	1.558398	0.015588	0.7
204	-0.261685	32.835793	1.529627	0.017195	0.7
205	-0.280980	33.088821	1.522471	0.030863	0.7
206	-0.289993	32.170129	1.548777	0.012608	0.7
207	-0.275680	33.170043	1.520188	0.026404	0.7
208	-0.263115	32.293391	1.545195	0.022221	0.6
209	-0.295050	33.290499	1.516816	0.020826	0.6
210	-0.283758	34.285415	1.489519	0.019334	0.6
211	-0.280449	35.276966	1.463275	0.026654	0.6
212	-0.269809	34.358422	1.487555	0.022871	0.7
213	-0.247061	35.337252	1.461709	0.014608	0.6
214	-0.255624	35.915905	1.446848	0.017967	0.6
215	-0.291795	36.888904	1.422530	0.017380	0.6
216	-0.286032	35.998429	1.444753	0.017749	0.6
217	-0.304530	35.077703	1.468474	0.032026	0.7
218	-0.269014	35.485464	1.457874	0.017339	0.6
219	-0.287177	34.564544	1.482036	0.014353	0.6
220	-0.261389	34.563164	1.482073	0.008590	0.6
221	-0.293818	34.595315	1.481216	0.025676	0.7
222	-0.283555	33.796089	1.502820	0.035444	0.7
223	-0.256890	32.875164	1.528509	0.018115	0.7
224	-0.270506	33.813415	1.502345	0.018594	0.7
225	-0.251026	33.066331	1.523105	0.033828	0.7
226	-0.255992	32.145407	1.549497	0.016203	0.7
227	-0.271500	33.145406	1.520880	0.012857	0.6
228	-0.291304	32.397703	1.542176	0.018122	0.6
229	-0.287292	31.520029	1.567948	0.009962	0.7
230	-0.290004	31.505411	1.568385	0.013867	0.6
231	-0.251192	30.901321	1.586639	0.014252	0.6
232	-0.266042	30.023499	1.613936	0.025041	0.6
233	-0.290077	31.009231	1.583347	0.024881	0.8
234	-0.279952	30.098174	1.611578	0.019896	0.6
235	-0.279215	29.177272	1.641155	0.019743	0.7
236	-0.258222	30.177088	1.609093	0.030169	0.6
237	-0.282684	31.176878	1.578260	0.017814	0.6
238	-0.263102	30.255973	1.606616	0.022879	0.7
239	-0.287574	31.216891	1.577051	0.017508	0.6
240	-0.255443	31.727966	1.561765	0.013783	0.7
241	-0.264107	32.531129	1.538333	0.023798	0.7
242	-0.283902	31.612549	1.565191	0.019237	0.8
243	-0.293216	30.692290	1.593055	0.021366	0.7
244	-0.288836	29.771414	1.621950	0.017928	0.7
245	-0.277950	28.891856	1.650543	0.005696	0.6
246	-0.269252	28.463974	1.664821	0.010654	0.6
247	-0.292710	28.054585	1.678715	0.025072	0.6
248	-0.270922	27.136396	1.710736	0.016603	0.6
249	-0.274740	26.234218	1.743411	0.010840	0.6
250	-0.273752	26.747386	1.724674	0.034189	0.6
251	-0.296261	27.746973	1.689308	0.016216	0.7
252	-0.289646	26.827018	1.721802	0.022115	0.6
253	-0.255350	27.813759	1.686997	0.010539	0.7
254	-0.250947	27.218683	1.707817	0.025392	0.7
255	-0.295157	26.328425	1.739941	0.024743	0.6
256	-0.299208	25.407501	1.774469	0.020455	0.6
257	-0.264265	24.487782	1.810347	0.021142	0.7
258	-0.260708	25.486763	1.771444	0.011886	0.6
259	-0.293184	26.466900	1.734865	0.016623	0.6
260	-0.274913	27.380526	1.702104	0.018933	0.6
261	-0.281190	26.463569	1.734987	0.021636	0.6
262	-0.275335	26.529970	1.732563	0.010689	0.8
263	-0.268801	27.512804	1.697463	0.021805	0.7
264	-0.296850	28.239167	1.672422	0.026764	0.8
265	-0.269530	29.238571	1.639152	0.013784	0.6
266	-0.259838	30.193212	1.608586	0.006700	0.6
267	-0.259399	29.894754	1.618019	0.020398	0.6
268	-0.283364	29.576188	1.628210	0.030606	0.6
269	-0.267998	30.570727	1.596810	0.024631	0.7
270	-0.270824	31.568647	1.566498	0.009693	0.6
271	-0.275313	32.518230	1.538703	0.010603	0.6
272	-0.279019	32.343031	1.543757	0.011120	0.6
273	-0.260841	31.926344	1.555911	0.012958	0.7
274	-0.280712	31.241899	1.576296	0.015045	0.6
275	-0.268517	30.426618	1.601285	0.011623	0.7
276	-0.257092	31.064308	1.581672	0.026225	0.7
277	-0.280895	30.155180	1.609782	0.022826	0.6
278	-0.269865	31.155179	1.578917	0.024079	0.6
279	-0.262806	30.234259	1.607297	0.016075	0.6
280	-0.272399	30.733352	1.591791	0.018419	0.6
281	-0.263163	31.730244	1.561697	0.030530	0.7
282	-0.269876	32.696878	1.533584	0.027877	0.8
283	-0.279800	33.088586	1.522478	0.018907	0.7
284	-0.267339	32.487285	1.539593	0.013418	0.8
285	-0.281969	33.468422	1.511861	0.022740	0.8
286	-0.286006	32.549845	1.537795	0.017044	0.7
287	-0.270660	33.547131	1.509679	0.022620	0.7
288	-0.267062	34.387859	1.486764	0.015084	0.6
289	-0.251104	34.665821	1.479340	0.020450	0.6
290	-0.276846	35.531014	1.456699	0.017589	0.7
291	-0.271023	34.676169	1.479065	0.024251	0.6
292	-0.270135	35.399433	1.460098	0.014950	0.7
293	-0.257808	36.239571	1.438667	0.028873	0.6
294	-0.264619	35.389481	1.460355	0.016629	0.6
295	-0.270213	36.389351	1.434912	0.024633	0.7
296	-0.273236	35.482514	1.457950	0.023334	0.6
297	-0.282586	36.437708	1.433704	0.025744	0.6
298	-0.260369	37.435570	1.409222	0.016728	0.6
299	-0.292286	36.514838	1.431781	0.021809	0.6
300	-0.275497	37.015845	1.419417	0.027314	0.7
301	-0.293524	37.826795	1.399850	0.031988	0.7
302	-0.253032	36.905884	1.422112	0.014160	0.8
303	-0.282984	35.985064	1.445092	0.023793	0.7
304	-0.286568	36.197611	1.439722	0.022866	0.7
305	-0.269288	37.195407	1.415037	0.014843	0.6
306	-0.269544	37.520658	1.407173	0.022185	0.6
307	-0.262838	38.452040	1.385128	0.023123	0.7
308	-0.291609	37.531131	1.406921	0.028008	0.6
309	-0.299198	36.610305	1.429409	0.013201	0.6
310	-0.261424	35.737533	1.451397	0.029617	0.7
311	-0.252894	36.733997	1.426346	0.017644	0.6
312	-0.290964	37.733472	1.402074	0.017656	0.6
313	-0.253132	37.023606	1.419227	0.009221	0.6
314	-0.283939	37.669362	1.403606	0.010863	0.7
315	-0.299715	38.467450	1.384769	0.039599	0.7
316	-0.287988	37.546637	1.406548	0.015734	0.7
317	-0.270719	38.546312	1.382935	0.032387	0.6
318	-0.272733	39.534627	1.360357	0.024677	0.6
319	-0.279832	38.613840	1.381368	0.019028	0.6
320	-0.307784	39.509945	1.360911	0.031089	0.7
321	-0.264356	40.467472	1.339711	0.020252	0.7
322	-0.253273	39.555882	1.359879	0.022989	0.7
323	-0.295463	39.375685	1.363938	0.015462	0.7
324	-0.262677	38.467185	1.384775	0.007854	0.7
325	-0.286091	37.799922	1.400490	0.032120	0.6
326	-0.290145	38.331724	1.387937	0.018770	0.6
327	-0.274010	37.411443	1.409804	0.020767	0.6
328	-0.283336	38.328301	1.388017	0.019410	0.6
329	-0.265279	37.419008	1.409621	0.013141	0.6
330	-0.275563	36.551328	1.430874	0.012591	0.6
331	-0.280551	36.688914	1.427461	0.009413	0.6
332	-0.264317	37.381238	1.410533	0.032118	0.6
333	-0.279519	38.379613	1.386817	0.007720	0.6
334	-0.280322	39.235367	1.367115	0.010117	0.6
335	-0.284582	38.528494	1.383349	0.028177	0.6
336	-0.277767	38.256358	1.389702	0.027894	0.7
337	-0.268740	37.335436	1.411641	0.024200	0.7
338	-0.260843	36.414512	1.434283	0.024288	0.6
339	-0.267169	37.379767	1.410569	0.017444	0.7
340	-0.284692	36.528845	1.431433	0.023280	0.7
341	-0.277215	36.542563	1.431092	0.019061	0.7
342	-0.305824	35.650749	1.453620	0.029417	0.7
343	-0.270667	34.730025	1.477636	0.012083	0.7
344	-0.295094	34.209457	1.491568	0.024292	0.6
345	-0.279830	33.295966	1.516663	0.009292	0.7
346	-0.261015	34.267031	1.490014	0.019548	0.6
347	-0.264353	35.109127	1.467652	0.023223	0.6
348	-0.265150	36.096018	1.442284	0.013163	0.6
349	-0.270225	35.197483	1.465345	0.018771	0.6
350	-0.264375	35.788730	1.450088	0.016212	0.6
351	-0.296446	34.965358	1.471422	0.010343	0.6
352	-0.281524	34.253303	1.490385	0.019834	0.6
353	-0.277193	34.477570	1.484360	0.032745	0.6
354	-0.292178	35.477565	1.458078	0.020956	0.7
355	-0.273256	36.386403	1.434986	0.017250	0.6
356	-0.269867	37.347295	1.411354	0.014105	0.6
357	-0.287842	37.791765	1.400684	0.012913	0.6
358	-0.290163	37.462606	1.408570	0.026647	0.6
359	-0.271218	36.632541	1.428857	0.015213	0.6
360	-0.260810	37.632354	1.404492	0.019168	0.7
361	-0.269479	37.721512	1.402360	0.009126	0.7
362	-0.271789	38.634513	1.380890	0.015127	0.6
363	-0.278143	38.309157	1.388465	0.022920	0.7
364	-0.285974	39.302746	1.365587	0.015523	0.7
365	-0.270472	38.382338	1.386754	0.015043	0.6
366	-0.267704	37.832176	1.399722	0.020173	0.6
367	-0.274125	37.616341	1.404876	0.012867	0.6
368	-0.291602	36.697240	1.427255	0.032574	0.6
369	-0.280577	37.659239	1.403848	0.020594	0.6
370	-0.271831	37.614594	1.404918	0.022943	0.6
371	-0.299966	36.693797	1.427340	0.017464	0.6
372	-0.272538	35.826781	1.449117	0.028593	0.6
373	-0.256570	34.912973	1.472801	0.020760	0.6
374	-0.282222	35.912966	1.446923	0.025315	0.6
375	-0.272724	36.854694	1.423371	0.015918	0.6
376	-0.270511	35.934003	1.446388	0.022206	0.6
377	-0.271584	35.014054	1.470143	0.020139	0.6
378	-0.246454	34.119513	1.494002	0.023058	0.6
379	-0.266207	35.119501	1.467381	0.018207	0.7
380	-0.281920	36.107282	1.442000	0.019929	0.7
381	-0.267042	37.101672	1.417320	0.016859	0.7
382	-0.287897	38.083317	1.393772	0.002156	0.6
383	-0.259467	38.283049	1.389076	0.020745	0.7
384	-0.319976	38.623175	1.381152	0.018463	0.6
385	-0.291465	38.534318	1.383214	0.006376	0.7
386	-0.292715	39.027434	1.371851	0.020648	0.7
387	-0.277035	38.168450	1.391767	0.035567	0.6
388	-0.297623	39.166688	1.368676	0.014719	0.6
389	-0.258729	38.245798	1.389950	0.005162	0.6
390	-0.277544	38.811781	1.376797	0.013858	0.6
391	-0.258991	38.180405	1.391485	0.017714	0.7
392	-0.276246	39.175868	1.368467	0.017953	0.6
393	-0.287839	38.905736	1.374638	0.012343	0.6
394	-0.267747	39.883800	1.352555	0.021563	0.6
395	-0.262152	38.964463	1.373291	0.039374	0.6
396	-0.280762	38.045344	1.394668	0.018825	0.6
397	-0.275299	38.559934	1.382619	0.012752	0.6
398	-0.277087	38.334910	1.387862	0.015211	0.6
399	-0.290362	38.771977	1.377714	0.016213	0.7
400	-0.264608	37.875428	1.398693	0.020533	0.7
401	-0.303658	38.779408	1.377543	0.017721	0.7
402	-0.295405	37.859443	1.399073	0.015379	0.6
403	-0.276864	38.769970	1.377760	0.022631	0.7
404	-0.263754	39.342931	1.364678	0.013285	0.7
405	-0.296306	38.438462	1.385444	0.026227	0.7
406	-0.286351	39.425987	1.362802	0.023316	0.6
407	-0.283886	40.425960	1.340617	0.021067	0.6
408	-0.259476	40.932308	1.329656	0.018428	0.6
409	-0.277304	40.011517	1.349723	0.011526	0.6
410	-0.278715	40.848277	1.331463	0.024282	0.6
411	-0.262645	41.656741	1.314283	0.015859	0.7
412	-0.285615	40.824443	1.331976	0.021391	0.6
413	-0.276348	39.915446	1.351852	0.028601	0.6
414	-0.270562	39.241285	1.366981	0.033194	0.6
415	-0.292913	40.208269	1.345385	0.027437	0.6
416	-0.279684	41.208269	1.323758	0.024725	0.6
417	-0.285915	42.208269	1.302815	0.039444	0.6
418	-0.279133	43.208269	1.282524	0.007008	0.6
419	-0.292369	44.207425	1.262873	0.021388	0.7
420	-0.286267	43.469835	1.277321	0.021897	0.7
421	-0.259643	44.452824	1.258138	0.013165	0.6
422	-0.287487	45.428485	1.239659	0.014652	0.6
423	-0.265031	44.780060	1.251879	0.013759	0.6
424	-0.282088	44.643982	1.254474	0.024159	0.6
425	-0.260889	43.871459	1.269413	0.011597	0.7
426	-0.289763	44.847374	1.250599	0.043302	0.6
427	-0.285739	43.926557	1.268336	0.018109	0.6
428	-0.270224	43.005645	1.286585	0.022319	0.6
429	-0.268681	43.997108	1.266959	0.032810	0.6
430	-0.291482	44.997108	1.247762	0.009271	0.6
431	-0.267806	45.483634	1.238631	0.031802	0.6
432	-0.264144	46.233352	1.224819	0.021527	0.6
433	-0.275391	45.312431	1.241829	0.008056	0.6
434	-0.251815	44.904985	1.249506	0.022761	0.6
435	-0.261566	45.596637	1.236529	0.010605	0.6
436	-0.268802	46.287189	1.223839	0.026647	0.6
437	-0.287435	47.252422	1.206531	0.023193	0.6
438	-0.305083	48.249272	1.189163	0.011974	0.6
439	-0.265951	49.114847	1.174483	0.012805	0.6
440	-0.285484	49.899008	1.161493	0.039096	0.7
441	-0.284337	50.818963	1.146615	0.012542	0.8
442	-0.274014	50.419658	1.153025	0.014270	0.6
443	-0.265771	51.356369	1.138099	0.017939	0.6
444	-0.281296	50.441259	1.152677	0.022976	0.6
445	-0.247646	49.534348	1.167498	0.034963	0.6
446	-0.255421	50.534348	1.151177	0.027687	0.6
447	-0.291667	51.534057	1.135310	0.027427	0.6
448	-0.277143	52.534000	1.119872	0.012577	0.7
449	-0.246068	51.619877	1.133969	0.028104	0.6
450	-0.257283	52.618101	1.118593	0.013572	0.6
451	-0.265291	51.714835	1.132488	0.027107	0.6
452	-0.257942	51.999290	1.128075	0.020343	0.6
453	-0.294475	52.993464	1.112918	0.018069	0.6
454	-0.268575	53.991623	1.098105	0.026890	0.6
455	-0.287409	54.991410	1.083658	0.024341	0.7
456	-0.287919	54.070493	1.096951	0.015771	0.7
457	-0.265463	53.165632	1.110335	0.022646	0.8
458	-0.254901	54.164782	1.095575	0.021711	0.7
459	-0.286286	55.164753	1.081191	0.029490	0.7
460	-0.279795	54.245083	1.094406	0.028009	0.6
461	-0.266765	55.245050	1.080053	0.007396	0.6
462	-0.273190	55.709338	1.073516	0.010090	0.6
463	-0.287781	55.047113	1.082864	0.014490	0.6
464	-0.269993	54.277917	1.093929	0.030463	0.6
465	-0.274577	53.357263	1.107473	0.026109	0.6
466	-0.263342	54.354802	1.092813	0.031333	0.6
467	-0.295889	55.354774	1.078501	0.024050	0.6
468	-0.270847	56.354774	1.064558	0.033041	0.6
469	-0.273901	57.292762	1.051804	0.020438	0.7
470	-0.285859	58.292762	1.038540	0.037137	0.7
471	-0.258165	57.371918	1.050742	0.031821	0.6
472	-0.278872	58.371918	1.037504	0.021340	0.6
473	-0.266057	59.371915	1.024595	0.006066	0.6
474	-0.257969	59.255933	1.026076	0.020317	0.6
475	-0.269627	60.024261	1.016346	0.028181	0.6
476	-0.267681	59.103988	1.028022	0.014456	0.7
477	-0.288124	58.629893	1.034143	0.034926	0.7
478	-0.260370	59.629435	1.021323	0.023231	0.7
479	-0.275015	60.044195	1.016096	0.019408	0.6
480	-0.279470	61.043793	1.003716	0.027614	0.6
481	-0.295331	60.122888	1.015110	0.017659	0.7
482	-0.288156	61.121316	1.002769	0.028388	0.7
483	-0.286997	60.200392	1.014141	0.015860	0.7
484	-0.282798	59.279523	1.025774	0.021464	0.7
485	-0.284069	60.278955	1.013161	0.020365	0.7
486	-0.291433	60.281575	1.013128	0.029789	0.6
487	-0.279878	61.276305	1.000880	0.007828	0.7
488	-0.307071	60.385868	1.011830	0.025721	0.7
489	-0.288013	59.655192	1.020997	0.032049	0.7
490	-0.265228	60.649888	1.008558	0.025633	0.7
491	-0.286681	61.549361	0.997569	0.024993	0.7
492	-0.259837	60.628437	1.008823	0.014090	0.7
493	-0.274241	61.627946	0.996620	0.016607	0.6
494	-0.289840	62.431752	0.987018	0.014720	0.6
495	-0.256258	62.700902	0.983845	0.016599	0.7
496	-0.268078	63.133060	0.978791	0.029828	0.6
497	-0.277332	64.121654	0.967423	0.023516	0.7
498	-0.286186	65.116000	0.956253	0.021232	0.6
499	-0.267789	64.195107	0.966589	0.018362	0.6
500	-0.276152	63.274255	0.977151	0.031355	0.6
501	-0.276690	64.274248	0.965692	0.010693	0.6
502	-0.260596	65.270506	0.954540	0.038421	0.6
503	-0.262146	64.349664	0.964839	0.016282	0.7
504	-0.285495	63.497705	0.974567	0.029855	0.7
505	-0.282538	62.670364	0.984204	0.029465	0.6
506	-0.266479	63.670364	0.972580	0.014807	0.6
507	-0.259077	64.670313	0.961228	0.021098	0.6
508	-0.271603	63.749809	0.971668	0.022874	0.6
509	-0.294335	62.828927	0.982342	0.021455	0.7
510	-0.257996	63.828923	0.970762	0.018305	0.7
511	-0.261787	64.261003	0.965842	0.027405	0.7
512	-0.264388	63.340406	0.976385	0.026845	0.7
513	-0.272677	64.338486	0.964965	0.031908	0.6
514	-0.286733	63.417562	0.975492	0.019164	0.7
515	-0.285014	62.496642	0.986251	0.019077	0.7
516	-0.293284	63.494838	0.974600	0.022983	0.6
517	-0.284329	62.585007	0.985209	0.028690	0.7
518	-0.281546	61.665454	0.996168	0.012598	0.7
519	-0.297070	61.231252	1.001428	0.024706	0.6
520	-0.291635	62.222903	0.989495	0.013705	0.6
521	-0.264566	62.042382	0.991646	0.042479	0.6
522	-0.277466	63.040639	0.979867	0.020373	0.7
523	-0.278284	62.121923	0.990697	0.014398	0.6
524	-0.275465	61.224003	1.001516	0.017849	0.6
525	-0.275113	61.917708	0.993137	0.017823	0.6
526	-0.282674	61.278088	1.000858	0.024015	0.6
527	-0.289068	60.733779	1.007523	0.008936	0.6
528	-0.280785	59.830463	1.018783	0.005502	0.6
529	-0.265898	59.857837	1.018438	0.022519	0.6
530	-0.280522	60.076586	1.015690	0.020806	0.7
531	-0.282471	59.489612	1.023097	0.018065	0.7
532	-0.269921	59.377309	1.024526	0.024844	0.7
533	-0.305469	60.377274	1.011937	0.023438	0.7
534	-0.278827	59.456508	1.023518	0.012937	0.6
535	-0.280254	60.446319	1.011079	0.020955	0.6
536	-0.254321	61.286417	1.000757	0.013665	0.6
537	-0.283399	60.519478	1.010172	0.033036	0.7
538	-0.284445	61.321861	1.000326	0.024670	0.6
539	-0.289660	62.321827	0.988321	0.019157	0.6
540	-0.276990	61.602398	0.996928	0.020820	0.6
541	-0.301829	61.937125	0.992905	0.030467	0.6
542	-0.260549	61.016201	1.004054	0.013966	0.7
543	-0.270322	61.858336	0.993849	0.020911	0.7
544	-0.280724	60.959730	1.004746	0.024615	0.6
545	-0.289243	60.045197	1.016083	0.026863	0.6
546	-0.270682	60.783443	1.006911	0.035310	0.7
547	-0.282515	61.783297	0.994750	0.022324	0.6
548	-0.274549	60.877802	1.005751	0.018351	0.7
549	-0.279709	61.714068	0.995582	0.028705	0.6
550	-0.319523	62.332928	0.988189	0.015602	0.6
551	-0.272860	61.412516	0.999225	0.033187	0.7
552	-0.284228	61.047552	1.003670	0.028647	0.9
553	-0.285831	62.047407	0.991586	0.014995	0.7
554	-0.262749	61.195199	1.001867	0.020346	0.6
555	-0.257490	60.458929	1.010923	0.040060	0.6
556	-0.282390	59.538005	1.022482	0.013883	0.7
557	-0.290594	58.619714	1.034275	0.014404	0.6
558	-0.293440	58.579653	1.034796	0.022885	0.6
559	-0.286518	57.660615	1.046886	0.017970	0.6
560	-0.284295	56.739702	1.059287	0.029076	0.6
561	-0.275424	57.725667	1.046021	0.009982	0.6
562	-0.265245	58.690410	1.033357	0.026032	0.7
563	-0.291744	57.796128	1.045085	0.020106	0.6
564	-0.284779	58.714175	1.033049	0.026964	0.6
565	-0.250787	59.700544	1.020423	0.014291	0.6
566	-0.263927	59.543967	1.022406	0.026208	0.7
567	-0.277042	60.543900	1.009869	0.008549	0.7
568	-0.298160	59.888069	1.018057	0.005941	0.6
569	-0.298223	59.804551	1.019109	0.024007	0.6
570	-0.258809	60.154233	1.014718	0.024915	0.6
571	-0.291827	61.154078	1.002369	0.022179	0.6
572	-0.286014	62.053159	0.991518	0.007406	0.7
573	-0.270526	62.320399	0.988338	0.027451	0.8
574	-0.255807	61.425813	0.999064	0.027526	0.7
575	-0.282402	60.504889	1.010353	0.022844	0.7
576	-0.277575	61.491681	0.998266	0.014110	0.7
577	-0.264353	62.491417	0.986313	0.013493	0.7
578	-0.253790	61.712613	0.995600	0.019029	0.6
579	-0.264169	62.628052	0.984702	0.033841	0.6
580	-0.265118	61.907541	0.993259	0.013048	0.6
581	-0.275249	60.987424	1.004406	0.020019	0.6
582	-0.244036	61.935431	0.992925	0.026963	0.7
583	-0.296877	61.037867	1.003789	0.017676	0.6
584	-0.280145	60.218864	1.013911	0.018023	0.6
585	-0.285376	59.299263	1.025522	0.010334	0.6
586	-0.273252	58.386962	1.037307	0.012084	0.6
587	-0.292028	58.909494	1.030524	0.028522	0.7
588	-0.304884	57.988974	1.042534	0.011263	0.6
589	-0.255913	57.304392	1.051648	0.010882	0.6
590	-0.280484	58.193084	1.039847	0.012937	0.6
591	-0.270119	57.533118	1.048585	0.033412	0.8
592	-0.293740	57.186770	1.053230	0.003112	0.8
593	-0.291306	56.670817	1.060227	0.021813	0.7
594	-0.272106	57.017553	1.055515	0.025054	0.7
595	-0.286855	57.958705	1.042933	0.020218	0.6
596	-0.260939	57.230115	1.052647	0.021371	0.6
597	-0.283225	56.357050	1.064527	0.017821	0.6
598	-0.273224	55.440701	1.077288	0.021066	0.6
599	-0.296345	54.975199	1.083889	0.017341	0.7
600	-0.271713	55.687170	1.073826	0.017853	0.6
601	-0.283420	54.972893	1.083922	0.029052	0.6
602	-0.285681	54.070389	1.096953	0.025783	0.6
603	-0.275706	55.070388	1.082533	0.019026	0.7
604	-0.284531	56.070381	1.068487	0.036345	0.7
605	-0.269908	57.070011	1.054805	0.017097	0.6
606	-0.272855	58.069982	1.041466	0.026469	0.7
607	-0.277132	57.150175	1.053723	0.021917	0.6
608	-0.277410	56.242307	1.066108	0.025836	0.6
609	-0.283806	57.241436	1.052494	0.020516	0.7
610	-0.272933	56.320550	1.065030	0.019337	0.7
611	-0.273447	57.317606	1.051471	0.032114	0.8
612	-0.290125	56.396684	1.063982	0.025285	0.6
613	-0.260848	55.475759	1.076794	0.018039	0.7
614	-0.257127	54.571499	1.089679	0.019061	0.6
615	-0.271677	55.557213	1.075649	0.031573	0.7
616	-0.269402	56.544628	1.061952	0.029959	0.6
617	-0.279116	55.626317	1.074679	0.032749	0.6
618	-0.281720	54.705420	1.087751	0.008801	0.6
619	-0.292601	54.665495	1.088325	0.023966	0.6
620	-0.279773	55.482473	1.076700	0.009438	0.7
621	-0.276981	54.935257	1.084459	0.015388	0.7
622	-0.298950	54.462180	1.091258	0.011768	0.6
623	-0.268522	55.354002	1.078512	0.030622	0.6
624	-0.268273	56.352248	1.064593	0.024485	0.7
625	-0.263270	55.431323	1.077421	0.021129	0.6
626	-0.269398	56.431273	1.063507	0.006460	0.7
627	-0.289869	57.047418	1.055111	0.017099	0.7
628	-0.268613	57.386817	1.050542	0.029906	0.8
629	-0.270336	56.467505	1.063009	0.015770	0.7
630	-0.257339	57.467461	1.049463	0.018757	0.7
631	-0.248992	56.573426	1.061558	0.015022	0.7
632	-0.255321	57.454200	1.049640	0.020742	0.6
633	-0.276019	56.677723	1.060132	0.021066	0.7
634	-0.274454	57.674127	1.046706	0.019858	0.6
635	-0.230029	58.628009	1.034167	0.013978	0.6
636	-0.258492	59.624868	1.021381	0.018760	0.7
637	-0.261678	59.545282	1.022390	0.016968	0.7
638	-0.273721	60.533885	1.009993	0.019404	0.6
639	-0.263964	61.532855	0.997768	0.014227	0.8
640	-0.274669	60.935154	1.005047	0.016388	0.6
641	-0.275108	60.166600	1.014564	0.016029	0.6
642	-0.277680	60.323936	1.012601	0.027001	0.6
643	-0.285047	59.428143	1.023879	0.039817	0.7
644	-0.271283	60.427756	1.011310	0.019078	0.6
645	-0.253348	59.717424	1.020209	0.018383	0.6
646	-0.282063	59.748395	1.019818	0.004577	0.7
647	-0.284158	59.347053	1.024912	0.031352	0.6
648	-0.265947	59.103557	1.028028	0.017742	0.7
649	-0.284667	58.413755	1.036957	0.012748	0.7
650	-0.259830	59.402156	1.024210	0.018638	0.6
651	-0.272737	60.396881	1.011693	0.024333	0.8
652	-0.277111	59.476806	1.023260	0.037693	0.7
653	-0.278258	60.474382	1.010731	0.014679	0.6
654	-0.276059	61.474079	0.998479	0.018900	0.6
655	-0.266573	61.322839	1.000314	0.016045	0.6
656	-0.279676	61.977176	0.992426	0.027879	0.6
657	-0.270431	61.057107	1.003553	0.012398	0.7
658	-0.248432	62.056800	0.991474	0.014974	0.6
659	-0.265178	63.013508	0.980184	0.014376	0.6
660	-0.276382	64.008304	0.968713	0.014271	0.6
661	-0.281093	63.096577	0.979216	0.025316	0.6
662	-0.279709	64.039080	0.968363	0.010238	0.6
663	-0.273204	64.869352	0.959000	0.021787	0.7
664	-0.282846	65.779907	0.948937	0.012206	0.7
665	-0.293061	64.860914	0.959094	0.015036	0.7
666	-0.275844	65.764793	0.949102	0.020477	0.7
667	-0.262173	64.846211	0.959258	0.020760	0.7
668	-0.279399	65.831246	0.948376	0.014027	0.6
669	-0.247504	66.780747	0.938118	0.011618	0.6
670	-0.249184	66.057564	0.945911	0.018794	0.7
671	-0.262229	65.209758	0.955213	0.020303	0.7
672	-0.291269	64.294625	0.965461	0.015023	0.6
673	-0.267565	65.239555	0.954883	0.010953	0.7
674	-0.277441	64.878606	0.958896	0.027771	0.6
675	-0.287450	63.958652	0.969279	0.032762	0.7
676	-0.258498	64.958652	0.958003	0.023439	0.6
677	-0.256646	65.958644	0.946987	0.019578	0.7
678	-0.302137	65.401681	0.953091	0.015969	0.7
679	-0.273563	64.483652	0.963327	0.023164	0.7
680	-0.291868	64.100100	0.967668	0.018873	0.6
681	-0.250930	64.905859	0.958592	0.014354	0.6
682	-0.254511	65.869313	0.947960	0.022723	0.7
683	-0.273269	64.951987	0.958078	0.012401	0.7
684	-0.289598	64.326230	0.965104	0.019400	0.7
685	-0.263851	65.098213	0.956450	0.014738	0.6
686	-0.301813	66.023742	0.946278	0.021221	0.6
687	-0.293853	66.914994	0.936685	0.019275	0.6
688	-0.300177	67.914820	0.926152	0.012085	0.6
689	-0.283631	67.069576	0.935041	0.019788	0.7
690	-0.281157	68.067063	0.924569	0.021080	0.6
691	-0.271037	69.067047	0.914304	0.014585	0.7
692	-0.267883	68.166109	0.923542	0.021945	0.7
693	-0.299075	68.140807	0.923804	0.016600	0.6
694	-0.278364	69.137941	0.913585	0.036720	0.7
695	-0.287916	70.137939	0.903561	0.007841	0.7
696	-0.271000	70.664425	0.898371	0.011020	0.7
697	-0.267309	70.578889	0.899210	0.023922	0.8
698	-0.286737	69.659553	0.908329	0.013058	0.7
699	-0.270613	70.658838	0.898426	0.013928	0.6
700	-0.287234	70.285203	0.902103	0.024076	0.6
701	-0.272807	71.280726	0.892371	0.021120	0.7
702	-0.275105	72.280552	0.882806	0.014602	0.7
703	-0.283075	71.365068	0.891556	0.021488	0.7
704	-0.261429	72.364771	0.882010	0.017063	0.6
705	-0.276489	73.364710	0.872664	0.022797	0.6
706	-0.264868	74.337450	0.863760	0.012556	0.6
707	-0.278624	74.565498	0.861699	0.012889	0.6
708	-0.303569	73.671669	0.869834	0.011164	0.6
709	-0.283559	73.193138	0.874253	0.018680	0.7
710	-0.286082	73.456969	0.871812	0.010970	0.7
711	-0.276314	72.548774	0.880275	0.010283	0.6
712	-0.272256	72.669230	0.879143	0.017885	0.7
713	-0.262754	73.201404	0.874177	0.011602	0.7
714	-0.278364	72.426887	0.881424	0.022198	0.6
715	-0.268526	73.411576	0.872231	0.017100	0.6
716	-0.263061	74.411081	0.863093	0.023376	0.6
717	-0.263494	73.537281	0.871071	0.009460	0.6
718	-0.267046	74.526494	0.862051	0.030689	0.6
719	-0.273760	73.614135	0.870363	0.026232	0.8
720	-0.272030	74.587119	0.861504	0.013916	0.7
721	-0.261494	75.332130	0.854841	0.030388	0.7
722	-0.277060	76.331966	0.846060	0.038688	0.7
723	-0.284314	75.411041	0.854142	0.015832	0.7
724	-0.292648	74.490884	0.862372	0.019771	0.6
725	-0.285737	73.877048	0.867951	0.019124	0.6
726	-0.293364	72.956158	0.876459	0.019626	0.6
727	-0.288842	72.165319	0.883898	0.018135	0.7
728	-0.272794	73.165170	0.874513	0.016741	0.6
729	-0.265190	72.489773	0.880831	0.013226	0.6
730	-0.278747	73.389525	0.872434	0.031613	0.7
731	-0.270991	74.376572	0.863406	0.023183	0.6
732	-0.267632	75.376569	0.854447	0.018661	0.6
733	-0.287706	74.500104	0.862289	0.026557	0.6
734	-0.276516	75.500026	0.853354	0.013450	0.6
735	-0.284346	76.480224	0.844773	0.011986	0.6
736	-0.289029	76.514479	0.844476	0.022785	0.7
737	-0.286299	75.618500	0.852308	0.018455	0.8
738	-0.277496	74.697844	0.860507	0.025238	0.7
739	-0.261318	75.697656	0.851610	0.034091	0.7
740	-0.295518	76.688370	0.842973	0.015204	0.7
741	-0.264684	75.770665	0.850967	0.029902	0.6
742	-0.262568	76.770655	0.842264	0.012405	0.7
743	-0.262341	76.318763	0.846175	0.031507	0.6
744	-0.268932	75.522180	0.853158	0.017561	0.6
745	-0.281040	74.601264	0.861376	0.018807	0.7
746	-0.253589	75.420136	0.854061	0.015582	0.6
747	-0.274614	74.499628	0.862293	0.025902	0.6
748	-0.291672	73.586757	0.870615	0.024141	0.6
749	-0.264501	74.555924	0.861785	0.031177	0.6
750	-0.312792	75.484789	0.853489	0.021109	0.6
751	-0.272387	76.484767	0.844734	0.019247	0.7
752	-0.272691	77.026689	0.840064	0.033961	0.7
753	-0.271002	76.106406	0.848025	0.025201	0.6
754	-0.266023	77.106405	0.839381	0.015177	0.6
755	-0.279801	76.185652	0.847334	0.021002	0.6
756	-0.269014	77.136376	0.839125	0.022366	0.6
757	-0.263799	76.215963	0.847069	0.013643	0.7
758	-0.283293	77.215647	0.838448	0.016258	0.8
759	-0.282261	77.753350	0.833882	0.028659	0.7
760	-0.266918	78.753314	0.825523	0.029754	0.7
761	-0.260476	77.833918	0.833203	0.021434	0.6
762	-0.265938	76.913031	0.841039	0.027942	0.6
763	-0.288431	77.913029	0.832536	0.012032	0.6
764	-0.271391	78.912775	0.824206	0.017202	0.7
765	-0.293176	79.219613	0.821682	0.027173	0.6
766	-0.268513	80.204733	0.813684	0.012860	0.6
767	-0.266901	79.284289	0.821152	0.015696	0.6
768	-0.285304	80.212640	0.813620	0.024192	0.7
769	-0.270198	80.630160	0.810278	0.022857	0.6
770	-0.260019	81.629172	0.802391	0.015479	0.7
771	-0.284717	81.084337	0.806673	0.016102	0.8
772	-0.286082	80.216620	0.813588	0.037670	0.7
773	-0.267722	80.579189	0.810685	0.036347	0.7
774	-0.286493	81.579189	0.802782	0.012929	0.7
775	-0.280092	82.340726	0.796866	0.023012	0.7
776	-0.287567	81.477374	0.803579	0.020046	0.6
777	-0.267214	80.562317	0.810819	0.021608	0.7
778	-0.270499	81.560585	0.802927	0.009591	0.7
779	-0.289178	82.542904	0.795310	0.028377	0.6
780	-0.289694	83.488825	0.788110	0.017286	0.6
781	-0.280919	82.567902	0.795118	0.016874	0.7
782	-0.267575	83.566431	0.787525	0.013309	0.7
783	-0.280824	84.563064	0.780090	0.027481	0.7
784	-0.249268	85.558865	0.772800	0.015325	0.6
785	-0.276297	86.535178	0.765784	0.009654	0.6
786	-0.274532	86.949791	0.762842	0.023676	0.7
787	-0.280328	86.031076	0.769390	0.006681	0.7
788	-0.294652	85.810245	0.770981	0.018491	0.7
789	-0.270402	85.136468	0.775875	0.022315	0.7
790	-0.275737	84.215687	0.782665	0.024450	0.7
791	-0.283149	85.214932	0.775302	0.019765	0.7
792	-0.277191	86.213932	0.768078	0.018901	0.7
793	-0.276987	85.294502	0.774722	0.014947	0.7
794	-0.260915	84.377170	0.781466	0.046292	0.9
795	-0.277651	85.365921	0.774202	0.021743	0.8
796	-0.275908	86.247507	0.767838	0.017802	0.7
797	-0.268426	85.381923	0.774085	0.033292	0.7
798	-0.281844	84.576309	0.779992	0.018360	0.7
799	-0.282746	85.571446	0.772709	0.019989	0.7
800	-0.294922	85.725496	0.771593	0.022822	0.7
801	-0.271044	85.301585	0.774670	0.006669	0.7
802	-0.315682	85.714961	0.771669	0.018320	0.7
803	-0.287498	84.991333	0.776938	0.021701	0.7
804	-0.283483	85.989065	0.769692	0.017359	0.7
805	-0.267105	85.663137	0.772044	0.007127	0.7
806	-0.269198	84.940181	0.777313	0.007448	0.6
807	-0.254067	84.611495	0.779732	0.028626	0.6
808	-0.278553	85.388061	0.774041	0.020005	0.6
809	-0.300432	84.619542	0.779673	0.037226	0.6
810	-0.281285	85.601980	0.772487	0.024642	0.7
811	-0.282112	86.601980	0.765308	0.018015	0.6
812	-0.280006	86.240662	0.767887	0.026209	0.7
813	-0.287356	85.491624	0.773288	0.033424	0.7
814	-0.250664	86.491618	0.766094	0.031436	0.7
815	-0.272714	85.777509	0.771217	0.020399	0.7
816	-0.286617	86.777472	0.764062	0.026899	0.7
817	-0.266613	87.719712	0.757440	0.010140	0.6
818	-0.294296	88.055225	0.755110	0.011682	0.6
819	-0.282482	88.947943	0.748979	0.019557	0.6
820	-0.293510	89.932625	0.742331	0.008518	0.6
821	-0.270743	89.987388	0.741964	0.036912	0.7
822	-0.262203	90.148715	0.740887	0.017967	0.6
823	-0.272666	91.148715	0.734281	0.022452	0.6
824	-0.268480	92.097782	0.728119	0.015587	0.6
825	-0.273303	91.290762	0.733352	0.016024	0.6
826	-0.278814	91.738134	0.730442	0.017514	0.7
827	-0.290180	92.717138	0.724154	0.028092	0.7
828	-0.290748	91.845002	0.729750	0.025749	0.7
829	-0.265512	92.845002	0.723340	0.025374	0.7
830	-0.280790	92.958266	0.722621	0.012518	0.9
831	-0.284777	92.333158	0.726607	0.035910	0.8
832	-0.273990	93.283174	0.720567	0.017498	0.8
833	-0.267326	92.362252	0.726421	0.035807	0.7
834	-0.273590	91.441552	0.732369	0.011392	0.7
835	-0.280484	92.295206	0.726850	0.030813	0.6
836	-0.278719	93.282886	0.720569	0.022704	0.7
837	-0.294060	92.362088	0.726422	0.013500	0.6
838	-0.287103	93.357845	0.720096	0.018425	0.6
839	-0.269071	94.310523	0.714147	0.019460	0.7
840	-0.274068	93.389965	0.719894	0.020716	0.7
841	-0.281767	94.378595	0.713726	0.011186	0.6
842	-0.290116	95.364929	0.707676	0.027594	0.6
843	-0.260353	95.445584	0.707186	0.012775	0.6
844	-0.293640	94.671279	0.711920	0.016853	0.6
845	-0.271219	93.758631	0.717582	0.009632	0.6
846	-0.273921	94.372363	0.713764	0.018783	0.6
847	-0.280317	95.334901	0.707859	0.026389	0.6
848	-0.269414	96.334880	0.701826	0.018778	0.6
849	-0.271247	95.489927	0.706917	0.029131	0.6
850	-0.272754	96.484777	0.700931	0.016350	0.7
851	-0.261730	95.563869	0.706468	0.024166	0.7
852	-0.278232	94.678094	0.711878	0.023400	0.7
853	-0.276795	95.678087	0.705777	0.029701	0.6
854	-0.281501	94.774986	0.711282	0.018862	0.7
855	-0.286211	93.855053	0.716979	0.019979	0.6
856	-0.268035	94.841720	0.710872	0.025723	0.6
857	-0.274407	93.920882	0.716568	0.012813	0.6
858	-0.282468	94.913263	0.710434	0.013891	0.7
859	-0.285135	94.827136	0.710962	0.016689	0.6
860	-0.275716	93.920425	0.716571	0.046463	0.6
861	-0.257673	94.920404	0.710390	0.028568	0.6
862	-0.259750	95.920404	0.704314	0.013413	0.6
863	-0.266675	95.046851	0.709616	0.005063	0.6
864	-0.304075	94.907421	0.710469	0.042194	0.6
865	-0.267032	94.744453	0.711470	0.006126	0.6
866	-0.266053	95.723531	0.705502	0.026509	0.6
867	-0.274177	96.272017	0.702202	0.028926	0.7
868	-0.269025	95.406200	0.707425	0.022646	0.9
869	-0.261149	96.406200	0.701400	0.022858	0.7
870	-0.273352	95.539748	0.706614	0.034713	0.8
871	-0.267545	96.539731	0.700603	0.020416	0.7
872	-0.284566	97.539730	0.694693	0.029531	0.7
873	-0.261756	96.618859	0.700132	0.029375	0.7
874	-0.280499	95.697937	0.705657	0.030014	0.7
875	-0.277238	96.697937	0.699661	0.025845	0.6
876	-0.271632	95.777013	0.705179	0.014066	0.7
877	-0.276478	96.776835	0.699192	0.021277	0.8
878	-0.281168	96.895255	0.698490	0.004452	0.7
879	-0.263430	96.161586	0.702864	0.019679	0.7
880	-0.283235	95.464593	0.707070	0.015778	0.6
881	-0.272722	94.552919	0.712649	0.036189	0.6
882	-0.287556	93.633211	0.718367	0.008670	0.6
883	-0.272684	94.621829	0.712224	0.019218	0.7
884	-0.278214	93.717182	0.717841	0.023885	0.7
885	-0.268991	92.796286	0.723650	0.013725	0.6
886	-0.279526	93.754869	0.717605	0.025123	0.8
887	-0.273092	93.023452	0.722208	0.031088	0.6
888	-0.256297	94.023451	0.715929	0.019874	0.7
889	-0.273705	95.001110	0.709896	0.015817	0.8
890	-0.283395	95.998162	0.703846	0.024352	0.7
891	-0.262079	96.976144	0.698011	0.015620	0.7
892	-0.259970	97.056749	0.697535	0.027651	0.6
893	-0.282593	96.424074	0.701293	0.027767	0.7
894	-0.281073	97.424073	0.695371	0.018351	0.6
895	-0.253645	98.420598	0.689568	0.028161	0.8
896	-0.276701	99.130958	0.685491	0.026079	0.7
897	-0.277152	98.210037	0.690786	0.019257	0.7
898	-0.298743	99.210028	0.685040	0.015129	0.7
899	-0.278507	98.291581	0.690314	0.018314	0.6
900	-0.285562	97.375978	0.695654	0.017022	0.7
901	-0.270833	96.735253	0.699439	0.017362	0.6
902	-0.286786	97.724234	0.693613	0.026008	0.6
903	-0.266185	98.309762	0.690209	0.015226	0.7
904	-0.276760	99.211776	0.685030	0.023411	0.6
905	-0.284722	100.209381	0.679392	0.015857	0.7
906	-0.275702	101.209191	0.673834	0.012815	0.7
907	-0.277273	100.448403	0.678055	0.020460	0.8
908	-0.252692	101.337529	0.673127	0.016713	0.7
909	-0.288971	100.515092	0.677683	0.016827	0.7
910	-0.273326	101.373849	0.672927	0.010933	0.7
911	-0.271514	100.467611	0.677948	0.030455	0.7
912	-0.275660	99.547247	0.683124	0.023475	0.9
913	-0.287057	100.547174	0.677504	0.018339	0.6
914	-0.255036	99.861201	0.681349	0.017884	0.7
915	-0.295214	99.089422	0.685728	0.008606	0.6
916	-0.280921	98.675502	0.688100	0.028334	0.6
917	-0.274649	99.637810	0.682611	0.019557	0.6
918	-0.269650	100.637564	0.677000	0.006494	0.6
919	-0.245483	100.683617	0.676744	0.024218	0.7
920	-0.244425	101.583135	0.671778	0.023854	0.7
921	-0.257737	100.669800	0.676821	0.025598	0.7
922	-0.274732	99.748921	0.681983	0.019324	0.7
923	-0.291714	98.828234	0.687223	0.020612	0.6
924	-0.265292	99.818595	0.681589	0.027784	0.7
925	-0.294193	100.794234	0.676130	0.015558	0.7
926	-0.277765	99.958961	0.680798	0.010917	0.7
927	-0.264324	100.881040	0.675648	0.007875	0.7
928	-0.264719	101.069222	0.674606	0.027459	0.7
929	-0.276204	100.176782	0.679575	0.025512	0.7
930	-0.276872	100.308931	0.678834	0.021160	0.7
931	-0.293015	101.170424	0.674048	0.017210	0.6
932	-0.289042	100.253102	0.679147	0.017590	0.6
933	-0.250658	99.721382	0.682138	0.014042	0.6
934	-0.284320	99.688232	0.682326	0.014389	0.6
935	-0.265678	99.206887	0.685058	0.025264	0.7
936	-0.268691	98.690587	0.688013	0.023920	0.6
937	-0.256013	99.690577	0.682312	0.016751	0.7
938	-0.271882	98.769988	0.687557	0.016633	0.6
939	-0.270141	99.594933	0.682854	0.017187	0.7
940	-0.269604	100.579630	0.677323	0.030234	0.6
941	-0.276864	101.579629	0.671797	0.023380	0.6
942	-0.292340	102.543943	0.666554	0.009668	0.7
943	-0.266974	103.401270	0.661960	0.022127	0.7
944	-0.256752	102.505532	0.666761	0.014399	0.7
945	-0.281095	103.504850	0.661409	0.010669	0.6
946	-0.260409	102.621068	0.666138	0.029778	0.6
947	-0.268542	101.703592	0.671119	0.013924	0.6
948	-0.294233	102.700099	0.665712	0.027860	0.7
949	-0.260111	101.789887	0.670647	0.014369	0.8
950	-0.252457	102.668806	0.665881	0.013947	0.6
951	-0.269910	103.564486	0.661093	0.019180	0.6
952	-0.279998	102.825395	0.665039	0.022095	0.6
953	-0.268047	103.086902	0.663637	0.020053	0.6
954	-0.277279	103.814665	0.659768	0.015227	0.6
955	-0.272925	104.811630	0.654539	0.026133	0.6
956	-0.263940	103.906800	0.659281	0.008564	0.6
957	-0.279363	104.741259	0.654906	0.029418	0.6
958	-0.284373	103.823852	0.659719	0.019135	0.6
959	-0.264350	102.902930	0.664622	0.015311	0.6
960	-0.285194	103.902165	0.659305	0.017519	0.6
961	-0.289594	103.061236	0.663774	0.021554	0.7
962	-0.263800	102.713475	0.665640	0.020210	0.7
963	-0.287864	101.796205	0.670613	0.011159	0.7
964	-0.254292	101.248713	0.673616	0.024608	0.7
965	-0.262693	100.338461	0.678669	0.024860	0.6
966	-0.290593	101.338459	0.673122	0.044215	0.6
967	-0.286936	100.418559	0.678221	0.029057	0.7
968	-0.265034	101.401731	0.672774	0.023321	0.7
969	-0.261358	100.644869	0.676960	0.015572	0.7
970	-0.259029	101.644723	0.671441	0.034025	0.6
971	-0.276012	100.872047	0.675698	0.022391	0.6
972	-0.273473	99.951653	0.680840	0.021115	0.6
973	-0.266167	99.030742	0.686063	0.009394	0.6
974	-0.287493	100.020748	0.680451	0.024846	0.6
975	-0.302282	100.990528	0.675042	0.021379	0.6
976	-0.279140	101.811747	0.670528	0.016379	0.6
977	-0.268735	102.811506	0.665113	0.012928	0.6
978	-0.293471	101.908030	0.670002	0.004807	0.6
979	-0.242295	101.564179	0.671882	0.018996	0.6
980	-0.294933	102.296945	0.667889	0.026557	0.7
981	-0.276745	101.376852	0.672911	0.026495	0.6
982	-0.252901	100.499969	0.677767	0.033861	0.6
983	-0.276468	101.483433	0.672325	0.021302	0.7
984	-0.287143	100.562514	0.677418	0.014164	0.8
985	-0.310769	101.557740	0.671917	0.019173	0.7
986	-0.276338	102.543008	0.666559	0.018418	0.7
987	-0.270936	101.622372	0.671563	0.010519	0.7
988	-0.289929	102.084732	0.669041	0.027143	0.7
989	-0.279787	102.722675	0.665591	0.019086	0.7
990	-0.263219	101.818007	0.670493	0.036999	0.6
991	-0.255291	102.816288	0.665088	0.022984	0.6
992	-0.266782	103.816208	0.659759	0.024069	0.6
993	-0.272122	102.897938	0.664649	0.021144	0.7
994	-0.289094	101.977109	0.669626	0.016627	0.6
995	-0.286785	102.962152	0.664305	0.024222	0.6
996	-0.272576	103.626688	0.660763	0.026082	0.6
997	-0.274437	104.626668	0.655503	0.015294	0.7
998	-0.303991	105.367092	0.651662	0.032125	0.6
999	-0.282083	106.366361	0.646550	0.027433	0.7
Time spent in resolution 7 (ITK initialization and iterating): 0.901 s.
Stopping condition: Maximum number of iterations has been reached.
Settings of AdaptiveStochasticGradientDescent in resolution 7:
( SP_a 82.348675 )
( SP_A 20.000000 )
( SP_alpha 1.000000 )
( SigmoidMax 1.000000 )
( SigmoidMin -0.920925 )
( SigmoidScale 0.000033 )



=============== start of TransformParameterFile ===============
(CenterOfRotationPoint 679.5 773.5)
(Direction 1 0 0 1)
(FixedImageDimension 2)
(FixedInternalImagePixelType "float")
(HowToCombineTransforms "Compose")
(Index 0 0)
(InitialTransformParametersFileName "NoInitialTransform")
(MovingImageDimension 2)
(MovingInternalImagePixelType "float")
(NumberOfParameters 4)
(Origin 0 0)
(Size 1360 1548)
(Spacing 1 1)
(Transform "SimilarityTransform")
(TransformParameters 0.9998906942000895 -0.002710262150676934 4.474686509710947 -5.067730253700943)
(UseDirectionCosines "true")

// ResampleInterpolator specific
(FinalBSplineInterpolationOrder 3)
(ResampleInterpolator "FinalBSplineInterpolator")

// Resampler specific
(CompressResultImage "false")
(DefaultPixelValue 0)
(Resampler "DefaultResampler")
(ResultImageFormat "mhd")
(ResultImagePixelType "short")

=============== end of TransformParameterFile ===============

Creating the TransformParameterFile took 0.00s

Registration result checksum: 1907617346

Applying final transform ...
  Applying final transform took 0.08s

Final metric value  = -0.282083
Settings of AdaptiveStochasticGradientDescent for all resolutions:
( SP_a 3053.363945 1435.487891 1637.919997 858.929342 465.469072 516.525891 416.625063 82.348675 )
( SP_A 20.000000 20.000000 20.000000 20.000000 20.000000 20.000000 20.000000 20.000000 )
( SP_alpha 1.000000 1.000000 1.000000 1.000000 1.000000 1.000000 1.000000 1.000000 )
( SigmoidMax 1.000000 1.000000 1.000000 1.000000 1.000000 1.000000 1.000000 1.000000 )
( SigmoidMin -0.080320 -0.029823 -0.223765 -0.090726 -0.055699 -0.170397 -0.535948 -0.920925 )
( SigmoidScale 0.000000 0.000000 0.000000 0.000000 0.000001 0.000002 0.000005 0.000033 )

Time spent on saving the results, applying the final transform etc.: 90 ms.
Running elastix with parameter file 0: "Parameters_Similarity.txt", has finished.


Current time: Wed Apr 15 11:54:09 2026.
Time used for running elastix with this parameter file:
  6.6s.

-------------------------------------------------------------------------

Total time elapsed: 6.7s.

